timestamp,pump_id,temperature,vibration,pressure,flow_rate,power,label,anomaly_type
2026-01-01 00:00:00,P-101,63.929875297298054,2.3186202348958496,5.0711664555412925,100.99342830602248,11.552850959711328,0,normal
2026-01-01 00:01:00,P-101,64.4063508661395,1.9634092282707587,5.083484711365913,99.76116951730768,11.777738832824356,0,normal
2026-01-01 00:02:00,P-101,64.22144050814882,2.157550675170731,5.053602866596157,101.3707673625314,11.93772163752053,0,normal
2026-01-01 00:03:00,P-101,64.78828167387101,2.223335588302231,4.876191487331316,103.15913026082583,12.566695822159822,0,normal
2026-01-01 00:04:00,P-101,64.88052417834554,2.208389592372267,4.984390467448705,99.68242620509264,12.129611067286218,0,normal
2026-01-01 00:05:00,P-101,65.5328166038914,2.2045461535826556,4.9047443704535425,99.7200976446896,11.657732537065716,0,normal
2026-01-01 00:06:00,P-101,64.83228927054839,2.284404841066258,5.017635598642539,103.38440604759856,12.223041253782368,0,normal
2026-01-01 00:07:00,P-101,63.59835011226598,2.179107442024766,5.096384569370292,101.79842304795804,11.66712669420415,0,normal
2026-01-01 00:08:00,P-101,66.01266901905704,2.1684098488753727,5.018033430596835,99.36213637268374,12.25153685465228,0,normal
2026-01-01 00:09:00,P-101,64.30029969882769,2.147335754355802,5.106084161729719,101.42368924179236,11.9249295142993,0,normal
2026-01-01 00:10:00,P-101,64.93705001122319,2.12462139786876,5.021831956807763,99.449164315068,11.960065882267248,0,normal
2026-01-01 00:11:00,P-101,65.48359180668575,2.310300524060872,4.890953038475622,99.4819113649134,12.31590650283295,0,normal
2026-01-01 00:12:00,P-101,65.04218719358974,2.1077289398212566,4.807678252579125,100.93460131049432,11.706247147168767,0,normal
2026-01-01 00:13:00,P-101,65.69556803158112,2.2791405822764808,4.978518210997057,96.66135100626906,11.550560983909824,0,normal
2026-01-01 00:14:00,P-101,65.28974538422241,2.1905977485597092,4.953638217810904,97.07523351189975,11.766357173770492,0,normal
2026-01-01 00:15:00,P-101,64.40804104796754,2.149585512142919,4.916220029702202,99.43756888527524,12.242721779313086,0,normal
2026-01-01 00:16:00,P-101,66.57379674405614,2.2530772414971474,4.849684497036634,98.57346770087436,11.57736751215702,0,normal
2026-01-01 00:17:00,P-101,64.88742540279901,2.0792003580492793,4.9538657028717505,101.26451599495672,11.32989658032106,0,normal
2026-01-01 00:18:00,P-101,64.82329310244357,2.269227745354982,4.973008322528875,98.85676413180572,11.852913209351922,0,normal
2026-01-01 00:19:00,P-101,65.80093309349635,2.229251228924502,5.032119121780518,97.8848895884006,12.07448188762975,0,normal
2026-01-01 00:20:00,P-101,65.36371533811,2.1489603599797116,5.051864158518815,103.67736719933768,12.410386453414835,0,normal
2026-01-01 00:21:00,P-101,65.27703808115768,2.258143118690925,5.131955098952784,100.33097191789662,11.894138817015548,0,normal
2026-01-01 00:22:00,P-101,66.96405148476009,2.2618788028175785,4.926690797675647,100.95391221592784,11.925760714698834,0,normal
2026-01-01 00:23:00,P-101,64.87135966780134,2.3503344539978666,5.050540325514424,98.00556141498302,12.228642026013429,0,normal
2026-01-01 00:24:00,P-101,64.5564454263647,2.292269409186444,5.001807492407106,99.80235929568072,11.526635353946569,0,normal
2026-01-01 00:25:00,P-101,65.06819748604221,2.2558197170411836,5.067062491554933,101.14889616254456,11.937336691080583,0,normal
2026-01-01 00:26:00,P-101,65.86018526155226,2.065060649990877,4.951687247684527,98.66084367457702,12.007431282718574,0,normal
2026-01-01 00:27:00,P-101,63.86069290401931,2.5020704546023405,5.1032329766138504,101.7498546702603,12.164800320429068,0,normal
2026-01-01 00:28:00,P-101,63.37456643417594,2.024942448091026,5.02194449456448,99.83265138968596,11.86752786839286,0,normal
2026-01-01 00:29:00,P-101,64.53958206231312,2.31507086576503,4.950502882572112,100.4858481365532,12.023185697023058,0,normal
2026-01-01 00:30:00,P-101,63.44284042261441,2.2205014067590865,4.9980476820228965,99.90096043359524,11.374946974654607,0,normal
2026-01-01 00:31:00,P-101,64.6524368046131,2.058140650631469,5.029274467840865,104.84389365558329,11.980754706584037,0,normal
2026-01-01 00:32:00,P-101,65.46111614677132,2.1924734360680644,5.050605533561381,101.14712655103574,12.14779097466969,0,normal
2026-01-01 00:33:00,P-101,64.17829107512348,2.1769109243963034,4.896550834542332,99.09329744922918,11.727225414913208,0,normal
2026-01-01 00:34:00,P-101,63.89909575954013,2.3617395535179124,5.026534029502606,102.88821656718623,12.101392552412989,0,normal
2026-01-01 00:35:00,P-101,65.08618478634959,2.1182420740885384,5.019981085959478,98.83565057475316,12.07678764244327,0,normal
2026-01-01 00:36:00,P-101,65.67652876148591,2.166878345953299,5.019932609475066,101.72907448996231,11.966234934484428,0,normal
2026-01-01 00:37:00,P-101,63.6301773390925,1.9179411586356716,5.082013393556226,97.42580940051054,11.96539022476446,0,normal
2026-01-01 00:38:00,P-101,65.54458107192514,2.3942209293348733,5.04914549676636,98.7223674840676,11.720987883200875,0,normal
2026-01-01 00:39:00,P-101,65.65485384623986,2.0716699212437426,5.017459878943082,101.80583426823424,12.002522208123017,0,normal
2026-01-01 00:40:00,P-101,65.85935602887177,2.2512402971020102,5.046557069622773,102.92219418229595,12.240219867866184,0,normal
2026-01-01 00:41:00,P-101,66.01233249103849,2.1925246003260193,5.041862429988808,101.82091858702482,12.093870797852851,0,normal
2026-01-01 00:42:00,P-101,66.71831288925287,2.1828276026766464,5.045059698734654,101.2795730401308,11.89175437381294,0,normal
2026-01-01 00:43:00,P-101,64.74884133605582,2.301397810053389,4.863358472448491,100.94111121016594,12.084287437377675,0,normal
2026-01-01 00:44:00,P-101,65.14254000203573,2.4074118374831177,4.9620626954299425,98.61847990914904,12.137206844933624,0,normal
2026-01-01 00:45:00,P-101,64.4638686291616,2.2048066623630422,4.882922794226002,100.16779196814755,11.492548439400055,0,normal
2026-01-01 00:46:00,P-101,65.12610374827963,2.2941746461750365,5.109441530779591,100.71790549828324,12.31130568118747,0,normal
2026-01-01 00:47:00,P-101,66.23809166626377,2.2409411071265852,5.03298075141879,103.7848713019024,12.029482454386804,0,normal
2026-01-01 00:48:00,P-101,63.99520592729769,2.3310059601769537,5.008423158290802,102.3890434265172,12.178043786105572,0,normal
2026-01-01 00:49:00,P-101,64.40936460822655,2.1567255777065184,5.053810164558072,98.20663779954134,12.245510864897549,0,normal
2026-01-01 00:50:00,P-101,65.9935156638286,2.3155182308580895,5.057901220752661,102.411523695667,11.729427286562396,0,normal
2026-01-01 00:51:00,P-101,65.757367709939,2.325927296929852,4.919944742733062,101.02355038833991,11.853346261043312,0,normal
2026-01-01 00:52:00,P-101,64.68627917566843,2.3270025026822108,4.999027039922529,100.4699468924719,11.94196123280523,0,normal
2026-01-01 00:53:00,P-101,65.64206942578755,2.115600734030997,5.003955956311416,103.07693141695276,11.896369562227475,0,normal
2026-01-01 00:54:00,P-101,65.49380720912367,2.207403800782793,4.8998881002001555,103.945073128864,12.552086337825122,0,normal
2026-01-01 00:55:00,P-101,66.15984046430785,2.223688635792035,4.982526223415808,103.77483220747844,11.899051942767656,0,normal
2026-01-01 00:56:00,P-101,65.00720579117188,2.0289487191343283,4.987944102621314,100.26273283826306,11.868995290276176,0,normal
2026-01-01 00:57:00,P-101,65.85716058444504,2.3959722866386937,5.004317250636217,101.35133251555644,12.091637233367438,0,normal
2026-01-01 00:58:00,P-101,67.0253213253678,2.1874907906014527,4.9080271107569144,102.66056246510988,11.779279492434274,0,normal
2026-01-01 00:59:00,P-101,65.48663631700565,2.235090970633525,5.1319041334298765,103.9770886786078,12.020392482419169,0,normal
2026-01-01 01:00:00,P-101,65.08435137286604,2.136370572261506,5.00278468370964,101.09529284209547,12.112222100575408,0,normal
2026-01-01 01:01:00,P-101,65.56518725130786,2.039178400767342,5.0201006657739535,101.7096419641108,11.968074157827695,0,normal
2026-01-01 01:02:00,P-101,64.69717998708352,2.126191997948855,5.031004130681032,99.89527996138447,11.973511684116549,0,normal
2026-01-01 01:03:00,P-101,66.85434727857655,2.219301141785626,4.934375837522372,99.7421937834665,11.8599327853919,0,normal
2026-01-01 01:04:00,P-101,65.03804154387214,2.2675595467448617,5.074368265045137,103.78597871945212,11.734961784288371,0,normal
2026-01-01 01:05:00,P-101,64.87260529622638,2.230783978923176,5.019627887712604,104.89938593940587,12.227379881016986,0,normal
2026-01-01 01:06:00,P-101,64.53176433245567,2.2666463240079957,4.9489583478373635,102.06851910891385,12.500788841179226,0,normal
2026-01-01 01:07:00,P-101,65.93055498714817,2.1661541892711127,5.088324691788998,104.2448892320566,12.131947084657558,0,normal
2026-01-01 01:08:00,P-101,65.75210865629458,2.2668446687035013,5.14919417062718,102.98602619230358,12.145896815080995,0,normal
2026-01-01 01:09:00,P-101,64.6833538346663,2.388094610441006,5.067957230117107,100.99708802382408,12.20309332949394,0,normal
2026-01-01 01:10:00,P-101,65.3706399977154,2.273259598294861,5.104181514604676,103.0343309393442,11.773697304043653,0,normal
2026-01-01 01:11:00,P-101,64.02834421169428,2.3265436498734227,5.012464151851346,105.411460037633,12.587972465661393,0,normal
2026-01-01 01:12:00,P-101,65.19565589831909,2.241241897699366,4.895062553848423,102.28721321818996,12.1191985956514,0,normal
2026-01-01 01:13:00,P-101,65.59152587366113,2.048286490648019,5.174323586843703,105.51125850757153,12.573301979999425,0,normal
2026-01-01 01:14:00,P-101,66.25854307705217,2.0612249199998507,5.136013298616712,97.16521074643316,11.731698073511996,0,normal
2026-01-01 01:15:00,P-101,64.61400142197533,2.283417154099447,5.164133101820327,104.07085599187528,12.576641160395717,0,normal
2026-01-01 01:16:00,P-101,64.08631078902515,2.2123114252731666,4.999368243767899,102.62311188862788,12.272482230167531,0,normal
2026-01-01 01:17:00,P-101,64.36143263694865,2.262503022087824,4.926355083821228,101.87258309195354,12.194437514221695,0,normal
2026-01-01 01:18:00,P-101,63.98625135619128,2.408109079696691,4.941498476681019,102.67530925065844,12.13876539110804,0,normal
2026-01-01 01:19:00,P-101,66.02692237989083,2.281823881617977,4.850675857500122,98.53744629092463,11.893991234209128,0,normal
2026-01-01 01:20:00,P-101,66.38408828187659,2.369213450421309,5.012346110535506,102.09364000083102,12.362942114643396,0,normal
2026-01-01 01:21:00,P-101,65.30941575240476,2.2180170779922,5.161126322530672,103.26720858840756,12.13310622511424,0,normal
2026-01-01 01:22:00,P-101,65.84666940288618,2.086838299494124,5.043950670030861,105.528368058064,11.674083615845133,0,normal
2026-01-01 01:23:00,P-101,65.01411081607387,2.1814240748454887,5.039738130178174,101.5552298150312,11.767360279024189,0,normal
2026-01-01 01:24:00,P-101,64.91724887531878,2.102597056538628,5.119983397726559,100.9935640582222,11.98334548369848,0,normal
2026-01-01 01:25:00,P-101,64.7840746745091,2.393308491031707,4.983926434583033,101.62540595296252,12.126261924380264,0,normal
2026-01-01 01:26:00,P-101,64.79976049298446,2.300856089945071,5.207619295684657,104.477677914709,12.120183215216295,0,normal
2026-01-01 01:27:00,P-101,63.92351877272126,2.2826815018164544,5.1925866682573965,103.32191156576,12.404400044421216,0,normal
2026-01-01 01:28:00,P-101,65.03575767086105,2.326357416764269,5.005731131554759,101.6220038649197,11.560884649937934,0,normal
2026-01-01 01:29:00,P-101,65.02678867293038,1.9649752053949163,4.991044765087722,103.72475062092582,12.147639502754066,0,normal
2026-01-01 01:30:00,P-101,65.44939429179672,2.252214768227921,5.084865406272167,102.90863625609414,11.632764281336035,0,normal
2026-01-01 01:31:00,P-101,65.20680132141675,2.0592203214167086,5.018874083529699,104.66760789312076,12.329956310664665,0,normal
2026-01-01 01:32:00,P-101,64.87649057526181,2.1999610082487577,4.920891755935694,101.34161733010804,12.01663384129274,0,normal
2026-01-01 01:33:00,P-101,64.37027102818313,2.170998270427589,5.123552804770859,102.10537124890207,12.168063630473092,0,normal
2026-01-01 01:34:00,P-101,64.99522647716931,2.2715963794156204,5.117225944124557,101.99101531423906,11.843759719279731,0,normal
2026-01-01 01:35:00,P-101,65.71688387255551,2.243169235663138,5.011063923915089,99.8622995614005,12.315735219756451,0,normal
2026-01-01 01:36:00,P-101,64.23024400211678,2.379528460206399,4.932923093516735,103.39522738149898,12.362287987459682,0,normal
2026-01-01 01:37:00,P-101,65.16839317865364,2.140074112651717,4.935021021075824,103.3383121173214,12.246035439272614,0,normal
2026-01-01 01:38:00,P-101,65.2075530187888,2.2877335589516465,5.036970328283167,102.83919852096352,12.052796643913045,0,normal
2026-01-01 01:39:00,P-101,64.5119993494137,2.2302731830664,4.983731523721937,102.37212064823392,12.216127940770802,0,normal
2026-01-01 01:40:00,P-101,64.45929483605228,1.9949626525887492,4.972936846076518,100.02242806478463,11.823949699946702,0,normal
2026-01-01 01:41:00,P-101,65.29432388077956,2.103495425198059,5.101990082291892,102.0233029887092,12.274588004416453,0,normal
2026-01-01 01:42:00,P-101,64.28449291080628,2.205918351657387,5.080555708733791,102.1901363339986,12.478074313600938,0,normal
2026-01-01 01:43:00,P-101,65.40237836991322,2.34878001870122,5.123066699202959,101.28152847631502,12.306098494284248,0,normal
2026-01-01 01:44:00,P-101,64.24163913600992,2.250387096274013,4.946485877061497,102.5735734931678,11.89480658734318,0,normal
2026-01-01 01:45:00,P-101,65.93099090051807,2.0699883943957507,5.009683186475213,103.71385119701496,12.201769865228725,0,normal
2026-01-01 01:46:00,P-101,66.82119524594874,2.1770286838391057,5.12759120564846,106.68726700116508,11.87733262409529,0,normal
2026-01-01 01:47:00,P-101,64.40790642468438,2.454200757110895,5.068573629721265,103.27273624402342,12.241279665114622,0,normal
2026-01-01 01:48:00,P-101,65.5137894930118,2.22414970056991,5.157059482128511,103.44690515215012,12.21605800778014,0,normal
2026-01-01 01:49:00,P-101,64.26511292204862,2.1415342367355916,5.06154966972853,102.7906733256204,11.61626611488557,0,normal
2026-01-01 01:50:00,P-101,65.70589678650606,2.243150437824224,5.138941921544324,99.109319321588,11.682833618669548,0,normal
2026-01-01 01:51:00,P-101,63.99428736608973,2.2924189312195735,5.072208076664743,102.90066525268918,12.016235233394736,0,normal
2026-01-01 01:52:00,P-101,65.39134965105815,2.1461198288418912,5.115778578332149,103.08051825250566,12.017200610789963,0,normal
2026-01-01 01:53:00,P-101,64.27537040645684,2.2570291704206142,5.053043198849087,107.89243945918432,11.934403949920828,0,normal
2026-01-01 01:54:00,P-101,64.90435014982685,2.1692754880376968,5.0270096004259965,102.5866623475277,12.174844552763878,0,normal
2026-01-01 01:55:00,P-101,64.24328040623953,2.294831890514205,5.1086699401932645,103.57943878861066,12.170251565893448,0,normal
2026-01-01 01:56:00,P-101,65.67339038822455,2.222301930395047,5.158152357568939,102.91141039214952,12.038775028769855,0,normal
2026-01-01 01:57:00,P-101,64.26260653014096,2.2493599909579247,5.064813925701909,100.64749697570484,11.830477034231556,0,normal
2026-01-01 01:58:00,P-101,65.60973067758464,2.129917883224796,5.046086722809826,105.27404645645956,12.420398175297928,0,normal
2026-01-01 01:59:00,P-101,64.94420640189283,2.128881236974094,5.155140230023821,104.4953427661554,12.548712061256737,0,normal
2026-01-01 02:00:00,P-101,64.9149796831287,2.314279374130102,4.870403148291318,104.5761440793709,12.016393951419492,0,normal
2026-01-01 02:01:00,P-101,65.07111726572737,2.1845865017096484,4.897995599481736,101.17743596022858,11.882281349518152,0,normal
2026-01-01 02:02:00,P-101,64.50930251369164,2.2490494504292644,5.112565308291411,105.80345703979395,12.29690562754682,0,normal
2026-01-01 02:03:00,P-101,65.1348349581652,2.1590502071661786,5.003082172922904,100.19535044226534,11.916353168331211,0,normal
2026-01-01 02:04:00,P-101,66.26040965925975,2.312364963853665,5.0901758652920535,104.173477320212,12.090355019440551,0,normal
2026-01-01 02:05:00,P-101,64.54006042152574,2.1473798336704295,5.078961714310755,107.38091125161996,12.406340625479768,0,normal
2026-01-01 02:06:00,P-101,65.75873679165655,2.161388935841578,5.055862560391811,101.01869048235008,11.55322169259368,0,normal
2026-01-01 02:07:00,P-101,66.35270582457923,2.313597602248001,4.953512345406988,101.86645710864435,12.385569294472496,0,normal
2026-01-01 02:08:00,P-101,64.39271011498766,2.3464603871759744,5.077610598367346,103.19717114809704,12.114085265525247,0,normal
2026-01-01 02:09:00,P-101,63.81867811621037,2.1349891101121496,5.099445757872464,101.98925956158564,11.956804500707024,0,normal
2026-01-01 02:10:00,P-101,65.23135834459309,2.433885780891667,5.096571581546025,99.89275332315256,11.974474061139214,0,normal
2026-01-01 02:11:00,P-101,64.59586014909327,2.241812274156582,5.192370370075835,103.1286026503939,12.084465418266946,0,normal
2026-01-01 02:12:00,P-101,66.33212796578565,2.054504282389856,5.0281658094799635,100.86379339997733,11.593113476138088,0,normal
2026-01-01 02:13:00,P-101,65.22452431009175,2.2688710305422832,5.061233266069917,103.93203791221426,12.491695694229737,0,normal
2026-01-01 02:14:00,P-101,64.37607686235603,2.1562696428600066,4.889566057497016,101.14198546309242,12.044590971960428,0,normal
2026-01-01 02:15:00,P-101,64.1994871592031,2.2667400644635416,5.018249217048711,106.07621291397852,12.2930369200312,0,normal
2026-01-01 02:16:00,P-101,65.98393747663908,2.208858938951561,4.998602211003646,101.40487769241749,12.280033773416037,0,normal
2026-01-01 02:17:00,P-101,64.46879856139826,2.199631060406017,5.107243886200132,102.32183220180238,11.814364351663995,0,normal
2026-01-01 02:18:00,P-101,65.13745533668022,2.103407831948647,4.99699083274646,104.58709226736296,12.255980742779697,0,normal
2026-01-01 02:19:00,P-101,65.74378165944874,2.3161997806058077,5.0686268452871035,100.4919643707197,11.947848658396891,0,normal
2026-01-01 02:20:00,P-101,64.73809177543372,2.076952023064174,5.033888078856872,103.40178162139432,12.313746142445952,0,normal
2026-01-01 02:21:00,P-101,64.81718040296133,2.0486886457955835,5.041365057447996,105.5538506657176,11.634808664883654,0,normal
2026-01-01 02:22:00,P-101,64.97343789693684,2.242419819997056,5.017079896546482,99.71683790158212,11.966731561987146,0,normal
2026-01-01 02:23:00,P-101,65.52589172365957,2.3897453239671935,5.001635973574016,103.29284833542434,11.94808028611674,0,normal
2026-01-01 02:24:00,P-101,65.55703769291857,2.1682441064160596,5.000023628024995,103.43466078724089,12.211105561275764,0,normal
2026-01-01 02:25:00,P-101,64.92454617645623,2.2966963239069895,4.908311079806196,104.4693952269405,12.251592903650266,0,normal
2026-01-01 02:26:00,P-101,64.98522358165192,2.320588862780466,4.984386098361205,100.42224349474364,11.835760831136804,0,normal
2026-01-01 02:27:00,P-101,64.63430144182668,2.2892277138559725,4.964054246193999,100.2451697885897,11.82931162761368,0,normal
2026-01-01 02:28:00,P-101,63.85387691958814,2.167150860939621,4.9979160058349335,103.91944849828592,12.089917112809246,0,normal
2026-01-01 02:29:00,P-101,65.15791921895546,2.0630542105663308,5.067935474814266,103.45856298070628,11.879596332592389,0,normal
2026-01-01 02:30:00,P-101,66.6382016412066,1.950650321186955,5.086232108719013,103.35415524957722,12.311120581350348,0,normal
2026-01-01 02:31:00,P-101,64.29851426341014,2.169145337059887,5.053917473711167,103.5341913339782,12.013723939907484,0,normal
2026-01-01 02:32:00,P-101,64.10850447635994,2.307236514732723,5.094322436881175,101.46892216452162,11.317320610105238,0,normal
2026-01-01 02:33:00,P-101,64.30530408463022,2.065335869571721,5.078852043739266,103.28070896728364,12.004715754863057,0,normal
2026-01-01 02:34:00,P-101,65.51648862218171,2.2761270816026533,5.01028682255522,103.3891317739672,11.842037998008024,0,normal
2026-01-01 02:35:00,P-101,65.2119883012704,2.0676316886329316,4.9765777633589705,101.360626621612,11.632999844783123,0,normal
2026-01-01 02:36:00,P-101,64.82750854995808,2.207021047152828,5.090093585369276,106.50678064279288,11.885846759728144,0,normal
2026-01-01 02:37:00,P-101,64.32102593447918,2.291865141672396,5.082984982631364,103.7083613839212,12.13860295947588,0,normal
2026-01-01 02:38:00,P-101,65.21112291441825,2.138013232717678,5.115458709797094,100.36311652345746,12.343053702765785,0,normal
2026-01-01 02:39:00,P-101,63.82814184706972,2.230438105300926,5.135728094888434,104.04342512932264,12.199598872345923,0,normal
2026-01-01 02:40:00,P-101,65.06327232846773,2.143755423965679,4.964333337648861,100.76511781694342,11.871327687454366,0,normal
2026-01-01 02:41:00,P-101,65.79407854793362,2.2967252189554914,5.034563347211659,104.27238496218402,12.242147597658196,0,normal
2026-01-01 02:42:00,P-101,64.0131162448368,2.229997504486122,5.103668578698108,104.9987154304686,12.035188885359313,0,normal
2026-01-01 02:43:00,P-101,63.71680187813679,2.199632983381578,5.09567026934209,101.02304470973722,11.85704124900133,0,normal
2026-01-01 02:44:00,P-101,66.20299755778612,2.3794329007708153,5.120853816874318,104.57362593779352,11.84861811107556,0,normal
2026-01-01 02:45:00,P-101,64.37686319044923,2.262760599840807,5.029434592313538,103.4544818940046,11.665677255132207,0,normal
2026-01-01 02:46:00,P-101,65.92082196510708,2.1186657371088486,4.942224903645694,104.25467158399756,12.030159220880066,0,normal
2026-01-01 02:47:00,P-101,64.96923149143639,2.2012500348536,4.983938652069217,106.3853562168864,12.231074058986628,0,normal
2026-01-01 02:48:00,P-101,64.88575542428435,2.1928070555201176,5.042628718511305,102.0818037365752,12.038298194593532,0,normal
2026-01-01 02:49:00,P-101,65.32167960020261,2.206007028790687,5.037833157520639,101.04551111666908,11.927373601513231,0,normal
2026-01-01 02:50:00,P-101,64.20727376754023,2.492250219810072,4.919645199297799,100.753954917255,11.786182132343454,0,normal
2026-01-01 02:51:00,P-101,65.17739389656735,2.253426749846675,5.012375204373097,100.88096355019556,12.17849045442711,0,normal
2026-01-01 02:52:00,P-101,64.59114628749117,1.9427339190062336,5.073873791345335,102.33758427875924,11.740844548376131,0,normal
2026-01-01 02:53:00,P-101,64.05904285757055,2.1492938249307856,4.939430884824614,103.15290174251858,12.288594030736428,0,normal
2026-01-01 02:54:00,P-101,65.20579275009818,1.9600912357901368,5.118423769652469,103.0023993508116,11.839517725792668,0,normal
2026-01-01 02:55:00,P-101,64.76308724053673,2.1571408949093818,5.010611682927182,104.0814174811969,11.93433371509765,0,normal
2026-01-01 02:56:00,P-101,64.75687007504308,1.9468340146576857,5.124916096389817,102.43070473836843,11.706224844497134,0,normal
2026-01-01 02:57:00,P-101,64.0451995027832,2.0970751756611055,5.01021419784051,105.28903935025814,12.033320643786334,0,normal
2026-01-01 02:58:00,P-101,66.39260615961724,2.032449149619781,4.936165477668605,101.82955162993396,12.298714663517512,0,normal
2026-01-01 02:59:00,P-101,65.84624286080786,2.2642081603184674,5.041106293191466,107.77572523788032,12.362178779247396,0,normal
2026-01-01 03:00:00,P-101,65.91192141162668,2.217639311551602,5.028016894392389,103.5628744238574,12.35149176072273,0,normal
2026-01-01 03:01:00,P-101,64.81473464168248,2.2437417773543245,4.974651731660299,100.57301242020178,12.147726009089538,0,normal
2026-01-01 03:02:00,P-101,63.50773833529726,2.1738394142342763,4.9839295777350126,100.12096914608608,11.72771161724999,0,normal
2026-01-01 03:03:00,P-101,66.56768820275995,2.033353557071514,5.058744894641684,103.20276826675892,12.013385741920878,0,normal
2026-01-01 03:04:00,P-101,64.89428944606064,2.2545184958687345,5.003961788230516,101.7656137814228,11.85791863116332,0,normal
2026-01-01 03:05:00,P-101,64.57739653603323,2.452721493838495,5.030860077188323,103.61490687044842,12.441090932123211,0,normal
2026-01-01 03:06:00,P-101,65.25105122282959,2.238806754838173,4.8943359113019,103.1074023238108,11.794024908107746,0,normal
2026-01-01 03:07:00,P-101,66.04693378981732,2.1630436930087273,5.05122533334398,101.9889492063141,12.2830928985367,0,normal
2026-01-01 03:08:00,P-101,65.07582729182162,2.040415405953596,4.997007360917264,100.41436247325974,12.235669341724984,0,normal
2026-01-01 03:09:00,P-101,66.19443734013991,2.1124791142323556,5.119336093119297,99.05126546806667,12.428943014471024,0,normal
2026-01-01 03:10:00,P-101,65.83935862851436,2.2509845935012565,4.936440900756204,101.16061141365202,11.932396694252184,0,normal
2026-01-01 03:11:00,P-101,64.25499281819248,2.3432863842301925,4.89272433385014,103.73879601301005,12.290244420285342,0,normal
2026-01-01 03:12:00,P-101,64.71824777621306,2.2634639235592173,5.073707710420035,102.42622309056316,12.643199651851605,0,normal
2026-01-01 03:13:00,P-101,65.69800491944846,2.2874833733677993,5.022504958563389,99.4782797098349,11.829937972061623,0,normal
2026-01-01 03:14:00,P-101,62.70385628103534,2.269164680793731,4.942200655721615,102.2875297364107,11.684865830209231,0,normal
2026-01-01 03:15:00,P-101,64.72462932282168,2.241308361635519,4.90444915088671,102.68290672870374,11.610484693384173,0,normal
2026-01-01 03:16:00,P-101,63.92799055212403,2.130065107746621,5.1241453305694415,100.11535921146984,12.181638783559428,0,normal
2026-01-01 03:17:00,P-101,64.45637428666127,2.2005729874130293,5.1347391217601634,102.16102905116206,11.594043319520216,0,normal
2026-01-01 03:18:00,P-101,64.74699452344255,2.0964509878673834,4.820405542603267,101.9402083299758,11.965126486664794,0,normal
2026-01-01 03:19:00,P-101,64.75122910862002,2.2068195507232264,4.958419901194593,99.50777435351132,12.094561527365078,0,normal
2026-01-01 03:20:00,P-101,64.60645571772379,2.245736713654765,5.157924669158452,102.47893047757398,12.120661798534698,0,normal
2026-01-01 03:21:00,P-101,64.1990810126714,2.41105354843323,4.9904578670078035,102.85428716300328,12.19198983093614,0,normal
2026-01-01 03:22:00,P-101,66.9021729110398,2.051412650273991,4.999430114615175,103.86790933373082,12.171609743962138,0,normal
2026-01-01 03:23:00,P-101,66.66719495610283,2.279434084815676,5.015161563324995,103.77823095353438,12.43306338193438,0,normal
2026-01-01 03:24:00,P-101,63.96172183737256,2.3641702026920295,4.8991666851414335,98.88384430428864,11.72843623394396,0,normal
2026-01-01 03:25:00,P-101,66.19477585085828,2.282197038127584,4.860936243512824,99.73183030510674,11.82270612453857,0,normal
2026-01-01 03:26:00,P-101,64.63442879618626,2.294203601709572,5.110259729101792,102.6055944243012,11.88500297141133,0,normal
2026-01-01 03:27:00,P-101,65.21721984588964,2.2847571216271736,4.878273952531876,102.57089050316894,12.28467466806072,0,normal
2026-01-01 03:28:00,P-101,65.06991227065221,2.3708665685942676,5.045191365943894,102.54096497751938,12.301328596424348,0,normal
2026-01-01 03:29:00,P-101,64.62752735900014,2.088918403826929,5.162762809480155,109.18364500595432,12.388315680008256,0,normal
2026-01-01 03:30:00,P-101,65.93647574609821,2.052363033985232,4.909772316524823,102.58704204369148,12.373484678033227,0,normal
2026-01-01 03:31:00,P-101,65.02710405464597,2.1900392569172507,4.962890958560966,103.6832430768572,11.81598707546162,0,normal
2026-01-01 03:32:00,P-101,64.82492218988594,1.96643096362906,5.1299217661598355,103.28674310885089,12.51540832115331,0,normal
2026-01-01 03:33:00,P-101,64.14042749294143,2.370689877499087,5.06911065912698,102.64793215088169,12.460247619954515,0,normal
2026-01-01 03:34:00,P-101,64.36685589447734,2.356702311641033,4.95742523155641,100.6808088106721,12.204329763631598,0,normal
2026-01-01 03:35:00,P-101,63.8986191141836,2.174463334223018,5.124132683425711,102.79527631568176,12.529308016663215,0,normal
2026-01-01 03:36:00,P-101,64.84048623373121,2.134345952775624,5.093497621015391,99.69747631390472,11.576768487497697,0,normal
2026-01-01 03:37:00,P-101,63.99904369767015,2.1858653244191277,5.028875036377866,100.73508209366096,11.890940428744166,0,normal
2026-01-01 03:38:00,P-101,64.71646197077521,2.1973562756515106,4.930021120818641,100.2033939048534,11.822275951975111,0,normal
2026-01-01 03:39:00,P-101,66.18386644204809,2.2262339901982884,4.979954959375637,101.30308556533804,12.219462397899475,0,normal
2026-01-01 03:40:00,P-101,65.92322987387386,2.262461629767471,5.080247847430441,105.73369079140105,11.909475538841496,0,normal
2026-01-01 03:41:00,P-101,65.01794446266314,2.1847555848821356,4.958259466177763,97.33470525095626,12.10941494486306,0,normal
2026-01-01 03:42:00,P-101,65.09626322328843,2.333924571942703,5.099181065761514,102.40644915027258,12.414827510507356,0,normal
2026-01-01 03:43:00,P-101,66.54669625223949,2.258863309842871,4.85534834250315,97.77302689118966,12.10699153175669,0,normal
2026-01-01 03:44:00,P-101,65.44520760382723,2.1307397249378166,4.880648588653128,100.01896709784276,12.07150676885066,0,normal
2026-01-01 03:45:00,P-101,64.67622692413343,2.352522531640822,5.04551921068919,103.10495217705956,11.8461802300866,0,normal
2026-01-01 03:46:00,P-101,63.78673662708616,2.027953051763118,4.970873294724669,101.01968478292204,11.81887780195632,0,normal
2026-01-01 03:47:00,P-101,65.42445528384008,2.2026096913649584,4.936831793139693,98.69956823155132,12.273391773270706,0,normal
2026-01-01 03:48:00,P-101,65.73405289911321,2.3248543232599213,4.8524379463463685,99.38824838803204,12.176484702617294,0,normal
2026-01-01 03:49:00,P-101,64.5164774686522,2.115956063443432,5.0229808677512455,102.14172001673904,12.054496720657784,0,normal
2026-01-01 03:50:00,P-101,65.18259528631056,2.230850812887075,4.988632955340542,99.28533639806028,11.874082705500337,0,normal
2026-01-01 03:51:00,P-101,64.52026954679965,2.2415917744813463,5.06370246025849,101.14241417023511,11.52782045682921,0,normal
2026-01-01 03:52:00,P-101,64.75485631032423,2.0844974145526796,5.0131520502762354,100.76395596265576,11.755205574208563,0,normal
2026-01-01 03:53:00,P-101,63.19287811027876,2.214194643189794,4.9827198800863055,99.33282063455454,12.457839390821563,0,normal
2026-01-01 03:54:00,P-101,64.75317353736918,2.172544372917655,5.143030232145166,104.88701812019389,11.826496650855198,0,normal
2026-01-01 03:55:00,P-101,65.81640320790926,2.138904928527978,4.913302435608048,101.8299819883932,12.102269414957066,0,normal
2026-01-01 03:56:00,P-101,64.5533197609096,2.483506207916449,5.007658977543913,96.4747840036106,12.14610451340712,0,normal
2026-01-01 03:57:00,P-101,64.9268586692735,2.0940319344241995,4.874916428067607,100.86082012512352,11.712093936753131,0,normal
2026-01-01 03:58:00,P-101,64.40323572817849,2.321591171979648,4.92420208797819,99.12710383782547,12.019990733830037,0,normal
2026-01-01 03:59:00,P-101,65.40756374528505,2.167765178505616,4.924169804806598,102.11823754164637,12.298026010627057,0,normal
2026-01-01 04:00:00,P-101,64.81352287284771,2.0679463361933483,5.050464985074429,98.79095822382752,11.966853577191635,0,normal
2026-01-01 04:01:00,P-101,64.5367562282813,2.248356391781973,4.995858144029235,100.10909627168664,12.720373652067291,0,normal
2026-01-01 04:02:00,P-101,65.91491396467445,2.2590003049442946,5.012030337457708,101.31105970251456,11.622181976355888,0,normal
2026-01-01 04:03:00,P-101,65.87295923155007,2.326687851598419,4.9314120007615685,101.99506397799249,12.324534051810744,0,normal
2026-01-01 04:04:00,P-101,64.47269906634749,2.382049872964861,4.954278396350092,97.82538760247223,11.891561193725051,0,normal
2026-01-01 04:05:00,P-101,65.46965509206076,2.56235761035803,4.934116466604332,99.51936908690604,12.178561111316352,0,normal
2026-01-01 04:06:00,P-101,65.46447042541284,2.2343793073452383,5.022684824510511,99.2008423322174,12.086352057891334,0,normal
2026-01-01 04:07:00,P-101,65.42620231329228,2.109474104801372,4.908776830002095,98.80641208286238,11.780903313208372,0,normal
2026-01-01 04:08:00,P-101,63.71077050765258,2.2626168222714673,5.142446536885328,103.6062987668922,12.165438061121602,0,normal
2026-01-01 04:09:00,P-101,65.62966702618515,2.1461021701211003,4.874430179445793,100.84766154157197,11.560954483397587,0,normal
2026-01-01 04:10:00,P-101,64.57430436481252,2.314873877476405,4.910260734316774,97.47823209132991,12.075158837882745,0,normal
2026-01-01 04:11:00,P-101,64.76512980913955,2.0507643039226844,5.1521562985418825,101.79802577445948,12.128480389731417,0,normal
2026-01-01 04:12:00,P-101,67.22419848396481,2.4984367803576344,5.006878121239989,104.16892210769524,12.284732705391631,0,normal
2026-01-01 04:13:00,P-101,65.37073285676264,2.3188800403962895,4.914328306578572,101.9518599730925,12.323085380464562,0,normal
2026-01-01 04:14:00,P-101,64.68943032902587,1.9977305565374108,4.98563099613854,96.81052711355268,11.996220773459008,0,normal
2026-01-01 04:15:00,P-101,63.23669136732326,2.1150323899132015,4.950400223579632,98.84316029567955,12.002317163819956,0,normal
2026-01-01 04:16:00,P-101,66.05139857607243,2.290378133908091,4.95620879836843,102.30784188178946,11.84896817228836,0,normal
2026-01-01 04:17:00,P-101,63.83246347673753,2.329740188413627,4.895541409927205,98.3211074791102,11.771578033461044,0,normal
2026-01-01 04:18:00,P-101,64.32296098375899,2.0630454980519892,5.227335425567463,100.58655371173882,12.314280266396498,0,normal
2026-01-01 04:19:00,P-101,64.89308008872717,2.305333343051636,4.991982837507652,101.21069895223825,12.39540481999364,0,normal
2026-01-01 04:20:00,P-101,66.08256006200284,1.959998043860895,4.823656004734879,97.77013935615092,11.873576571606511,0,normal
2026-01-01 04:21:00,P-101,65.61680320504782,2.1890560981078746,5.114172564878667,99.46757841582247,11.995528039287992,0,normal
2026-01-01 04:22:00,P-101,64.70007001725841,2.3117381241937123,4.9795535579338415,93.0667885524996,11.565850062826549,0,normal
2026-01-01 04:23:00,P-101,65.33346909409876,2.1446725427861058,4.913315817735885,97.46331322174676,12.217088607969265,0,normal
2026-01-01 04:24:00,P-101,64.57387066231576,2.0259417261800174,4.915048418107987,98.96979452028783,12.13544804153158,0,normal
2026-01-01 04:25:00,P-101,65.26915217160642,2.237224428059574,5.023300720615789,96.94228969231312,12.393573049885331,0,normal
2026-01-01 04:26:00,P-101,65.00282540010038,2.1204532365384763,5.006903460464044,102.66569266632004,11.860390010694667,0,normal
2026-01-01 04:27:00,P-101,65.69525947761501,2.2655774490616416,4.810958733667517,96.50369591431256,11.800608902674824,0,normal
2026-01-01 04:28:00,P-101,65.7782522751288,2.0943245502810397,5.127450184605952,98.44709874375788,12.01127444294413,0,normal
2026-01-01 04:29:00,P-101,65.4544546694991,2.114692668708452,4.9608006046577335,99.551984163501,12.148181909336472,0,normal
2026-01-01 04:30:00,P-101,64.71419291320801,1.957988591400462,5.141010508084971,102.13647691663768,12.010177398112225,0,normal
2026-01-01 04:31:00,P-101,65.46231074061198,2.2039999784636644,5.0657323084249715,96.34575117877142,11.672132262749718,0,normal
2026-01-01 04:32:00,P-101,65.03265564030302,2.19397020906499,4.934993953418955,101.50747169775794,12.265576033163631,0,normal
2026-01-01 04:33:00,P-101,64.1965669412996,2.065156144044955,5.074309272495344,99.16540833462923,12.155246090675272,0,normal
2026-01-01 04:34:00,P-101,64.55149265185295,2.207521206324764,4.919343175542636,97.145857953173,11.68530721345426,0,normal
2026-01-01 04:35:00,P-101,65.20313173872283,2.3401872050392183,4.850635512709702,99.9971559654017,12.338775379238426,0,normal
2026-01-01 04:36:00,P-101,65.83841596059216,2.187912263497272,4.960385032335482,99.4352885617253,12.27560833415091,0,normal
2026-01-01 04:37:00,P-101,64.84022040334442,2.2305604016124043,5.009822076263237,97.80110761211346,11.967607352675351,0,normal
2026-01-01 04:38:00,P-101,64.02986892205139,2.2324508363306053,4.9540378221648576,99.10567540045648,11.993069727607702,0,normal
2026-01-01 04:39:00,P-101,65.07872076979068,2.059646348632679,4.957037504427359,98.16013717013674,12.08331855788308,0,normal
2026-01-01 04:40:00,P-101,64.99406645740899,2.434703001655381,5.082711893918773,99.12266103244846,11.758254063409389,0,normal
2026-01-01 04:41:00,P-101,65.15389233978833,2.144150799968592,5.010368759047974,100.18492406247668,12.01305559166532,0,normal
2026-01-01 04:42:00,P-101,65.54463380988398,2.254826018863287,4.9525152614149945,101.9979126317791,11.521841492801078,0,normal
2026-01-01 04:43:00,P-101,65.85857195296468,2.2977350033790804,5.019318922845439,96.31564969520532,12.108583402231892,0,normal
2026-01-01 04:44:00,P-101,64.40475725992647,2.1682643294750856,5.0460434454196665,103.02294000633268,11.700314894579517,0,normal
2026-01-01 04:45:00,P-101,64.59524905471886,2.283835880651908,4.746456481145635,94.81848652625978,12.220409552895042,0,normal
2026-01-01 04:46:00,P-101,64.11545001195869,2.2229494292083505,5.018119058201476,98.38508250997604,11.869022451807668,0,normal
2026-01-01 04:47:00,P-101,65.53586365520766,2.02698461900562,5.029661144264279,99.83148476469906,11.94202779745818,0,normal
2026-01-01 04:48:00,P-101,66.086481625905,2.151055468254342,4.993442131902525,99.1832441536056,11.818563848087042,0,normal
2026-01-01 04:49:00,P-101,64.687240440247,2.118907139539281,5.0447609381241945,97.34248916386282,11.848264956435363,0,normal
2026-01-01 04:50:00,P-101,64.92637061645857,2.1595299785682855,4.927593458023683,98.1384944769803,12.298787670596418,0,normal
2026-01-01 04:51:00,P-101,65.89507497313812,2.0087257346119713,5.002278144166047,97.53581610603746,11.304122319047352,0,normal
2026-01-01 04:52:00,P-101,65.49986763175528,2.3470997146574324,4.847747259118655,97.31040088120427,12.238553372958176,0,normal
2026-01-01 04:53:00,P-101,65.38466153906339,2.396698240456427,5.034126086598882,100.15588559269752,12.089182438056351,0,normal
2026-01-01 04:54:00,P-101,63.91622671541985,2.3009803471446633,5.147629846463654,99.13850708204622,11.672399800497082,0,normal
2026-01-01 04:55:00,P-101,65.39953162121311,2.3345321526213545,4.890478496048013,97.0067004245417,11.641372914473942,0,normal
2026-01-01 04:56:00,P-101,64.42625043084098,2.1798387574651197,4.940815996547615,100.1600167106637,12.423898758121965,0,normal
2026-01-01 04:57:00,P-101,63.98556082956523,2.1102463020908244,4.9326384864915624,98.94397219228864,11.731942445782977,0,normal
2026-01-01 04:58:00,P-101,64.6063346962106,2.0920385490855917,5.0096390319671045,99.92391739029765,11.70937989405994,0,normal
2026-01-01 04:59:00,P-101,64.63941575036048,2.2907940318947966,4.910222493907506,99.52653957358042,12.270124822798596,0,normal
2026-01-01 05:00:00,P-101,64.8155193827759,2.2263474586627896,4.999486332508063,96.57865422127844,11.981997845709833,0,normal
2026-01-01 05:01:00,P-101,63.71845321037162,2.174638209357134,5.038606425341868,97.0859229704335,11.678096294978904,0,normal
2026-01-01 05:02:00,P-101,65.78476509852055,2.357631831971743,5.03945574024793,99.67079631716273,12.044280133366035,0,normal
2026-01-01 05:03:00,P-101,65.79197970754828,2.2348217964497317,4.852198382864914,99.36716169159592,11.724576679837808,0,normal
2026-01-01 05:04:00,P-101,63.529109633268,2.110234035070112,5.060364640494684,98.0751227281996,12.21745903145164,0,normal
2026-01-01 05:05:00,P-101,65.868771934589,2.129041651760688,5.058213221114009,98.3223827973715,12.215014225139427,0,normal
2026-01-01 05:06:00,P-101,64.41214765890732,2.289410516256075,5.07255452885639,100.61416190686852,12.151426406911542,0,normal
2026-01-01 05:07:00,P-101,65.68391173517176,2.3247993555167437,4.998298379443161,96.84709995506948,11.99582826396384,0,normal
2026-01-01 05:08:00,P-101,65.11051552827405,2.2868607181716145,5.008576736736784,99.09615916003732,12.413181806017963,0,normal
2026-01-01 05:09:00,P-101,64.99382447925285,2.4239771532431567,5.058287314557804,97.56961627076916,11.92701006997013,0,normal
2026-01-01 05:10:00,P-101,64.70386642323005,2.3776939277336497,5.128991041765872,97.5109962757595,11.629861356917583,0,normal
2026-01-01 05:11:00,P-101,66.01604988010844,2.2587176147722996,4.924922700796172,100.11659378653596,12.115866291804156,0,normal
2026-01-01 05:12:00,P-101,64.21144888839665,2.124760233164303,5.081678859549377,99.5428827885795,12.507798246041665,0,normal
2026-01-01 05:13:00,P-101,65.3787052685539,2.029355623287925,4.988026754563138,99.49241224037344,11.73108249391474,0,normal
2026-01-01 05:14:00,P-101,65.85031822171798,2.149670951824027,4.994126461234162,100.45003053964494,11.923135224515852,0,normal
2026-01-01 05:15:00,P-101,65.58897788985449,2.292373841747709,4.855628562779449,97.85510180100128,12.0397645635554,0,normal
2026-01-01 05:16:00,P-101,66.84418504564434,2.417250888790634,4.968730513143923,99.1513665905154,11.961064785464028,0,normal
2026-01-01 05:17:00,P-101,64.444311948389,2.2335273139503906,4.891635233867932,97.14164305054054,11.668673396421887,0,normal
2026-01-01 05:18:00,P-101,65.8586565864511,2.3518483263547822,4.94674743126721,98.38557856276856,12.232031820940676,0,normal
2026-01-01 05:19:00,P-101,65.11656020022735,2.195742190220025,4.886668952880051,97.45238635823029,12.503581771251223,0,normal
2026-01-01 05:20:00,P-101,65.98092743340443,2.274007616567592,4.94291185103154,97.88245220165804,11.98550643080572,0,normal
2026-01-01 05:21:00,P-101,64.88970110020338,2.28578435663482,4.956060442899855,98.85492714617276,11.73963074195118,0,normal
2026-01-01 05:22:00,P-101,64.48685964205016,1.9370937203402132,4.967787326846336,96.0046933371232,11.492900668850329,0,normal
2026-01-01 05:23:00,P-101,66.09228900148454,2.156316248513225,4.888848044570968,101.8028033554274,12.118578095968116,0,normal
2026-01-01 05:24:00,P-101,64.66413735450513,2.32113740932838,4.840191191004253,95.58326428238796,12.143467264300703,0,normal
2026-01-01 05:25:00,P-101,63.85907102902468,2.2315926547945297,4.980398859571439,95.1445717912997,11.973129090362836,0,normal
2026-01-01 05:26:00,P-101,64.58468855730723,2.0561889522026755,4.934876990582878,99.8672039948486,11.995415159615744,0,normal
2026-01-01 05:27:00,P-101,65.42565192323238,1.899688510657912,5.0770896591688,99.11272759504058,11.82606391490389,0,normal
2026-01-01 05:28:00,P-101,65.98949206123606,2.1405889430595586,5.005586097126372,98.75645193651688,11.689652649915985,0,normal
2026-01-01 05:29:00,P-101,65.15730791565052,2.199960268779399,5.035982041000534,98.74410689840214,12.171011038533283,0,normal
2026-01-01 05:30:00,P-101,66.11524508805937,2.101515175304619,5.087280612411672,97.44252267780011,12.1517185856804,0,normal
2026-01-01 05:31:00,P-101,63.706717177888585,2.1913273318271917,4.931748213171916,95.65250781164428,11.483142787676645,0,normal
2026-01-01 05:32:00,P-101,64.77532147573741,2.2770079406169157,4.9298313550447626,97.5790291478065,12.324830618979366,0,normal
2026-01-01 05:33:00,P-101,64.77919390427088,2.281739210236419,5.030275270101877,96.05390632539726,12.025134994985418,0,normal
2026-01-01 05:34:00,P-101,65.04038818097048,1.933794194376684,5.034157967142644,99.33968820282692,12.330089307371257,0,normal
2026-01-01 05:35:00,P-101,64.89798631811401,2.021124639202258,4.955783227182938,97.07696519686414,11.576777018784648,0,normal
2026-01-01 05:36:00,P-101,65.36457193349753,2.139925678145404,5.068337956627577,95.70213192711012,11.529607918959444,0,normal
2026-01-01 05:37:00,P-101,64.58957142612992,2.261837887807785,4.94994864491534,96.69281897025338,11.863542241665778,0,normal
2026-01-01 05:38:00,P-101,65.13923345588519,2.262209394916341,4.9840652773654375,98.14433863609746,12.070026265806725,0,normal
2026-01-01 05:39:00,P-101,65.09762979170976,2.273340406741328,4.963441163463671,96.17433513969294,12.33432025992253,0,normal
2026-01-01 05:40:00,P-101,64.27758890488622,2.156277450463621,4.881643268922813,95.64107805146908,12.045752069997857,0,normal
2026-01-01 05:41:00,P-101,64.8578831991848,2.154286056329048,4.9837773962681995,97.75705651092883,11.872041376124857,0,normal
2026-01-01 05:42:00,P-101,64.75536597080797,2.0963871871300994,5.089182910435426,97.74420962435468,11.675733986814167,0,normal
2026-01-01 05:43:00,P-101,64.9456406225554,2.3018964296924316,4.997851646301695,96.22541810716014,12.194262686394593,0,normal
2026-01-01 05:44:00,P-101,64.8843293239092,2.0719065653017568,4.965311991794515,96.28269176825998,11.64730439661012,0,normal
2026-01-01 05:45:00,P-101,65.19548293297255,2.3188723799829782,4.963806321677252,97.67477041705052,12.337360251204595,0,normal
2026-01-01 05:46:00,P-101,64.55733552562911,2.2128388471908895,4.969477807168864,94.30084448963552,11.757929172287438,0,normal
2026-01-01 05:47:00,P-101,66.10965644497821,2.2060302448105324,5.003670039061988,94.36887087828528,12.22871164450302,0,normal
2026-01-01 05:48:00,P-101,64.08111830504131,2.1232826030772904,5.006080505969346,95.73413994981654,12.041757021009316,0,normal
2026-01-01 05:49:00,P-101,64.37030609365894,2.0307202492146623,4.940768918870162,96.73181078159207,11.867705451087147,0,normal
2026-01-01 05:50:00,P-101,67.14525500918396,2.112442182960274,5.003668983351915,97.76864558231055,11.803210274512786,0,normal
2026-01-01 05:51:00,P-101,64.13654955386993,2.156267005497676,5.039256367288455,100.08611879965918,11.917356594653256,0,normal
2026-01-01 05:52:00,P-101,63.94590497602195,1.9193306720839685,4.9078219397913605,98.8397538793519,12.072271789474367,0,normal
2026-01-01 05:53:00,P-101,65.55682552472652,2.1724728974505343,4.981398842547844,96.79403992531488,11.923110321813876,0,normal
2026-01-01 05:54:00,P-101,63.24371284818637,2.2990989755638043,4.797753915772759,97.0658226676948,11.763521828013667,0,normal
2026-01-01 05:55:00,P-101,64.73628803243835,2.258629543704102,4.98949461465908,95.08919178733848,11.811267901040749,0,normal
2026-01-01 05:56:00,P-101,66.68909458538437,2.1370096255764155,5.023308229657727,97.0480785292712,11.931086613307922,0,normal
2026-01-01 05:57:00,P-101,63.50916707808139,2.1737718327853424,5.024794711100917,96.49910210379998,11.362789539510295,0,normal
2026-01-01 05:58:00,P-101,63.43280881588756,2.1355578022291763,4.945532579326151,97.7136327499716,12.045951011196324,0,normal
2026-01-01 05:59:00,P-101,63.64755459143107,2.1987137321249377,4.978783476359348,95.4059729557426,11.617248882493078,0,normal
2026-01-01 06:00:00,P-101,65.58045638967258,2.3675340307236565,5.094834620406257,98.09183127629628,11.654421837487453,0,normal
2026-01-01 06:01:00,P-101,65.7324283591466,2.295295729209728,5.114219420087476,100.11178482241752,11.581517457894847,0,normal
2026-01-01 06:02:00,P-101,64.37240877507595,2.235305293265476,4.965890402766502,96.82242187046268,11.45619953164691,0,normal
2026-01-01 06:03:00,P-101,65.38507479140944,2.1206669190400267,4.989520252558206,97.83746820998417,11.596262170521452,0,normal
2026-01-01 06:04:00,P-101,66.02220901072253,2.278743200742498,5.072961928642077,98.40890370633228,11.775011871782343,0,normal
2026-01-01 06:05:00,P-101,66.57985762472394,2.016322327482743,4.842147988301876,96.2212149522849,12.374951232950188,0,normal
2026-01-01 06:06:00,P-101,64.71995201985133,2.159345112760495,4.948827450906446,97.4673510320608,11.792550611988023,0,normal
2026-01-01 06:07:00,P-101,63.14108161749825,2.2678277443331543,5.0772489539491374,97.04033175061969,11.955647479085597,0,normal
2026-01-01 06:08:00,P-101,64.3498284171589,2.2896669900715616,5.050085557031462,97.20695136966816,12.016328887716629,0,normal
2026-01-01 06:09:00,P-101,64.61721320745147,2.275218209250848,4.984166139527065,95.46250373150724,11.896641408499178,0,normal
2026-01-01 06:10:00,P-101,64.74976389862348,2.229994049690938,4.850082809205881,97.05494016323308,11.892287339715493,0,normal
2026-01-01 06:11:00,P-101,64.70618053138519,2.158571509033953,4.976005038483436,97.99978571267285,11.641170130480374,0,normal
2026-01-01 06:12:00,P-101,66.03906145874448,2.2825503389291715,4.951850956276688,99.90441879766831,12.359864450999853,0,normal
2026-01-01 06:13:00,P-101,66.1872962747257,2.1066258668015987,5.015678003068582,98.91948908432052,12.419383833439086,0,normal
2026-01-01 06:14:00,P-101,64.71007442883685,2.0795653974018937,4.948318283040527,101.30660178241166,11.618533379941676,0,normal
2026-01-01 06:15:00,P-101,65.72196870024351,2.187805761100492,4.87259517714427,95.4653048742239,11.607951998505122,0,normal
2026-01-01 06:16:00,P-101,65.24308659675712,2.2154034050565823,4.822259559193609,98.74487814082993,11.892393758630648,0,normal
2026-01-01 06:17:00,P-101,64.92356257612256,1.9649209033013055,5.0714206892344045,97.3676314436268,11.679894494581257,0,normal
2026-01-01 06:18:00,P-101,65.79241273041572,2.2630147413049113,4.9818357335696914,101.38173744851358,12.167943511819374,0,normal
2026-01-01 06:19:00,P-101,64.92962072906333,2.276704791659452,4.96644358829092,95.38719255947164,11.679547726182497,0,normal
2026-01-01 06:20:00,P-101,66.80667226202311,2.2107786865471577,4.953085711985602,95.32647613035364,12.40105830086226,0,normal
2026-01-01 06:21:00,P-101,63.91804278209868,2.4935324184358696,4.872702665446461,95.80973800833011,12.171929288835802,0,normal
2026-01-01 06:22:00,P-101,64.52228637647701,2.109850674211007,4.8269128843236535,92.76380772395088,11.83605773937658,0,normal
2026-01-01 06:23:00,P-101,64.95304715163715,2.1634523240436145,4.879211158977167,95.9636369056946,12.135655673000771,0,normal
2026-01-01 06:24:00,P-101,65.40816300374613,2.1596670776872,4.897155532346974,95.50090074533256,12.141502128449304,0,normal
2026-01-01 06:25:00,P-101,65.92586696250476,2.179794808247864,5.0025729344511936,97.32444346900898,11.77874643205571,0,normal
2026-01-01 06:26:00,P-101,64.87140495385046,2.1469184983989673,4.913463863662995,97.71212767446436,11.72730951909844,0,normal
2026-01-01 06:27:00,P-101,63.87946722402262,2.033339102600863,5.14758311496975,100.78638644421804,12.043127359068952,0,normal
2026-01-01 06:28:00,P-101,65.74746420773877,2.1435958407734703,5.071579981308937,98.94078984374848,12.18363272643694,0,normal
2026-01-01 06:29:00,P-101,65.56858304899997,2.18386252101791,5.023593760824132,95.89249968508756,11.911540090215984,0,normal
2026-01-01 06:30:00,P-101,63.23188913113877,2.320600657177728,4.94299037685332,95.25630890511722,11.463440146605766,0,normal
2026-01-01 06:31:00,P-101,64.89320552689861,2.451300297034155,5.101585190716241,98.04427318586026,11.740622084588098,0,normal
2026-01-01 06:32:00,P-101,63.653621999679366,2.35097380077003,4.926836841662852,94.42772921525412,11.814338660559027,0,normal
2026-01-01 06:33:00,P-101,64.46958460452595,2.107117701755238,5.00489245600115,100.73933691334898,12.003263706319013,0,normal
2026-01-01 06:34:00,P-101,64.46833489662113,2.1403256014987804,5.0080378136069275,99.44398504269856,12.476455095478409,0,normal
2026-01-01 06:35:00,P-101,65.46268375490254,2.157789570237498,5.017704835367515,96.1558992124047,11.538179990772392,0,normal
2026-01-01 06:36:00,P-101,65.06815409582515,2.4109833112233567,4.987728506573423,93.67758602531842,11.936724891218525,0,normal
2026-01-01 06:37:00,P-101,64.11829845103088,2.198495520192635,4.960206595060158,99.82166173357255,12.36692812908925,0,normal
2026-01-01 06:38:00,P-101,65.89394200421746,2.0644352553669574,4.92631405187035,96.89535494244264,12.474723084628977,0,normal
2026-01-01 06:39:00,P-101,63.80784806641535,2.134220334260397,5.047302626469237,99.611038989707,11.88723181389522,0,normal
2026-01-01 06:40:00,P-101,65.24072967925109,2.287926551077621,4.996798678046557,93.9579751335258,11.941596617185825,0,normal
2026-01-01 06:41:00,P-101,64.35728696075593,2.283854770251176,4.928131460405252,95.95995503910822,12.021238740472908,0,normal
2026-01-01 06:42:00,P-101,64.693184696632,2.1741897953530542,4.844840112343301,97.18151579175776,11.964315906641056,0,normal
2026-01-01 06:43:00,P-101,65.36086519368159,2.2766908352335644,4.956192308465019,97.27775961456788,11.89362148812721,0,normal
2026-01-01 06:44:00,P-101,65.41631964495369,1.9271143514076383,5.012850886202786,96.29688222967168,11.99790031426516,0,normal
2026-01-01 06:45:00,P-101,65.79782709520715,2.1784909877492233,5.128997051783885,98.45637040703024,11.320629590905988,0,normal
2026-01-01 06:46:00,P-101,64.94347831951787,2.304442410471116,4.855058638220062,95.08952752073144,12.0232031981376,0,normal
2026-01-01 06:47:00,P-101,65.22123302659118,2.0970654490090204,4.935419754652152,96.9545454878598,11.940180840551289,0,normal
2026-01-01 06:48:00,P-101,64.59750106534545,2.0931007410290587,4.94379639253358,97.49486774556104,11.869227308172263,0,normal
2026-01-01 06:49:00,P-101,65.32986084274293,1.9990598387489715,5.0914500247151455,98.29855975606252,12.460672341611764,0,normal
2026-01-01 06:50:00,P-101,65.26860041971311,2.380413919040571,4.984292165951107,98.70874859877972,11.792528953265752,0,normal
2026-01-01 06:51:00,P-101,64.82167452386949,2.1011218229865367,4.87793887586647,95.05250006162515,11.750806004582495,0,normal
2026-01-01 06:52:00,P-101,63.687157911579376,2.2451949807001252,4.987198096494495,94.25024738607496,12.325395747133433,0,normal
2026-01-01 06:53:00,P-101,65.180661918148,2.261905695113416,4.966538361370288,99.89094429735638,11.788713002708226,0,normal
2026-01-01 06:54:00,P-101,65.21285070572657,2.3715983443772495,4.882226561577907,98.01775434465432,11.803003809605496,0,normal
2026-01-01 06:55:00,P-101,64.39164795921963,2.1735056096589713,4.887319204285461,95.8741068867553,11.839466850744948,0,normal
2026-01-01 06:56:00,P-101,64.06246485159937,2.146515234803764,5.143640883224174,100.49175268703648,12.224936201143482,0,normal
2026-01-01 06:57:00,P-101,66.17315851934259,2.219825017695894,5.007132527902029,97.6395790170072,11.981137997348544,0,normal
2026-01-01 06:58:00,P-101,65.26132604679486,2.3376108379449914,5.006480948431671,99.7860143995467,11.670424095198335,0,normal
2026-01-01 06:59:00,P-101,64.73450296115915,2.1693002694689705,4.955829036309398,97.58205351743617,11.794419464741289,0,normal
2026-01-01 07:00:00,P-101,64.04870039503989,2.080206547904645,5.039257028102083,101.58851207325792,11.895816753894684,0,normal
2026-01-01 07:01:00,P-101,64.34680320351774,2.0156409462840084,5.032399851327799,100.99809756475996,12.010637665637038,0,normal
2026-01-01 07:02:00,P-101,66.04878009135743,2.054282785588428,4.99347634631113,97.0102840054544,12.01676943482109,0,normal
2026-01-01 07:03:00,P-101,65.14562065759151,2.308163367800935,5.003913048312454,99.47254410902345,12.088727762242696,0,normal
2026-01-01 07:04:00,P-101,64.36802998075882,2.137587517138106,5.057921208534632,98.84173414701874,11.52124908589846,0,normal
2026-01-01 07:05:00,P-101,65.51786802931909,2.1408620713519353,5.004950468999457,100.31021213193983,12.27529161084841,0,normal
2026-01-01 07:06:00,P-101,64.32172376013332,2.110739221979226,4.878419414398061,95.66545212422716,11.93310577522597,0,normal
2026-01-01 07:07:00,P-101,66.32700920967234,2.225997351405026,4.940907485968465,98.99013172405336,12.31583696362008,0,normal
2026-01-01 07:08:00,P-101,66.12375606477393,2.1764548433551973,4.839258341293716,99.75798367728932,12.103789092141348,0,normal
2026-01-01 07:09:00,P-101,64.66663864828078,2.172211380909066,5.103616710507918,94.1471341224527,12.09974476310752,0,normal
2026-01-01 07:10:00,P-101,64.48758165247641,2.360733602599927,5.0222397998196255,95.32194324634108,11.976294625252764,0,normal
2026-01-01 07:11:00,P-101,62.963726514003795,2.3918410879430985,4.869936441504116,93.63420811144546,12.145582682394052,0,normal
2026-01-01 07:12:00,P-101,63.83334163262752,2.0091231804844965,4.949436733937258,97.19843218890256,12.046515624671525,0,normal
2026-01-01 07:13:00,P-101,63.908999788293336,2.2368830787695977,4.941022492816678,99.19726107531936,11.951439020648856,0,normal
2026-01-01 07:14:00,P-101,65.34490184186001,2.1363702442991954,5.131325524431104,100.79217475211756,12.591873922675246,0,normal
2026-01-01 07:15:00,P-101,64.8034521528178,2.1782647558830304,4.866022663644078,97.96128367857531,12.161097790927233,0,normal
2026-01-01 07:16:00,P-101,63.994261700366,2.245929667502477,5.0201211248702915,101.09630401647888,12.176325225745469,0,normal
2026-01-01 07:17:00,P-101,64.58870060499783,2.1511775898394743,4.942369673114237,95.10519005194236,11.534079597423688,0,normal
2026-01-01 07:18:00,P-101,65.20926237891423,2.2032792682748616,5.01099994257566,94.48528521189314,11.51248165199091,0,normal
2026-01-01 07:19:00,P-101,65.42523836436388,2.281127285277756,4.9697587086297075,97.80794468476834,12.007417211078511,0,normal
2026-01-01 07:20:00,P-101,63.47938977005083,2.2352399654070805,4.846488185668491,98.71448958009256,11.997814986844835,0,normal
2026-01-01 07:21:00,P-101,64.81088030406549,2.1115660295564544,4.958996694023091,97.90861207944872,11.783727721131385,0,normal
2026-01-01 07:22:00,P-101,63.83383061075533,2.1170589512051383,4.860897824540709,93.8670801976175,11.85125808083154,0,normal
2026-01-01 07:23:00,P-101,65.85446968236117,2.0438712049869543,4.98488639026168,97.85200265371556,12.332716811622364,0,normal
2026-01-01 07:24:00,P-101,65.64225609790921,2.0993969349008155,5.069233094064446,95.44989311428196,12.037347412066032,0,normal
2026-01-01 07:25:00,P-101,64.16060224550613,2.4203262067485354,4.855116711745558,99.427073128414,11.697560066414235,0,normal
2026-01-01 07:26:00,P-101,64.36221442426525,2.101840894381766,4.924483405251224,98.8501224083216,11.937626465463913,0,normal
2026-01-01 07:27:00,P-101,64.50568965057299,2.041132453878196,4.918451179578063,96.26666158807429,11.686758227429088,0,normal
2026-01-01 07:28:00,P-101,63.12477699584098,2.2292678073746304,4.9409542650893705,97.1484752722428,11.817529279065145,0,normal
2026-01-01 07:29:00,P-101,65.1804672682741,2.1757178200751808,5.020088633198915,96.08785800704956,11.779231823804077,0,normal
2026-01-01 07:30:00,P-101,64.7112952372504,2.1677251708684073,4.967229307080851,98.11128604857625,11.823927185806284,0,normal
2026-01-01 07:31:00,P-101,65.65275732722577,2.353662673615887,5.035039883364993,100.17756653073567,11.69154315292872,0,normal
2026-01-01 07:32:00,P-101,64.06442805019752,2.2587896291379495,4.913205567100944,96.32674105994865,11.857888561418912,0,normal
2026-01-01 07:33:00,P-101,64.44069047189419,2.1283994520073484,5.011768609449146,99.33746618157112,11.839972076235306,0,normal
2026-01-01 07:34:00,P-101,63.46943854524511,2.1083952338485368,5.035226827700741,97.30030172305231,11.186646879191002,0,normal
2026-01-01 07:35:00,P-101,64.36354603906123,2.160561929563396,4.909483775526415,96.80677395053831,12.417446224641566,0,normal
2026-01-01 07:36:00,P-101,64.14181635324958,2.31589399835265,5.044612803486592,98.210415390207,12.218504875260376,0,normal
2026-01-01 07:37:00,P-101,65.71578323163045,2.152897820534786,4.968051789036373,96.38619675381672,11.797510721383253,0,normal
2026-01-01 07:38:00,P-101,64.41185440738572,1.9811295655038577,5.057455137082564,97.38183178439836,11.9261597159671,0,normal
2026-01-01 07:39:00,P-101,64.93568785934606,2.1737450524956756,4.945147029895616,96.12606219017742,11.590868278875933,0,normal
2026-01-01 07:40:00,P-101,64.89477183561398,2.0404796997025763,5.055341464848244,102.48418924352764,12.498456396758543,0,normal
2026-01-01 07:41:00,P-101,64.15805764035643,2.4838114038564236,4.983335654540192,98.65841530744748,12.4340746329167,0,normal
2026-01-01 07:42:00,P-101,64.84769074711315,2.0819112360446397,4.964521113058257,97.22180940215036,11.955827714126142,0,normal
2026-01-01 07:43:00,P-101,65.57062945198778,2.191994576469187,5.0115425359900385,99.08281017319835,12.228366966242286,0,normal
2026-01-01 07:44:00,P-101,64.0328891230667,2.230871407801809,5.027584563544648,98.46399660066554,11.997741592753448,0,normal
2026-01-01 07:45:00,P-101,65.49298636381238,2.146073037121901,4.882842036308463,98.28072292623834,11.614240328068169,0,normal
2026-01-01 07:46:00,P-101,64.27886340580676,2.160026369697672,5.1145427552765,99.985206657107,11.896600357472296,0,normal
2026-01-01 07:47:00,P-101,64.63048120917436,2.252727818093385,4.854289917885552,100.30629611295362,12.042170875081595,0,normal
2026-01-01 07:48:00,P-101,65.3522702469849,2.3741113836276613,4.9228637982635615,97.76487670426734,11.81930937144216,0,normal
2026-01-01 07:49:00,P-101,64.41989406126666,2.285931463198356,4.96954873666026,97.70902623214523,11.876607467605597,0,normal
2026-01-01 07:50:00,P-101,65.0010662070895,2.3737974553814256,5.016443707003303,98.34552294764268,11.927515799052,0,normal
2026-01-01 07:51:00,P-101,64.67208255159565,2.0648851088570455,5.069363022563201,94.32692203438909,11.809588036565309,0,normal
2026-01-01 07:52:00,P-101,65.05994852368575,2.232640280780981,4.810693572002785,95.93568910607934,11.891135295806752,0,normal
2026-01-01 07:53:00,P-101,63.01017168775738,2.207974897769016,4.9767373687420235,101.73528990132009,11.78690743044045,0,normal
2026-01-01 07:54:00,P-101,63.49247818809171,2.2366589100334804,4.853124366951868,102.32710459758091,11.890559100645444,0,normal
2026-01-01 07:55:00,P-101,65.34721370152062,2.346952848561663,4.9882785272904435,98.5748769377624,11.63610024170788,0,normal
2026-01-01 07:56:00,P-101,65.93067054966443,2.1861209801681016,5.024354578573806,100.26198918138044,12.252313562862962,0,normal
2026-01-01 07:57:00,P-101,64.05825525325088,2.1246701730230213,5.124938084590472,99.76744252167714,11.466611540190232,0,normal
2026-01-01 07:58:00,P-101,64.98420322231908,2.2865059336972395,5.063039838975062,105.3389058103585,12.448564760139988,0,normal
2026-01-01 07:59:00,P-101,65.39188984569611,2.0061299781138833,5.098088263395385,101.45662530399946,12.390286108435694,0,normal
2026-01-01 08:00:00,P-101,65.51233316449523,2.1662976395013716,5.036687918078564,98.9980951555439,11.89439770792066,0,normal
2026-01-01 08:01:00,P-101,63.08609753941332,2.1474261968794965,4.9389743655168665,97.37942212772798,11.270598391875014,0,normal
2026-01-01 08:02:00,P-101,64.2084082871402,2.0792120266335328,4.848426091023003,96.11429507663672,11.793101211807278,0,normal
2026-01-01 08:03:00,P-101,64.72476895129483,2.3257011382596313,5.019709243283028,99.77090594196828,11.977081137936842,0,normal
2026-01-01 08:04:00,P-101,65.4361103586106,2.056730937021527,4.8595135243072525,97.88816856788816,11.683995502054415,0,normal
2026-01-01 08:05:00,P-101,66.90634273124094,2.172145027229313,5.069550052184046,96.59334863704748,11.768995860659365,0,normal
2026-01-01 08:06:00,P-101,64.94879635909363,2.251578984606432,4.968852882382945,98.18178505458911,12.328002351353511,0,normal
2026-01-01 08:07:00,P-101,63.90909865651323,2.366749265651686,5.0691041178927785,97.34899249718656,12.086701565491031,0,normal
2026-01-01 08:08:00,P-101,65.26444132835663,2.191561586138746,4.990818910297237,102.92360650278286,11.85656716648896,0,normal
2026-01-01 08:09:00,P-101,65.91323561837517,2.29439330463821,5.035007149330529,101.349908641845,11.641097466856491,0,normal
2026-01-01 08:10:00,P-101,65.0490062252227,2.279395813728144,5.012828458753513,99.60805501667384,11.906487321097773,0,normal
2026-01-01 08:11:00,P-101,64.28479131541944,2.216078675683156,5.022609661790722,102.6213191231596,12.02527537885718,0,normal
2026-01-01 08:12:00,P-101,65.81425888956925,2.0752413580553393,4.963923753635688,99.8536514707416,12.119659340963077,0,normal
2026-01-01 08:13:00,P-101,65.45347135963428,2.0181796547959197,5.011535261554554,98.01387800769125,11.806587162088825,0,normal
2026-01-01 08:14:00,P-101,64.26412849503515,2.223404794469259,4.954109616300899,102.82026773795552,12.212482925979131,0,normal
2026-01-01 08:15:00,P-101,65.50932928037886,2.160399973425611,4.912139658971089,100.88944852878136,12.510471965878498,0,normal
2026-01-01 08:16:00,P-101,65.85265985321321,2.31716725588752,5.077173898834224,97.7747747368078,12.137118497715296,0,normal
2026-01-01 08:17:00,P-101,65.93477820846391,2.2881610539739294,5.053235960069598,99.506252095823,11.973165436041995,0,normal
2026-01-01 08:18:00,P-101,64.90660625112992,2.1728173595897387,4.987005060757184,98.17337320690046,11.89941357844369,0,normal
2026-01-01 08:19:00,P-101,64.6442295586596,2.0524110885774314,5.105178414787716,97.19670241842128,11.82673278900767,0,normal
2026-01-01 08:20:00,P-101,66.12211141005098,2.2788248100011197,4.997102309452645,101.85235509506327,12.350730880964935,0,normal
2026-01-01 08:21:00,P-101,64.01541862982725,2.075789445490276,5.144381571605021,103.85653140059031,11.958867580529883,0,normal
2026-01-01 08:22:00,P-101,65.3227247653011,2.105466995818834,4.986828478180983,97.27825513869172,11.929653331410746,0,normal
2026-01-01 08:23:00,P-101,63.92396659655325,2.0849685987197817,4.930410030207798,101.23900902139094,12.049969746111998,0,normal
2026-01-01 08:24:00,P-101,65.78831597232207,2.1753817466815053,5.1363376935046245,98.84944781629564,11.840037386285983,0,normal
2026-01-01 08:25:00,P-101,64.64688648221536,2.322088441926504,5.071398075640512,99.21412079105852,11.63330723676073,0,normal
2026-01-01 08:26:00,P-101,66.03565834969702,2.201994065720557,4.980730243200296,99.04119256810606,12.051979402947598,0,normal
2026-01-01 08:27:00,P-101,65.3694566725024,2.143854565335923,5.043529421265642,98.5355720502926,11.940816168544933,0,normal
2026-01-01 08:28:00,P-101,64.07622540369944,2.0237764068631927,4.9716850092846006,100.3981284004433,12.137003969372442,0,normal
2026-01-01 08:29:00,P-101,66.07046218207945,2.2575999497197894,5.053098612022747,98.67666892179837,11.826899991044158,0,normal
2026-01-01 08:30:00,P-101,66.37408130325052,2.1229870835521067,4.81788284829981,100.9169133522526,12.33271272527084,0,normal
2026-01-01 08:31:00,P-101,65.62190655179606,2.203611784013557,4.921544839835989,100.31289465315564,11.790193394291707,0,normal
2026-01-01 08:32:00,P-101,64.56160710445636,2.1788534406506708,5.078068586279252,99.97278067362944,12.427193491213355,0,normal
2026-01-01 08:33:00,P-101,64.56449859558927,2.2767449862363316,4.966755398657501,98.67278417150146,11.52327439768798,0,normal
2026-01-01 08:34:00,P-101,65.15227709856975,2.185623548537219,5.010318648748991,99.37152651578916,12.089838311612898,0,normal
2026-01-01 08:35:00,P-101,64.50944986553242,2.20198111058193,4.9129864109848524,102.07292639540869,12.181045462493916,0,normal
2026-01-01 08:36:00,P-101,66.29353312297798,2.2507466408205823,5.163839002824089,101.600964316792,11.84913966251854,0,normal
2026-01-01 08:37:00,P-101,65.14207150124895,2.456159112355099,5.082051479899104,98.68091084016906,12.066525809670324,0,normal
2026-01-01 08:38:00,P-101,62.97573115201462,2.3239148303555885,4.99265995146704,100.8714768937066,12.346023974251237,0,normal
2026-01-01 08:39:00,P-101,65.07635002112336,2.1649754386029634,4.989747043829082,102.21227123781476,11.512163427295928,0,normal
2026-01-01 08:40:00,P-101,64.74063567248625,2.202778957616348,5.056440939906094,97.40725909925182,12.047903974850255,0,normal
2026-01-01 08:41:00,P-101,64.71316261191579,2.1086548468623865,5.17729008504981,101.86924490362956,11.432759642026369,0,normal
2026-01-01 08:42:00,P-101,64.60246132648305,2.0731701179665873,5.071236903351511,99.49360828866028,11.743392047779006,0,normal
2026-01-01 08:43:00,P-101,65.8325088312706,2.157028867800198,5.193706764637691,101.99625512459625,12.467179244963123,0,normal
2026-01-01 08:44:00,P-101,65.82994729668326,2.0991167585846355,4.919857957991507,99.36460643164608,11.83549268460137,0,normal
2026-01-01 08:45:00,P-101,65.07686197474757,2.259706636673088,4.9076219213780545,97.3172867817958,11.62604861235163,0,normal
2026-01-01 08:46:00,P-101,64.68125022883487,2.0655440143738963,4.881962170092286,97.7077459536553,11.881747946363488,0,normal
2026-01-01 08:47:00,P-101,65.18685641229172,2.3874760393829875,5.046287137240876,101.09462852689173,12.54981544034764,0,normal
2026-01-01 08:48:00,P-101,64.8511519538171,2.269679598603634,5.029582021714015,101.55337377296652,11.58868065138749,0,normal
2026-01-01 08:49:00,P-101,64.24405220557537,2.188209737207525,4.980449933981551,99.26060238593094,11.714990593668093,0,normal
2026-01-01 08:50:00,P-101,65.64146479008225,2.2223284672789667,5.088556276005952,102.38155857560878,12.44580467806317,0,normal
2026-01-01 08:51:00,P-101,65.52759965938647,2.1530719678835166,5.076749260037448,97.81629716202748,12.398914500745258,0,normal
2026-01-01 08:52:00,P-101,66.23451340623092,2.232680181162929,4.888366621289222,101.04196140321696,12.005401036023938,0,normal
2026-01-01 08:53:00,P-101,65.8658147968695,2.313262967164872,4.940109106844072,98.78668690761609,11.653837431596822,0,normal
2026-01-01 08:54:00,P-101,64.66031787043731,2.1417284500929803,5.0650060328036,99.93945452737552,12.522144511273556,0,normal
2026-01-01 08:55:00,P-101,65.83214856139003,2.0379816820526093,4.976302257464593,101.37213521732804,12.43977465445714,0,normal
2026-01-01 08:56:00,P-101,64.30221823913327,2.292258808783915,4.932048719585197,99.59052056938488,12.157452364022104,0,normal
2026-01-01 08:57:00,P-101,65.48241790857666,2.2296329453872543,5.087243379810135,100.57603855981044,11.81418056955996,0,normal
2026-01-01 08:58:00,P-101,64.62250160931163,2.070050264867023,4.930753246425015,103.39132520029337,12.08948242079929,0,normal
2026-01-01 08:59:00,P-101,64.16846134988445,2.11037602656342,4.978456895951208,100.25832805744967,11.967659821462284,0,normal
2026-01-01 09:00:00,P-101,65.2945211475767,2.105718096291331,5.05745797452874,103.11664524643544,12.176212183546957,0,normal
2026-01-01 09:01:00,P-101,62.99607166107378,2.1300217981655263,4.946282090040486,99.21876831532964,12.339313408992725,0,normal
2026-01-01 09:02:00,P-101,63.7180069801184,2.176006499470382,5.088357232088433,102.57047796073785,12.296968599106483,0,normal
2026-01-01 09:03:00,P-101,64.80338635539403,2.161186806287992,4.998754400410813,104.42645584266032,11.86344965603362,0,normal
2026-01-01 09:04:00,P-101,65.16318987698538,2.134059319351473,5.0790119083719665,96.6322348896293,12.243091159193764,0,normal
2026-01-01 09:05:00,P-101,64.73602247636272,2.112955028221167,4.990077194940298,100.01368987399604,12.078693731223169,0,normal
2026-01-01 09:06:00,P-101,63.838677468146585,2.1853241921197566,5.081634883882066,102.7933272945639,12.255566267801646,0,normal
2026-01-01 09:07:00,P-101,64.5075150451456,2.2403515490401977,5.072327277012412,101.26453607737858,12.404571297141008,0,normal
2026-01-01 09:08:00,P-101,65.23113861996804,2.1518158104084835,4.974237785721703,102.44409859412288,11.795427895445298,0,normal
2026-01-01 09:09:00,P-101,65.46813983147408,2.3393793446723783,4.84096855347588,100.52474773683517,12.00678603742844,0,normal
2026-01-01 09:10:00,P-101,64.95711447476921,2.2572321468362393,5.048225813691339,101.93653533182322,11.925232422114892,0,normal
2026-01-01 09:11:00,P-101,65.7864694080337,1.991723795077471,5.020606672553874,101.4823604783884,11.652505958010288,0,normal
2026-01-01 09:12:00,P-101,65.40250087672472,2.2734202390943294,5.086059632370044,104.15935501640342,12.211458144893331,0,normal
2026-01-01 09:13:00,P-101,64.68154017830236,2.3076033655938857,5.005502007468107,102.36242052587342,12.69876175367231,0,normal
2026-01-01 09:14:00,P-101,64.62228993571641,2.128668251130809,4.991148578176168,102.55827940802251,11.616728946114236,0,normal
2026-01-01 09:15:00,P-101,63.88754122957278,2.021805558941005,5.171563021248548,101.08851803700112,12.024585388347663,0,normal
2026-01-01 09:16:00,P-101,64.9891345664331,2.210423730972616,4.891871229444771,100.96595543656336,12.189114396865596,0,normal
2026-01-01 09:17:00,P-101,65.91524400624212,2.2022704006802627,5.069762447185336,101.10464089161962,12.063908777162634,0,normal
2026-01-01 09:18:00,P-101,65.57036254116191,2.068168760790159,4.981901250215922,102.78693988705936,12.055326183482846,0,normal
2026-01-01 09:19:00,P-101,66.00589417794338,2.011389533699819,4.984978005207991,101.18402946272252,11.71071679302022,0,normal
2026-01-01 09:20:00,P-101,64.81256877163376,2.1963531952597077,5.000963683709871,102.63319103157887,12.137192416682408,0,normal
2026-01-01 09:21:00,P-101,66.07598457608657,2.171918829513296,4.998042873213593,106.2317615147293,11.997761851187898,0,normal
2026-01-01 09:22:00,P-101,64.67256684013888,2.128329433823471,5.084199929981499,103.85019931625992,11.56802555324316,0,normal
2026-01-01 09:23:00,P-101,66.3145180077148,2.2071469545377727,5.126077087348919,101.48255996729218,12.3431248541472,0,normal
2026-01-01 09:24:00,P-101,65.1331134430584,2.086491690268075,5.083234642089649,104.5633549189916,12.37649710253026,0,normal
2026-01-01 09:25:00,P-101,65.58740025836319,2.1505234213710365,5.021978111059179,101.37075513622112,12.054037898299404,0,normal
2026-01-01 09:26:00,P-101,66.18063284364908,2.2640668726988715,4.902447662889248,98.13629028171884,12.00135738050299,0,normal
2026-01-01 09:27:00,P-101,64.95534950817985,2.171765041738446,5.043562529410333,100.22165081443774,12.275229027612024,0,normal
2026-01-01 09:28:00,P-101,65.17939919931503,1.9999493045448544,5.15771967353991,98.5211703001566,12.01172002319922,0,normal
2026-01-01 09:29:00,P-101,66.14050410242059,2.1569535969551157,4.98538743574591,101.58430056495172,12.27353340563888,0,normal
2026-01-01 09:30:00,P-101,64.89202976660904,2.0713850215983136,4.993405078518915,102.34837648670648,11.996080744382732,0,normal
2026-01-01 09:31:00,P-101,64.14274368620349,2.2569885446014597,5.011995484814037,105.68826152925163,12.498643780521036,0,normal
2026-01-01 09:32:00,P-101,66.78263685678846,2.246789390045717,4.990974061679828,103.0127200439382,12.170578032801318,0,normal
2026-01-01 09:33:00,P-101,64.66691886455078,2.0062883494922383,4.799813737089467,101.94377013832576,12.10682609005124,0,normal
2026-01-01 09:34:00,P-101,65.04876087728259,2.281301061036432,5.073037952038253,104.0635121169796,11.80439009133138,0,normal
2026-01-01 09:35:00,P-101,65.92955828537238,2.067131762573008,4.912403629542721,98.00478036510908,12.0118823745287,0,normal
2026-01-01 09:36:00,P-101,64.46505234768603,2.381082808691755,4.900381419180343,102.92024686836868,11.879618676677447,0,normal
2026-01-01 09:37:00,P-101,64.17802533493736,2.192186806449309,5.100378477785196,104.01232818065922,11.960799163787652,0,normal
2026-01-01 09:38:00,P-101,65.11586765706059,2.0395425076303906,4.908784729256923,99.53461520602777,11.782194549101805,0,normal
2026-01-01 09:39:00,P-101,63.51651649495864,2.0568338731779487,5.020907397754702,104.80009220654028,11.877444033221405,0,normal
2026-01-01 09:40:00,P-101,65.0206719979053,2.273146042439436,5.1494151572100355,103.20997659149486,12.627492148499089,0,normal
2026-01-01 09:41:00,P-101,65.34983372906215,2.172269362913424,4.904486812333864,101.72240761758248,12.384506994024576,0,normal
2026-01-01 09:42:00,P-101,65.02213295716382,2.2181633401738168,4.915773578240114,103.83814370079352,12.59523618655987,0,normal
2026-01-01 09:43:00,P-101,63.728547615102094,2.388947174129981,5.09287605483686,107.1331559671873,11.908270924126729,0,normal
2026-01-01 09:44:00,P-101,66.31815914524381,2.1214428098275855,5.121701826862085,102.97428377412557,12.107041950701491,0,normal
2026-01-01 09:45:00,P-101,64.99098409519172,2.1957147394275323,4.9053062747087655,103.12536121273226,11.770383930080945,0,normal
2026-01-01 09:46:00,P-101,66.09609002905238,2.36427738034014,5.049896697749218,101.72815188022436,11.877920837107466,0,normal
2026-01-01 09:47:00,P-101,64.71173494880412,2.2224321106745277,5.056127169272046,100.96472060751104,11.799409872371188,0,normal
2026-01-01 09:48:00,P-101,64.47205516615806,2.0292157656958723,4.878689120360037,104.34219590554228,12.440161878776658,0,normal
2026-01-01 09:49:00,P-101,65.18755434562853,2.2571728825859068,5.0737405880613915,100.98604810288136,11.930524023561,0,normal
2026-01-01 09:50:00,P-101,64.96849959588887,2.0780808191849176,5.098704606705743,102.85761363183684,12.35282324237861,0,normal
2026-01-01 09:51:00,P-101,64.13950295878807,2.3790309190955994,4.992807184324765,101.77500301852476,12.204280312952871,0,normal
2026-01-01 09:52:00,P-101,66.45063548027275,2.135606896555586,5.137224540677396,103.70368316935554,12.687020183106863,0,normal
2026-01-01 09:53:00,P-101,64.39537563640289,2.5429901177692407,5.1251966434727025,103.4280197526715,11.732979536795217,0,normal
2026-01-01 09:54:00,P-101,63.71191395425046,2.3991010013601857,5.056752549147568,104.85031150901918,12.460317655217276,0,normal
2026-01-01 09:55:00,P-101,66.1984084901254,2.121390947514585,4.981577335373558,101.76929665995526,12.33968911739884,0,normal
2026-01-01 09:56:00,P-101,64.52638254702859,2.19362927656003,4.944806138161194,102.26323695678308,11.824552399196737,0,normal
2026-01-01 09:57:00,P-101,64.62475830925158,2.3043144917140257,5.005581660664675,100.858674141397,12.2775435583602,0,normal
2026-01-01 09:58:00,P-101,63.64458904772896,2.3011516465763227,5.064984564451598,101.94038508752638,12.14224779338235,0,normal
2026-01-01 09:59:00,P-101,66.41315631409515,2.2556307417993375,5.010024810127488,103.59589590107392,12.051007812043869,0,normal
2026-01-01 10:00:00,P-101,63.93842774292117,2.3465106110220475,4.8678713874007995,104.36714678217616,11.925030531722284,0,normal
2026-01-01 10:01:00,P-101,64.98709179525022,2.177785252739588,5.111699741424972,101.02026298588468,11.850830526714244,0,normal
2026-01-01 10:02:00,P-101,65.9904547940981,2.1885386967790956,5.0613656298202265,104.61477720726346,12.650896340164383,0,normal
2026-01-01 10:03:00,P-101,65.40461013308663,2.166780894784568,5.025603627589535,105.59735873236816,12.168091466710417,0,normal
2026-01-01 10:04:00,P-101,65.07516572723476,2.3183659349402195,5.105802818303335,103.72301472294724,12.30722294207128,0,normal
2026-01-01 10:05:00,P-101,63.63948946850533,2.243924494228226,5.188564498803641,106.65934110850202,12.002055387838173,0,normal
2026-01-01 10:06:00,P-101,64.29064263837046,2.2272568532558656,4.789520242446337,101.36731680053688,11.846056267460696,0,normal
2026-01-01 10:07:00,P-101,65.26365000589985,2.3096043268440916,5.039083804111135,100.4342712117369,12.283524338664591,0,normal
2026-01-01 10:08:00,P-101,64.22779548933,1.9360655542224876,4.879611701864133,99.37436387289604,11.643836863299,0,normal
2026-01-01 10:09:00,P-101,65.19234603657006,2.240915567436399,5.099245378345226,105.93165378013111,12.074146171427616,0,normal
2026-01-01 10:10:00,P-101,65.59986458493806,2.23303699890059,5.052790106838908,104.2555930648942,12.136174644714885,0,normal
2026-01-01 10:11:00,P-101,65.81524985276529,2.405912912771736,5.079283358732911,102.8425236617667,12.113118860313014,0,normal
2026-01-01 10:12:00,P-101,64.0433871262714,2.019610768693553,4.99526014169306,103.51999508526325,12.060826531303858,0,normal
2026-01-01 10:13:00,P-101,66.80547854776816,2.3928826088583355,4.857290562450638,100.714977139617,12.120404259462491,0,normal
2026-01-01 10:14:00,P-101,65.77762371006098,2.229504124773168,5.042599427062703,107.8628882363236,12.40910058604416,0,normal
2026-01-01 10:15:00,P-101,65.11090986922541,2.272713892699288,5.0648956754901215,103.23478646789388,12.28070298040165,0,normal
2026-01-01 10:16:00,P-101,65.81144436784376,2.393587142185932,5.113227621501716,103.19962352076982,11.849537753456138,0,normal
2026-01-01 10:17:00,P-101,66.91714734339199,2.270393992884671,4.950617358949611,104.43638629874128,12.06205281448004,0,normal
2026-01-01 10:18:00,P-101,64.01590523683304,2.268904359445324,5.1216690270588705,103.95041929090294,12.417203294196325,0,normal
2026-01-01 10:19:00,P-101,64.95052554175639,2.245416899264962,4.982562664321679,103.4392447493401,12.326839139373671,0,normal
2026-01-01 10:20:00,P-101,62.97692630224597,2.1269415775687532,5.043127303271504,101.4131312743942,11.69917907536156,0,normal
2026-01-01 10:21:00,P-101,65.23653898716272,2.2068835251892907,4.998599959611649,103.93914758409004,12.206044402610752,0,normal
2026-01-01 10:22:00,P-101,65.17563587753308,2.099553528564393,5.082192824325686,106.76191741087185,11.708301209982451,0,normal
2026-01-01 10:23:00,P-101,65.04164250977375,2.2037734973349368,5.12824913736722,105.68989266015986,12.18243050531989,0,normal
2026-01-01 10:24:00,P-101,64.74038348150664,1.9526896086415488,4.96370023767582,106.18613638589024,12.6600258457632,0,normal
2026-01-01 10:25:00,P-101,63.28932993908809,2.2426024421129505,4.96538321473163,101.97756864713764,11.822353880096882,0,normal
2026-01-01 10:26:00,P-101,65.2276412840854,2.1764933217154616,5.02500254190831,101.0205534920943,11.822035843389934,0,normal
2026-01-01 10:27:00,P-101,66.27372031002135,2.1733271419611255,5.219601480158934,102.7474787276506,12.273431807222734,0,normal
2026-01-01 10:28:00,P-101,64.41021690280228,2.2117499284964457,4.962038005451646,103.10931824249916,11.707579168472565,0,normal
2026-01-01 10:29:00,P-101,65.35098756711113,2.027839782230724,5.215056649947353,105.18459390675996,11.99734905973154,0,normal
2026-01-01 10:30:00,P-101,63.8004384741324,2.4383816402031084,5.1564453735525655,99.60915092585518,12.137384812171092,0,normal
2026-01-01 10:31:00,P-101,65.37494879426151,2.1888151975349253,5.052720881340903,106.05057733970308,12.02294585826874,0,normal
2026-01-01 10:32:00,P-101,64.69376578344644,2.1835576207486076,5.002871648206724,102.67238503027154,12.021179054105405,0,normal
2026-01-01 10:33:00,P-101,64.49005730148177,2.096651412529561,4.965945693217315,102.13109091104906,12.24997915491023,0,normal
2026-01-01 10:34:00,P-101,64.44534319755323,2.209577829709678,5.004110049383783,100.9566251810397,12.134085276315332,0,normal
2026-01-01 10:35:00,P-101,64.70779214312567,2.369270362926804,4.884128752997355,99.66663076021187,12.056703521880207,0,normal
2026-01-01 10:36:00,P-101,65.32744712996718,2.3269975048084897,5.0400781330644895,104.61772544501378,12.053751193532904,0,normal
2026-01-01 10:37:00,P-101,64.02462664459357,2.311827180830615,5.150876333593974,103.11259116859054,12.185893013874956,0,normal
2026-01-01 10:38:00,P-101,64.67449609913344,2.264591419748538,4.954914555333278,100.3801360331415,11.980470910969306,0,normal
2026-01-01 10:39:00,P-101,65.01696556410678,2.1632427700057497,4.98437741027548,100.36353545946038,12.125357466265257,0,normal
2026-01-01 10:40:00,P-101,64.098378926106,2.0231817081720296,4.886661685594679,102.2752923536058,11.94402576432868,0,normal
2026-01-01 10:41:00,P-101,66.49440656239483,2.183009647507857,5.092701049127799,106.27760820773152,12.14268600263706,0,normal
2026-01-01 10:42:00,P-101,64.24715929671146,2.162939884351025,5.045284751475884,102.41262166797738,11.824889201901318,0,normal
2026-01-01 10:43:00,P-101,64.45995724463806,2.3252936797036563,5.004269135902497,99.91729471212352,11.988766938862147,0,normal
2026-01-01 10:44:00,P-101,64.16533446262599,2.230624455905676,5.006887926687949,102.42340907057212,11.869952056209954,0,normal
2026-01-01 10:45:00,P-101,66.35570305282099,2.383092256237237,5.000182389937109,102.36030234389057,11.792297457776218,0,normal
2026-01-01 10:46:00,P-101,65.43821875723253,2.3431854465986985,5.01517573500222,97.50237163061668,11.989736435882346,0,normal
2026-01-01 10:47:00,P-101,64.30533029197153,2.1520460139803133,5.025469604690136,102.77749328172264,12.136509742416097,0,normal
2026-01-01 10:48:00,P-101,65.99223697626245,1.9979909625524257,5.049334712790775,102.41369630663478,12.268129322936186,0,normal
2026-01-01 10:49:00,P-101,65.16853047484,2.367265467999089,5.059768689035031,104.25700636386676,12.019928798522228,0,normal
2026-01-01 10:50:00,P-101,65.32522100243818,2.378053509981313,5.155385000355422,106.55108173877616,12.298545663872472,0,normal
2026-01-01 10:51:00,P-101,64.84063108991435,2.0505812162062735,5.105103777530801,105.09442497407974,12.29053214229081,0,normal
2026-01-01 10:52:00,P-101,64.47243892193642,2.390105266317049,5.038340889717705,102.29119422656892,12.179929278754967,0,normal
2026-01-01 10:53:00,P-101,65.19488530802921,2.236438114069293,5.127505260006957,100.60314975547828,11.811681071963813,0,normal
2026-01-01 10:54:00,P-101,64.67426304143709,2.233073862954273,5.1131185466632205,107.94970643386957,12.275832063583884,0,normal
2026-01-01 10:55:00,P-101,66.52471172917387,2.4026873936989035,5.133474678360171,102.90776632569371,12.178268063784476,0,normal
2026-01-01 10:56:00,P-101,64.01892204494827,2.3656565869305175,5.076586310714224,102.80309020432928,12.085887322856864,0,normal
2026-01-01 10:57:00,P-101,66.05282699686137,2.2561474115616025,4.879770927364253,102.7124453678776,11.559753946443555,0,normal
2026-01-01 10:58:00,P-101,64.96469659983188,2.263505007756204,5.135805711459531,103.14189303939848,12.134379197175324,0,normal
2026-01-01 10:59:00,P-101,65.48982085621509,2.3052863484884196,5.035230070189485,102.4415970882071,12.626380672495523,0,normal
2026-01-01 11:00:00,P-101,65.6493281721515,2.1498433527900915,5.011515189764314,101.5671571436376,11.957004897119882,0,normal
2026-01-01 11:01:00,P-101,64.44224682867754,2.186693609117258,5.038552846521349,101.60449787221832,11.86611566170272,0,normal
2026-01-01 11:02:00,P-101,65.76012577651431,2.1003128250430803,4.9985615243636525,102.6160177320218,12.171817671888505,0,normal
2026-01-01 11:03:00,P-101,62.884133454391794,2.1663062942484217,5.033937906872847,101.5775598041731,12.125421346741836,0,normal
2026-01-01 11:04:00,P-101,64.5579360753315,2.1727448972983594,4.964861735832058,101.22118211395052,12.33481925477262,0,normal
2026-01-01 11:05:00,P-101,64.16906430448245,2.112302674439813,5.1303595856539035,102.84178049551538,11.77078637588824,0,normal
2026-01-01 11:06:00,P-101,64.09554037731009,2.2287027287187535,5.011918919201984,102.10059682916686,12.245862968018754,0,normal
2026-01-01 11:07:00,P-101,64.95427541040691,2.17690220802469,5.025390854869644,105.59975622874389,12.315598202175185,0,normal
2026-01-01 11:08:00,P-101,65.26163300507284,2.254397295258173,4.898712338260408,97.27064035179492,11.882582576318711,0,normal
2026-01-01 11:09:00,P-101,65.65282869638236,2.016659113602613,5.068862034624182,104.735997149229,12.226751743957292,0,normal
2026-01-01 11:10:00,P-101,65.35594900385819,2.2068033744693554,5.06522010962502,105.0251541615013,12.408118995244628,0,normal
2026-01-01 11:11:00,P-101,64.53506640995174,2.2242388445546206,5.014732005647302,98.36580365531012,12.169052954666418,0,normal
2026-01-01 11:12:00,P-101,65.20258816916589,2.1511463685827934,4.935883974093857,101.80641250942676,11.768437547264371,0,normal
2026-01-01 11:13:00,P-101,65.20217696728695,2.1921564274486767,4.889182664704011,101.7277160608937,12.256871028515684,0,normal
2026-01-01 11:14:00,P-101,65.73798400619815,2.008412862693585,5.046387247827684,99.63399436271592,11.97284767962335,0,normal
2026-01-01 11:15:00,P-101,65.63929378344207,2.2449953051974476,5.1274855250295515,100.87141760794309,12.044361052742172,0,normal
2026-01-01 11:16:00,P-101,65.03390342140085,2.278903004191091,4.919727202845618,100.18354926368096,12.023805725660852,0,normal
2026-01-01 11:17:00,P-101,64.33781144118466,2.26617620606866,5.1860204235128435,105.88651208279076,12.139034615284157,0,normal
2026-01-01 11:18:00,P-101,64.6475732900375,2.3458889239709575,5.0650151055259585,104.23022208270478,12.42483353675791,0,normal
2026-01-01 11:19:00,P-101,64.61033868144094,2.2304548238378192,5.048219938582828,104.87849709468938,12.12542542287838,0,normal
2026-01-01 11:20:00,P-101,64.68089092630565,2.249079740857944,5.005744942840476,103.75488385641384,11.832759983596622,0,normal
2026-01-01 11:21:00,P-101,65.17543804436202,2.2138556014011006,4.889530798351999,100.02922399059987,11.902494255725564,0,normal
2026-01-01 11:22:00,P-101,65.60457354709929,2.2865603407257034,5.091155417370456,101.21371360964876,12.081085087492085,0,normal
2026-01-01 11:23:00,P-101,65.12062539472214,2.030922487305951,4.970117216672275,103.2165725587284,12.403800872836111,0,normal
2026-01-01 11:24:00,P-101,65.07042870362675,2.0999613930059353,4.935298303283898,99.76828373429062,12.143822183265929,0,normal
2026-01-01 11:25:00,P-101,65.0729463490366,2.3852156219735465,5.115483132217047,103.61290274260902,11.895753262591509,0,normal
2026-01-01 11:26:00,P-101,64.85595805650219,1.938332989724463,4.866164087049737,101.68027627834743,12.671705767520146,0,normal
2026-01-01 11:27:00,P-101,64.30278330998178,2.1885657879329767,4.891961829311834,101.38496541652866,12.107742790240357,0,normal
2026-01-01 11:28:00,P-101,63.765547194100975,2.3619101841466614,5.033847958977389,103.52986984580352,12.42474377987386,0,normal
2026-01-01 11:29:00,P-101,64.4643429086657,2.191366519525889,5.053157619724493,102.9694865404105,12.051155987818008,0,normal
2026-01-01 11:30:00,P-101,65.44783279491855,2.1600632254639565,5.052095861698993,101.3317089861479,12.1732910807608,0,normal
2026-01-01 11:31:00,P-101,64.57375359639329,2.2325409445709536,5.019302700839216,104.34465803109158,12.34020686706235,0,normal
2026-01-01 11:32:00,P-101,64.92960474859991,2.1726068757172894,5.200788662962364,99.83590894710296,12.299625946351654,0,normal
2026-01-01 11:33:00,P-101,65.51730140224144,2.221721485669782,5.013784880110207,103.2016284811474,12.360390930778978,0,normal
2026-01-01 11:34:00,P-101,65.54129974195318,2.1335877937194647,5.012810811838233,103.1273704006451,12.3118703620376,0,normal
2026-01-01 11:35:00,P-101,64.12038319423517,2.3310421148906877,4.94917285740107,101.29317909061808,11.960023689920016,0,normal
2026-01-01 11:36:00,P-101,65.77089696250758,2.3674479751959634,5.035265946605249,102.53534012835634,11.933123693361676,0,normal
2026-01-01 11:37:00,P-101,65.9273570427548,2.1871777827554086,5.042710415428746,99.3513516865004,12.06369242817606,0,normal
2026-01-01 11:38:00,P-101,64.23349506063724,2.0507931378185607,5.133004693677653,103.67184493149762,12.343437366030196,0,normal
2026-01-01 11:39:00,P-101,64.33574536232486,2.136490676817115,4.895096365607649,101.42391067628658,11.987037145094446,0,normal
2026-01-01 11:40:00,P-101,66.06800465967846,2.1923128749328336,4.987499470089937,100.71790971583934,12.287830282903776,0,normal
2026-01-01 11:41:00,P-101,65.07374769628765,2.2845684793898733,5.074043654484137,103.83073656194058,12.478076283229765,0,normal
2026-01-01 11:42:00,P-101,63.13606298372671,2.068024080930543,5.04989579743051,100.29311946629475,11.779713354220489,0,normal
2026-01-01 11:43:00,P-101,63.78280717691507,2.0955195693505946,4.989060935191738,98.85370425673744,11.756380951753052,0,normal
2026-01-01 11:44:00,P-101,64.76877789028934,2.257315335346473,5.028653164494118,98.525924693155,11.920683976068316,0,normal
2026-01-01 11:45:00,P-101,64.13416115004277,2.3207434686285544,4.963477891442219,102.81950028762829,12.161488175676146,0,normal
2026-01-01 11:46:00,P-101,64.60498026433284,2.1173736246847668,5.114779086434381,99.01466518489131,11.839298202104976,0,normal
2026-01-01 11:47:00,P-101,65.22177212241733,2.06449584745969,5.129939317891487,105.05290696531326,12.489637878676184,0,normal
2026-01-01 11:48:00,P-101,66.1803744988493,2.595415536107237,4.865875884926185,97.34701078913984,12.026427039053807,0,normal
2026-01-01 11:49:00,P-101,64.83003470897654,2.3017962386954927,4.9627027037629095,104.87109476122497,12.155994604896934,0,normal
2026-01-01 11:50:00,P-101,65.73685003875187,2.1528116234746655,4.934919219558551,101.86729595671038,11.69704149773418,0,normal
2026-01-01 11:51:00,P-101,66.02605077485974,2.28966408371749,5.066424453399275,101.21868557275522,11.70760661307578,0,normal
2026-01-01 11:52:00,P-101,66.1790154774088,2.189011172175162,4.900110792769068,100.28890140824656,12.078919354817849,0,normal
2026-01-01 11:53:00,P-101,65.04026517461666,2.280616514180548,4.994952272033095,102.14342187697424,11.531153749770516,0,normal
2026-01-01 11:54:00,P-101,63.545465357434466,2.2336392681963524,5.048737130664373,101.23607789510312,12.29024168926411,0,normal
2026-01-01 11:55:00,P-101,65.3946518075506,2.2142016171835475,5.029546141623568,103.48394163872828,12.064979788068769,0,normal
2026-01-01 11:56:00,P-101,66.18068819169395,2.2291162109926956,5.035426821660056,101.47158204030391,12.8549207036078,0,normal
2026-01-01 11:57:00,P-101,65.18404981467405,2.0574271773622277,4.929829011392746,101.50932283006476,12.62225874755597,0,normal
2026-01-01 11:58:00,P-101,66.38288494804844,2.4309736194257088,5.052057315632618,100.44689657608389,11.968044629970638,0,normal
2026-01-01 11:59:00,P-101,65.68953850139032,2.0872248860949147,4.961197508993153,101.02544603912328,12.00417913054087,0,normal
2026-01-01 12:00:00,P-101,65.57481657947248,2.051821905561511,4.991230198006546,101.71997719583815,12.30049469437565,0,normal
2026-01-01 12:01:00,P-101,66.0112086161664,2.1922198199694516,4.995507526740744,97.6488988508265,12.355260118004304,0,normal
2026-01-01 12:02:00,P-101,65.08294367036885,2.0616543560487575,4.99162183697559,98.33755792531213,11.54061947340036,0,normal
2026-01-01 12:03:00,P-101,62.85693389580763,2.1751922520482556,5.026768269737391,102.48498682161438,11.62795573830976,0,normal
2026-01-01 12:04:00,P-101,64.55414009873641,2.276713069316499,4.952995471298635,101.30456170567751,11.883628149781732,0,normal
2026-01-01 12:05:00,P-101,66.0227171918407,2.3275591943188094,4.981626890208259,100.55908431041948,12.162456925106053,0,normal
2026-01-01 12:06:00,P-101,64.41475019830247,2.30537059539224,5.009454613375581,100.92799261086188,12.152058175952757,0,normal
2026-01-01 12:07:00,P-101,64.94680179568643,2.179021628410217,4.905495393327966,101.55022119813329,12.31394949968996,0,normal
2026-01-01 12:08:00,P-101,64.04103323339221,2.1905638048837237,4.960390727154262,99.73933644593326,11.692255711286672,0,normal
2026-01-01 12:09:00,P-101,66.1862346706813,2.2188325604226855,5.023273541003278,99.22591506806506,11.397741486299733,0,normal
2026-01-01 12:10:00,P-101,66.4446485075249,2.001497326825763,4.909182673409272,101.13776017168992,12.248636353976234,0,normal
2026-01-01 12:11:00,P-101,64.19511827382098,2.2562468377560796,5.08005404648595,98.75275143584112,11.755533474833925,0,normal
2026-01-01 12:12:00,P-101,64.93386142740373,2.002126963876498,5.116462238950758,101.48931779427708,11.540057567731152,0,normal
2026-01-01 12:13:00,P-101,64.43688138584018,2.442501169875207,4.872696495136098,97.23085412129048,11.95319156012856,0,normal
2026-01-01 12:14:00,P-101,65.6031625746413,2.1653590477700217,5.135183982805957,102.65744121619451,12.278017158540504,0,normal
2026-01-01 12:15:00,P-101,65.41362881548473,2.178550272948008,5.003586861988862,101.50733890858326,12.014705884227178,0,normal
2026-01-01 12:16:00,P-101,65.616025162419,2.1034677362325067,5.0438524511881,101.03712864555358,11.916651762820983,0,normal
2026-01-01 12:17:00,P-101,65.27903805651343,2.126091508470707,4.984800850464497,102.45329346347567,12.033758245867793,0,normal
2026-01-01 12:18:00,P-101,67.35664619674614,2.4739313822516102,5.111659842741015,103.78162565628742,12.020803079088427,0,normal
2026-01-01 12:19:00,P-101,64.07216160882247,2.299656940238679,5.056908631528795,102.44211100209016,11.736251552077665,0,normal
2026-01-01 12:20:00,P-101,63.5203802636081,2.0002035749769234,4.9018102518524875,96.69425123802962,11.72215736789328,0,normal
2026-01-01 12:21:00,P-101,64.711008812594,2.383690669726624,4.884577992214267,97.77941522114904,12.063702432887924,0,normal
2026-01-01 12:22:00,P-101,63.76639461755938,2.3457872267679214,4.873690285074884,99.05144798916228,12.051963075018993,0,normal
2026-01-01 12:23:00,P-101,63.82662499287278,2.1688288556351014,5.018192699015359,100.3157356900739,12.05148702219392,0,normal
2026-01-01 12:24:00,P-101,64.11456900994656,2.2262562247066966,5.0584106975175995,101.26129845752205,11.789051833262317,0,normal
2026-01-01 12:25:00,P-101,64.2289411666285,2.194043246841197,5.039446093625165,98.73688393228102,11.916730727434514,0,normal
2026-01-01 12:26:00,P-101,64.02489021159758,2.4102826751783364,4.995804177266344,100.52426648349346,11.47146173289409,0,normal
2026-01-01 12:27:00,P-101,65.41565048294451,2.1045795926444715,4.893463330379883,98.60230468330316,12.002688306470445,0,normal
2026-01-01 12:28:00,P-101,64.72416277807724,2.2336605265412763,4.933957562961559,98.85235468034612,12.322785067363776,0,normal
2026-01-01 12:29:00,P-101,64.67566763800924,2.1260324725192676,5.06443165037649,97.2243759259536,11.54819824476808,0,normal
2026-01-01 12:30:00,P-101,65.63463585436232,2.017941355791053,4.9427650499097755,98.1535335077782,11.798124086903908,0,normal
2026-01-01 12:31:00,P-101,64.38695985007527,2.4629988243441514,4.984062737145691,97.25893266911729,12.00004467475105,0,normal
2026-01-01 12:32:00,P-101,64.88932190297156,2.0708318382496276,4.893676593391162,97.97286320771532,12.252396554838333,0,normal
2026-01-01 12:33:00,P-101,65.2717160837868,2.22380401436259,5.046868774088781,101.99421304520588,11.94777023728114,0,normal
2026-01-01 12:34:00,P-101,63.352926357790786,1.9793885020202315,4.942889927743642,97.9504692677968,11.76545149571743,0,normal
2026-01-01 12:35:00,P-101,62.95609998945096,2.1351145848672584,5.13450094281293,105.07639257108686,11.660060991528583,0,normal
2026-01-01 12:36:00,P-101,65.29636554059113,2.2530702182661333,5.069491170348325,100.76065538517798,12.048679193882366,0,normal
2026-01-01 12:37:00,P-101,65.59909245236075,2.1267170509481197,4.961404710851383,100.10611865773753,12.51370256976806,0,normal
2026-01-01 12:38:00,P-101,66.6548983456194,2.270856501805463,4.969688870763026,97.98219929508392,12.008805594343686,0,normal
2026-01-01 12:39:00,P-101,65.13699261002544,2.16902965763993,4.9665312068387255,101.06205060419754,12.026291773329998,0,normal
2026-01-01 12:40:00,P-101,65.66967270064515,2.340945017342668,4.871172590744715,98.47272464683154,12.034702317096691,0,normal
2026-01-01 12:41:00,P-101,64.8404804698232,2.3630186326873246,4.92971109320859,99.8306487572368,11.992146461729952,0,normal
2026-01-01 12:42:00,P-101,65.21251424775215,2.1264321875229104,5.062552309309418,104.66949230917533,11.936831176210228,0,normal
2026-01-01 12:43:00,P-101,66.40797308942699,2.2184788951305756,5.019220446908027,99.31996870496604,12.185419040068409,0,normal
2026-01-01 12:44:00,P-101,63.344663627518415,2.2274967424290333,5.029618607043867,101.77347747564552,12.109644705047304,0,normal
2026-01-01 12:45:00,P-101,65.3090323697226,2.2715893359103214,4.95617638774322,98.03150320599106,11.945348409163149,0,normal
2026-01-01 12:46:00,P-101,66.60290349826363,2.188530103824528,5.067954259232308,99.33089307746285,11.736085285504323,0,normal
2026-01-01 12:47:00,P-101,65.39084512785901,2.243477534182583,5.034139151779923,102.90557994150484,12.413044381228836,0,normal
2026-01-01 12:48:00,P-101,66.36380768833851,2.1762098877436142,5.036992842263439,98.07325360157633,12.108373294380566,0,normal
2026-01-01 12:49:00,P-101,64.4763229981388,2.2112903737569347,4.887251990673025,102.91540012492268,11.949231794405854,0,normal
2026-01-01 12:50:00,P-101,65.08257770055022,2.369279785209365,4.692902321964697,100.6694342094164,12.270539239702977,0,normal
2026-01-01 12:51:00,P-101,64.95417318122445,2.26844916635962,5.0036284615204645,98.09254192934178,11.81838354828395,0,normal
2026-01-01 12:52:00,P-101,63.15307830332059,2.275044572584155,4.890478344417871,100.44595967155908,11.817877917019011,0,normal
2026-01-01 12:53:00,P-101,64.00256803931393,2.278907226595531,4.9939043749013905,101.09005111184352,11.842775753985237,0,normal
2026-01-01 12:54:00,P-101,63.94962302334044,2.1599333325102297,4.979357188515064,100.3524951797033,11.567807717119075,0,normal
2026-01-01 12:55:00,P-101,65.65599709539298,2.2380522743504128,5.086317043964185,95.93249957709423,11.99586058241738,0,normal
2026-01-01 12:56:00,P-101,65.48560273454055,2.043264189848874,5.0078286724247745,97.58289481892864,11.469700624983272,0,normal
2026-01-01 12:57:00,P-101,65.11846282018259,2.334661127010205,4.9983337630971745,98.50650409532804,11.6480841650434,0,normal
2026-01-01 12:58:00,P-101,65.43752996904404,1.8383257045637464,5.055131336093457,98.81720437227636,11.445619128898656,0,normal
2026-01-01 12:59:00,P-101,64.86213880325103,2.188724484598305,5.031200892536739,100.1721085589616,11.983645833571124,0,normal
2026-01-01 13:00:00,P-101,65.9375256297302,2.333905054020353,4.95589612399905,99.25102834381248,11.939950735246407,0,normal
2026-01-01 13:01:00,P-101,64.92864082073919,2.0265371062936715,5.047617814380509,96.1899739960144,11.80402516658384,0,normal
2026-01-01 13:02:00,P-101,64.93706876489235,2.23432078098289,4.907082736783941,99.58627470150032,11.726943817377366,0,normal
2026-01-01 13:03:00,P-101,64.67045194424752,2.1036737827676992,5.025984296836952,100.01245218342666,11.70731512714364,0,normal
2026-01-01 13:04:00,P-101,65.59251481829838,2.1613629127009912,4.874958957997917,99.87645415288225,12.11238609047311,0,normal
2026-01-01 13:05:00,P-101,64.61859643645579,2.3079573514949976,5.02515774436542,100.88422357641404,11.888888724365298,0,normal
2026-01-01 13:06:00,P-101,65.81705889802181,2.2282560556391378,5.019004141433284,100.356497009145,12.089784490658383,0,normal
2026-01-01 13:07:00,P-101,64.00063434493703,1.944171503042604,5.129848502055041,99.57321051018678,11.765884143774548,0,normal
2026-01-01 13:08:00,P-101,64.12074441843717,2.082813613009674,4.85961137847684,98.48092899521824,11.999693555549316,0,normal
2026-01-01 13:09:00,P-101,65.62346080387047,2.3262302131578103,4.904588689296415,95.26596633647202,12.183798499423176,0,normal
2026-01-01 13:10:00,P-101,64.9807489133644,2.26032116181201,5.059954348285531,99.41397541596002,12.128960712576998,0,normal
2026-01-01 13:11:00,P-101,64.58289180545202,2.4030268859997306,5.016197314008598,98.93719334968134,11.86501234593632,0,normal
2026-01-01 13:12:00,P-101,65.72615353984976,2.4036811305152703,5.004747284801835,99.03228806948346,12.035268384673486,0,normal
2026-01-01 13:13:00,P-101,64.44096256224229,2.1497770460712795,4.882540986233465,95.90318424701486,11.816929233777891,0,normal
2026-01-01 13:14:00,P-101,64.79577537138077,2.494880583460972,4.915358162445682,96.2623630292996,11.88984093705267,0,normal
2026-01-01 13:15:00,P-101,66.09280715870283,2.199615660212966,5.104591533875149,100.49882532172882,11.933561996614738,0,normal
2026-01-01 13:16:00,P-101,66.19426083588498,2.079848145775476,4.978696331020524,98.28170665208388,11.907367398091168,0,normal
2026-01-01 13:17:00,P-101,66.27543639806706,2.126152944822079,5.026952521144365,99.69237454528069,12.043794574626965,0,normal
2026-01-01 13:18:00,P-101,64.65522146735324,1.9143082484778169,4.974333232746687,98.35482990488065,11.702305222250931,0,normal
2026-01-01 13:19:00,P-101,65.86289597131328,2.3776339869056264,4.888621100467266,98.32679416872467,11.695834118314249,0,normal
2026-01-01 13:20:00,P-101,64.10334202466284,2.374184474544985,5.075836952636746,100.11321185507458,11.656260717194437,0,normal
2026-01-01 13:21:00,P-101,64.0805409369047,2.0538970119276945,5.012000546706527,97.1741955943927,11.515158091705851,0,normal
2026-01-01 13:22:00,P-101,62.97832845660805,2.1549905277326125,5.1681354535973565,98.36845066079816,11.646732846768826,0,normal
2026-01-01 13:23:00,P-101,66.32090325919906,2.20929899250354,4.890972195461146,97.2218705833189,11.9565217442006,0,normal
2026-01-01 13:24:00,P-101,64.18651257072511,2.069469689991193,5.038285168308671,97.24793346126329,11.694241124964927,0,normal
2026-01-01 13:25:00,P-101,64.91976798803125,1.9920120127260748,4.869770320555206,97.46938378381664,12.052485129572274,0,normal
2026-01-01 13:26:00,P-101,64.25724909723534,2.1729456588940166,4.997618721999437,98.5030996585591,11.963771426944913,0,normal
2026-01-01 13:27:00,P-101,65.32415472319327,2.132473284031036,5.048847982019195,97.07274548941416,11.420056311322911,0,normal
2026-01-01 13:28:00,P-101,64.77115234963443,2.1623480608573846,4.839363957200724,100.51347664884428,12.179148195520751,0,normal
2026-01-01 13:29:00,P-101,63.991443795867184,2.2311380910388094,4.945453271772651,96.18478697119792,12.088243270533866,0,normal
2026-01-01 13:30:00,P-101,65.22481516859206,2.3554779986785204,4.930669375215502,97.57261539389124,11.678712793108025,0,normal
2026-01-01 13:31:00,P-101,63.85951007003347,2.1644406348722005,4.914239195796522,97.03957796601324,12.016235224704143,0,normal
2026-01-01 13:32:00,P-101,64.25385766631841,2.210925940667915,5.038677070773858,100.78600585931092,11.809455616427028,0,normal
2026-01-01 13:33:00,P-101,63.30335777623071,2.2858330963408395,5.072239881727761,98.2585025213953,11.972172669828945,0,normal
2026-01-01 13:34:00,P-101,63.73321681359771,2.2505450641010034,4.988365322824403,99.90276200427355,11.680958258389465,0,normal
2026-01-01 13:35:00,P-101,64.90161637098286,2.0961183064670696,4.96485864792142,94.8419733716618,11.396982588016211,0,normal
2026-01-01 13:36:00,P-101,63.36994818471233,2.2042623816730185,4.99236031204138,98.321561179664,11.853942537986676,0,normal
2026-01-01 13:37:00,P-101,63.79720778353483,2.263470323824313,4.995558662058256,99.54143815497432,11.95531090808052,0,normal
2026-01-01 13:38:00,P-101,64.93315866376841,2.0564795640830384,4.891870727346457,97.90181383634254,11.837634491686623,0,normal
2026-01-01 13:39:00,P-101,64.44483502590846,2.336589749143444,5.087111900308795,99.84363321709635,11.699301356957251,0,normal
2026-01-01 13:40:00,P-101,66.51348600301199,2.3617727554062617,4.990154463167426,96.65388337147188,11.799641735611372,0,normal
2026-01-01 13:41:00,P-101,66.49984640778563,2.117357515717426,5.036423598956906,100.48330797567009,12.081822927415288,0,normal
2026-01-01 13:42:00,P-101,64.32803989819676,2.2260376357514917,4.957868539186239,102.23893095082865,12.055944670994226,0,normal
2026-01-01 13:43:00,P-101,65.42666841798084,2.27469318120778,4.932185884992633,96.89235168317718,11.952395808145118,0,normal
2026-01-01 13:44:00,P-101,65.49286605348917,2.121206302238751,4.952952204208996,96.70429400258584,11.733600019964015,0,normal
2026-01-01 13:45:00,P-101,64.64494532070542,2.273159712373189,4.882067204235197,100.47971797111056,12.307321017812358,0,normal
2026-01-01 13:46:00,P-101,63.694470955617675,2.20595369825709,4.872058519377285,100.71012653930988,11.7272604620406,0,normal
2026-01-01 13:47:00,P-101,64.99672145609591,2.02466984562614,4.916776987076997,96.48368215280816,12.016400538855924,0,normal
2026-01-01 13:48:00,P-101,64.93992663346336,2.264874754581758,5.008480047997599,96.66783866822084,12.195507933286615,0,normal
2026-01-01 13:49:00,P-101,64.66256537164422,2.069380031200066,4.916987475427131,96.92384666215256,12.0279424230518,0,normal
2026-01-01 13:50:00,P-101,65.27093845424221,2.3023399621632734,4.866276736206998,94.7781152014254,11.792712399276557,0,normal
2026-01-01 13:51:00,P-101,64.293903161669,2.1062655268931176,4.890922274357462,95.60971266164754,11.73621711818368,0,normal
2026-01-01 13:52:00,P-101,64.1270403890163,2.1867255513456136,4.917763991127524,95.41913849791491,12.121596067699013,0,normal
2026-01-01 13:53:00,P-101,64.89544049917227,2.340695234975138,4.930417629156524,95.87263461821324,11.52043530723098,0,normal
2026-01-01 13:54:00,P-101,65.17960459555175,2.243419362770543,5.146442505788703,97.32007896121786,11.677071303741624,0,normal
2026-01-01 13:55:00,P-101,63.99300238143008,2.0622529217198204,5.062764744528399,97.83950942494144,11.835795841375312,0,normal
2026-01-01 13:56:00,P-101,65.87168739221995,2.094361874432495,5.086523202045771,100.45412730632329,12.323037258567698,0,normal
2026-01-01 13:57:00,P-101,63.56565844424821,2.1258390846737867,5.046875254862689,95.3388825720818,11.955108386172675,0,normal
2026-01-01 13:58:00,P-101,64.43215010347046,2.2341873988081713,4.9129655356982695,99.2871205244994,11.736602176107422,0,normal
2026-01-01 13:59:00,P-101,64.72504807918563,2.234427841309896,4.870948896369519,96.87380655684989,11.828637270359271,0,normal
2026-01-01 14:00:00,P-101,64.39582781254839,2.086928571274198,4.883316290910246,97.18659142329707,11.762016956674838,0,normal
2026-01-01 14:01:00,P-101,64.46040457480304,2.0489914809317753,5.09295370138981,98.61932107227824,11.781132384109965,0,normal
2026-01-01 14:02:00,P-101,66.53485453097032,2.2385393767507793,4.906312981279527,95.00883243901264,12.094987362809574,0,normal
2026-01-01 14:03:00,P-101,64.15816790324578,2.1580361889147928,4.879932744923562,98.0041239502705,11.597187936192238,0,normal
2026-01-01 14:04:00,P-101,67.08454753710204,2.4753121763842927,4.941097031941642,97.55767279592274,12.328925397811275,0,normal
2026-01-01 14:05:00,P-101,65.41087126964752,2.2120386695204046,4.962867288166345,98.19557307035154,12.1529246146567,0,normal
2026-01-01 14:06:00,P-101,65.15603448243532,2.4280091358972484,4.999226566500022,97.7753504604458,12.2059759314643,0,normal
2026-01-01 14:07:00,P-101,65.35983111598993,2.0569088223874537,5.041020068725565,102.09439870686018,11.947097083199491,0,normal
2026-01-01 14:08:00,P-101,66.95969470857948,2.0031835108998344,4.8927010391283074,95.89554842381877,11.839381272944784,0,normal
2026-01-01 14:09:00,P-101,64.01497094950251,2.041820453177895,5.015819623151218,96.09671117501212,11.524613381619186,0,normal
2026-01-01 14:10:00,P-101,64.00200601692339,2.3299881177834783,4.907870011282637,95.900549398265,11.74585088018125,0,normal
2026-01-01 14:11:00,P-101,64.39776595303604,2.410939554549923,4.947742414337992,96.02445212743956,12.004147275733974,0,normal
2026-01-01 14:12:00,P-101,65.1055167482898,2.116113744365454,5.013438529423617,95.84966037833485,12.199505576795394,0,normal
2026-01-01 14:13:00,P-101,63.50257081903917,2.130130541290008,4.943573788159021,99.49195004745684,11.707969297223093,0,normal
2026-01-01 14:14:00,P-101,64.98065916071012,2.0550707619314044,4.9539005219083085,99.94486357947989,11.90696942313808,0,normal
2026-01-01 14:15:00,P-101,66.29114087985707,1.97464111498656,5.006861023266602,95.95275792911517,11.840757932815324,0,normal
2026-01-01 14:16:00,P-101,64.92659171614115,2.261892629188361,4.885585282422073,95.42039365504752,11.513664509103306,0,normal
2026-01-01 14:17:00,P-101,64.80121756292857,2.231183177619059,4.949409143055805,98.01925049441309,12.088414825271991,0,normal
2026-01-01 14:18:00,P-101,64.38463760236763,2.186154303085183,5.004096869650766,95.96374954073347,11.697914903286351,0,normal
2026-01-01 14:19:00,P-101,65.67918591026385,2.027040283868219,5.14759038009846,98.32629847835828,11.900941366556491,0,normal
2026-01-01 14:20:00,P-101,64.26364665569257,2.387333911104816,5.023022203276185,97.45898428951654,11.810782185707524,0,normal
2026-01-01 14:21:00,P-101,66.32636071110446,2.1207526882621943,4.97795936870338,94.01481876641792,11.62310993656262,0,normal
2026-01-01 14:22:00,P-101,66.54760273046388,2.264149537514525,5.043813652394183,100.13495257003652,12.002287330730956,0,normal
2026-01-01 14:23:00,P-101,65.19134928241635,2.0236962118064987,4.92040277919441,100.62580011197733,11.964871608717312,0,normal
2026-01-01 14:24:00,P-101,64.90323860141412,2.166193311230024,4.967278122513806,95.80303834194127,11.78112667968857,0,normal
2026-01-01 14:25:00,P-101,65.70666071773942,2.2202315436419027,4.960101208694934,96.2482527761846,11.705332177865452,0,normal
2026-01-01 14:26:00,P-101,65.87888203105882,2.239629429826018,5.001635731728718,97.5908968498898,12.007608073192433,0,normal
2026-01-01 14:27:00,P-101,64.49277706835005,2.235754131838094,4.986161249488371,97.68406052903016,12.343926132993976,0,normal
2026-01-01 14:28:00,P-101,64.57268886938954,2.2585843210332164,5.01366285137253,98.32868771791614,11.984832439747269,0,normal
2026-01-01 14:29:00,P-101,64.0540810622655,2.07833242152756,4.9853719481755725,101.02893237675086,12.279897525030307,0,normal
2026-01-01 14:30:00,P-101,65.14805406246863,2.2012849766279317,4.971208966987015,96.65202535972708,11.552005279503447,0,normal
2026-01-01 14:31:00,P-101,65.49396478638815,2.2087337319704634,4.855845661126492,95.40719464110504,11.901656199056594,0,normal
2026-01-01 14:32:00,P-101,63.74124457532646,2.205448857805343,4.916842349020258,94.24349312604916,11.55296271403871,0,normal
2026-01-01 14:33:00,P-101,64.43461743162108,2.1835284955125527,5.066657557376794,95.53908735226626,11.496941388685013,0,normal
2026-01-01 14:34:00,P-101,63.81146752024871,2.033373298919616,4.99484449638667,96.93398292164096,11.72317663578447,0,normal
2026-01-01 14:35:00,P-101,64.40721947397071,2.0576464450176464,5.004217474279709,100.58911572703558,12.31564830541446,0,normal
2026-01-01 14:36:00,P-101,65.48739540227979,1.940110536956199,5.11134000479351,95.9650142693162,12.116454385246898,0,normal
2026-01-01 14:37:00,P-101,64.40689709888794,2.297314485210258,4.865618435090192,97.4485233354279,11.984206880576435,0,normal
2026-01-01 14:38:00,P-101,64.56970060866436,2.275614072854499,4.88093641346363,96.96928578993273,11.5259034337255,0,normal
2026-01-01 14:39:00,P-101,63.67108946062829,2.2978433903199225,5.130822669672883,99.38057567707811,11.93234710746536,0,normal
2026-01-01 14:40:00,P-101,65.20447958466745,2.2436757226063397,5.024274721548539,102.05978466646243,12.137218542219308,0,normal
2026-01-01 14:41:00,P-101,64.93349639612268,1.9401400753736255,4.940061214630592,95.94678575337753,11.922287629995974,0,normal
2026-01-01 14:42:00,P-101,64.1848458850758,2.04779640162356,4.864390856867688,96.03272028753403,11.420033212755834,0,normal
2026-01-01 14:43:00,P-101,64.74899840149037,2.2079760800657167,5.026850388343544,99.10346870319424,11.75052459909086,0,normal
2026-01-01 14:44:00,P-101,65.1184235165602,2.213035611854695,5.0273862800391225,98.3829490476926,11.9354690303936,0,normal
2026-01-01 14:45:00,P-101,64.41033941839459,2.1810494566120155,4.919611156608495,100.71707054752864,12.155584843805157,0,normal
2026-01-01 14:46:00,P-101,63.57773484781133,2.2141131747255836,4.970742674091586,98.19647209356198,11.396862207531871,0,normal
2026-01-01 14:47:00,P-101,66.384032675612,2.1938448461050495,4.936313339279477,96.31546058421216,11.8489328236564,0,normal
2026-01-01 14:48:00,P-101,64.4863417351648,2.2136124432327917,5.002690690001112,98.221251828761,11.982399747332568,0,normal
2026-01-01 14:49:00,P-101,64.99871768619305,2.1328278811529784,4.90309712219813,99.2637141575782,12.1903144218564,0,normal
2026-01-01 14:50:00,P-101,65.8622867777625,2.324543192052872,5.087096822463139,98.69410261020866,12.13403747436562,0,normal
2026-01-01 14:51:00,P-101,67.858401076798,2.1527020228010567,5.054015731578427,98.07498290506186,12.087892316854056,0,normal
2026-01-01 14:52:00,P-101,63.9148353295204,2.0291251712164615,4.962961405386111,99.20154500847372,11.776061223578727,0,normal
2026-01-01 14:53:00,P-101,65.16204168401926,2.082752607591509,4.976836608694247,99.4150105625316,11.505449782595122,0,normal
2026-01-01 14:54:00,P-101,64.39284596945855,2.1530450317482916,4.987580455811101,99.84942278333104,11.897219494234582,0,normal
2026-01-01 14:55:00,P-101,64.64983098236101,2.3293882378570587,4.921652018677414,98.3916702917934,12.202158065055942,0,normal
2026-01-01 14:56:00,P-101,64.5244112630214,2.20750045016618,4.932221835769862,96.76961892286648,12.251452199567105,0,normal
2026-01-01 14:57:00,P-101,64.13941906828661,2.182655094040007,4.952451814167115,97.4073443581084,12.099857606317697,0,normal
2026-01-01 14:58:00,P-101,65.00435042364401,2.0548333281624536,5.124403995316216,99.5374525659646,12.09345878267937,0,normal
2026-01-01 14:59:00,P-101,63.80438023548543,2.2922557089200524,5.030744814904291,95.5015350237856,11.95995596281006,0,normal
2026-01-01 15:00:00,P-101,65.67644430335974,2.1116405227859745,5.053614147275534,97.88417706886034,11.797495625375616,0,normal
2026-01-01 15:01:00,P-101,64.98746064899566,2.180928944448161,4.993314323643961,96.37202746036104,11.858645750422427,0,normal
2026-01-01 15:02:00,P-101,65.47159714736208,2.3943281153559397,4.882899019667412,97.22851803819104,12.334122922602312,0,normal
2026-01-01 15:03:00,P-101,64.52968173569087,2.2488806778818975,4.994087733156339,99.74070215225298,11.75658156311962,0,normal
2026-01-01 15:04:00,P-101,64.83866526740562,2.021163066121057,5.05343118985577,97.57921130866995,12.331071036937562,0,normal
2026-01-01 15:05:00,P-101,65.16549083234842,1.979588735164524,4.872374266037093,97.30354363864755,11.838599270536411,0,normal
2026-01-01 15:06:00,P-101,64.13536337815529,2.2006082314956843,4.995974817525229,94.50505609753678,12.166509710199872,0,normal
2026-01-01 15:07:00,P-101,64.55770789059906,2.03498365598124,5.173126853920589,98.73181158995683,11.610250595324322,0,normal
2026-01-01 15:08:00,P-101,64.35344254714673,2.2829672794971474,5.070397780123373,98.5452448444194,12.102833395623746,0,normal
2026-01-01 15:09:00,P-101,64.23302223634711,2.1982562283982863,5.129084246190518,101.59619153455594,11.863693212049771,0,normal
2026-01-01 15:10:00,P-101,63.13064223677942,2.197160275942855,4.984166723762332,96.66996237269596,11.546282073199832,0,normal
2026-01-01 15:11:00,P-101,66.06619569463264,2.114532621083998,5.054835404907487,97.74008490062876,11.986836057621598,0,normal
2026-01-01 15:12:00,P-101,64.5255230934762,2.4183103006343063,4.920744173801354,97.81724309496772,12.186885239998023,0,normal
2026-01-01 15:13:00,P-101,65.85209266682853,2.531285225198466,5.068574077118161,100.49049721308631,11.803479556744216,0,normal
2026-01-01 15:14:00,P-101,65.67108268414064,2.143575936527346,5.023976403284074,97.16253525592124,11.540122067563036,0,normal
2026-01-01 15:15:00,P-101,63.93716523449022,2.2381103347727267,5.002484124037104,97.92912301140908,11.914912499258532,0,normal
2026-01-01 15:16:00,P-101,64.1037903796491,2.20850500219114,5.091333011131725,98.6052417554245,11.93629842046844,0,normal
2026-01-01 15:17:00,P-101,67.0766117061768,2.1723637437236043,4.934711692919551,97.7814479947342,12.070523346730653,0,normal
2026-01-01 15:18:00,P-101,66.45411484430598,2.1068233052175978,4.950380926705287,96.534552802318,12.13343522691066,0,normal
2026-01-01 15:19:00,P-101,64.94286602969521,2.0658139465470553,4.985988928712789,97.83519654041254,11.920202100894253,0,normal
2026-01-01 15:20:00,P-101,65.38682017329188,2.086343539156686,4.913773919544983,99.6142797232135,12.452304220394971,0,normal
2026-01-01 15:21:00,P-101,64.4629589754684,2.2445833152941663,4.972498408314534,95.43438528105143,11.919090244565368,0,normal
2026-01-01 15:22:00,P-101,65.28452934056806,2.1299699587665373,4.840227083470755,97.77415165070632,11.846617923019464,0,normal
2026-01-01 15:23:00,P-101,64.21864767043859,1.8646540068602055,5.045047968526621,96.12916057723636,11.480982977541384,0,normal
2026-01-01 15:24:00,P-101,63.347143942598045,2.250011355726394,5.003141744382258,99.94107550569814,11.932567385091902,0,normal
2026-01-01 15:25:00,P-101,63.84343557873774,2.182993672097624,4.903594319760775,94.5265752073076,11.751700519866445,0,normal
2026-01-01 15:26:00,P-101,65.07063414211875,2.3683207531479225,4.898024664524832,96.47745535084418,12.134399859595693,0,normal
2026-01-01 15:27:00,P-101,64.12186400465485,2.248114411783035,4.96495820317232,98.37245255418551,12.06679448264228,0,normal
2026-01-01 15:28:00,P-101,64.83750730905061,2.008975328565445,5.062782604482381,100.77218276205882,11.72832320245361,0,normal
2026-01-01 15:29:00,P-101,64.12789395797265,1.93089165180227,5.019150244030534,97.53311257315296,11.969056973797349,0,normal
2026-01-01 15:30:00,P-101,64.40020671379074,2.11692454535349,4.909337576400586,96.57806121828622,12.065224629480849,0,normal
2026-01-01 15:31:00,P-101,65.8530352203395,2.14629998141788,4.947066692248258,101.47498660584684,12.426257438022365,0,normal
2026-01-01 15:32:00,P-101,65.224829451537,2.3165347307981348,5.000964077075164,94.8412180569592,12.067112533562293,0,normal
2026-01-01 15:33:00,P-101,64.98872790418632,2.198492918279876,4.8758578541356705,93.36456465048728,11.991148603092489,0,normal
2026-01-01 15:34:00,P-101,65.69318965249441,2.3347949290265593,4.991467677406682,98.66748954803214,11.975046185094754,0,normal
2026-01-01 15:35:00,P-101,65.38502590324859,2.041087411887023,4.9779902280922474,96.80898566903056,12.00134757142678,0,normal
2026-01-01 15:36:00,P-101,66.23176041056462,2.325145448321093,4.982931043448888,95.79660729107484,12.186274443908784,0,normal
2026-01-01 15:37:00,P-101,64.49022012075557,2.268782139737671,5.061482693044258,99.28210586297084,11.645268826519212,0,normal
2026-01-01 15:38:00,P-101,64.60190390267404,1.9510133923152633,4.882759480232073,98.37965151814583,11.864029713740136,0,normal
2026-01-01 15:39:00,P-101,63.84334630586435,2.344243355823472,4.815016082190041,96.79088282108812,11.710584297443583,0,normal
2026-01-01 15:40:00,P-101,64.63935973659315,2.2090330578233472,4.908461716350454,95.38574988487215,11.956360776227696,0,normal
2026-01-01 15:41:00,P-101,65.89146512779341,2.2620014920081513,5.141311434948547,99.7189162321972,12.299123030878611,0,normal
2026-01-01 15:42:00,P-101,65.97192087018097,2.087703838054998,5.154797595543136,99.30236675361458,11.82982743092817,0,normal
2026-01-01 15:43:00,P-101,65.50319638978459,2.319898673465042,5.124813080897095,97.83189100518236,11.337380638288112,0,normal
2026-01-01 15:44:00,P-101,63.544449705546654,2.05517312033961,5.0020825516530145,101.752106107387,11.949507996965492,0,normal
2026-01-01 15:45:00,P-101,65.90923424530754,2.305190801602244,4.81690637842223,95.9475584981016,12.1067951879474,0,normal
2026-01-01 15:46:00,P-101,63.52373859856868,2.2977920842573316,4.763215627610637,95.06587557427842,11.986383742965822,0,normal
2026-01-01 15:47:00,P-101,65.72246374433054,2.083596144248415,4.918502997285712,96.7626050209665,12.00992471258164,0,normal
2026-01-01 15:48:00,P-101,64.65479349344618,2.431632471268586,4.965004480330102,98.08503707420518,11.872552786757536,0,normal
2026-01-01 15:49:00,P-101,65.41843914491878,2.2098349793475647,5.090979671579205,98.69296394947284,11.64103123442924,0,normal
2026-01-01 15:50:00,P-101,63.95862081937571,2.2815395504439437,5.046966158037495,97.75417212740992,12.061448744228414,0,normal
2026-01-01 15:51:00,P-101,65.84116263735459,2.0047740709584194,5.0079063331469476,98.9713926827618,11.760571327974198,0,normal
2026-01-01 15:52:00,P-101,63.995971248105,2.475121480984642,4.886763561367097,95.79511430423884,12.41987761247228,0,normal
2026-01-01 15:53:00,P-101,64.5368896204571,2.062009860815444,4.935306658927228,101.21690235868196,12.179133872849087,0,normal
2026-01-01 15:54:00,P-101,64.12181764276552,2.3130230400545053,5.002295360995835,98.19651460301203,11.800733362451872,0,normal
2026-01-01 15:55:00,P-101,63.542958928342,2.073925745173198,5.062035191089572,100.62711127823928,11.86596702650002,0,normal
2026-01-01 15:56:00,P-101,65.05564675504388,2.123224431279916,5.022449769008362,99.10992680287151,11.950061752432749,0,normal
2026-01-01 15:57:00,P-101,66.41336335611095,2.2907119929964264,4.910934041601098,99.37018783696304,11.921230154603451,0,normal
2026-01-01 15:58:00,P-101,67.24075153487568,2.3367097452684793,5.048340059858939,99.62866495555711,12.268068392549203,0,normal
2026-01-01 15:59:00,P-101,65.08937306778807,2.048901944871193,5.02824522832201,99.41723509538976,12.029121095297706,0,normal
2026-01-01 16:00:00,P-101,65.81826406013232,2.3214715402966277,4.912748532479085,99.84018449742996,11.812297600195768,0,normal
2026-01-01 16:01:00,P-101,65.38967409802363,2.350897457876084,4.949716255013668,101.24619326376887,12.509995969202013,0,normal
2026-01-01 16:02:00,P-101,65.39220902205706,2.0865833992189233,5.04522270554031,99.01430275753847,11.98275616560621,0,normal
2026-01-01 16:03:00,P-101,64.80403934109799,2.401557493980905,4.9819679758573985,100.07285786690692,12.194395654999433,0,normal
2026-01-01 16:04:00,P-101,65.07734906533129,2.015338025234385,5.112223597245644,98.50918131147274,11.803218812482992,0,normal
2026-01-01 16:05:00,P-101,65.48552928513405,2.1319705802477986,5.056119307647203,101.60289655620372,12.138865803622242,0,normal
2026-01-01 16:06:00,P-101,64.53719227984807,2.257475322759681,4.9351103914738745,97.4040886529016,11.999900157372847,0,normal
2026-01-01 16:07:00,P-101,64.77775756958017,2.077541172022506,5.023115167555532,102.39316155868065,11.59938252373638,0,normal
2026-01-01 16:08:00,P-101,65.13973017302646,2.2549675738095787,4.992526302393014,98.74556309819972,12.466185670561153,0,normal
2026-01-01 16:09:00,P-101,65.74217645006706,2.2390608539817256,4.901719900032648,95.9991125091985,12.202634490506592,0,normal
2026-01-01 16:10:00,P-101,64.09727675314447,2.1713138989151,4.918511295863466,99.15183517176754,11.875256226116528,0,normal
2026-01-01 16:11:00,P-101,64.81936319165521,2.282462684448535,5.031797801993865,97.56866104891049,11.651492396353351,0,normal
2026-01-01 16:12:00,P-101,66.57212883656396,2.1779122625463088,5.074095447047906,100.64735832845388,12.106311153304503,0,normal
2026-01-01 16:13:00,P-101,65.91227341290411,2.225413089612076,5.025265451642499,97.69629340782626,11.952563227088389,0,normal
2026-01-01 16:14:00,P-101,66.09264776161707,2.339239690611812,5.102673470587392,98.1448023041488,12.03326130626527,0,normal
2026-01-01 16:15:00,P-101,64.98222962242164,2.2902178639880035,4.909596816668913,95.29386755498408,11.906710375698044,0,normal
2026-01-01 16:16:00,P-101,65.28587330128066,2.2979564811891855,5.115984287453398,98.20426261677076,12.072688125829604,0,normal
2026-01-01 16:17:00,P-101,65.87808570601351,2.071635544315382,4.870898146108989,94.29718355933215,12.190741931627915,0,normal
2026-01-01 16:18:00,P-101,66.25717480669533,2.2640964069439815,4.879118540395286,96.01333854647658,12.022425957676456,0,normal
2026-01-01 16:19:00,P-101,63.342611777323725,2.0825669085374137,4.866586337362249,100.7383047934189,11.75973526907508,0,normal
2026-01-01 16:20:00,P-101,64.09380960750106,2.0645005340692535,4.9725916814519255,100.82553065580709,12.365406632852324,0,normal
2026-01-01 16:21:00,P-101,66.21331375506092,2.2121150476881555,4.961116394378632,100.14141813249876,12.414396184847034,0,normal
2026-01-01 16:22:00,P-101,65.06241301400688,2.1269751399295505,5.016007336729307,97.39323543089344,12.709811246554825,0,normal
2026-01-01 16:23:00,P-101,64.34149663676499,2.2797332847822274,5.012196834909135,99.26855595794989,11.697183170428598,0,normal
2026-01-01 16:24:00,P-101,64.01368339148185,2.299870777798231,4.898498780121225,99.39366498027564,12.042530452695836,0,normal
2026-01-01 16:25:00,P-101,64.3132302885801,1.9413403078551512,4.9397931677045115,97.12112667785772,11.393109124538483,0,normal
2026-01-01 16:26:00,P-101,63.96320021801816,2.111240650845426,4.99510031257907,102.48172742660849,12.212739111893056,0,normal
2026-01-01 16:27:00,P-101,66.6332571453961,2.0198733152711057,4.870589551098715,101.26681308556668,11.900954318025306,0,normal
2026-01-01 16:28:00,P-101,65.16368447651777,2.167188651571633,4.9125982106887145,99.1073948849784,12.45408329525559,0,normal
2026-01-01 16:29:00,P-101,64.8718628792592,2.2443989944679292,4.9347389176102245,99.64040080593514,11.795558281673408,0,normal
2026-01-01 16:30:00,P-101,65.30203222731997,2.1498717891168058,5.115097660737698,100.0407659152022,11.57892721796425,0,normal
2026-01-01 16:31:00,P-101,65.66968529464538,2.116705036023959,4.971095668361898,95.57796110853096,11.7495228980803,0,normal
2026-01-01 16:32:00,P-101,65.54961646920685,2.3301344262129704,5.045019101219852,99.20456009040517,11.48226485990787,0,normal
2026-01-01 16:33:00,P-101,65.91447723554901,1.9303645993413152,4.863833939371585,98.37247791435216,12.138949201057391,0,normal
2026-01-01 16:34:00,P-101,64.2620646095052,2.3192672584894227,5.073244954277383,97.77077956362638,11.416852625344712,0,normal
2026-01-01 16:35:00,P-101,64.7555454484205,2.1339152663695917,5.096582443598329,99.24942785564016,11.984597230964996,0,normal
2026-01-01 16:36:00,P-101,65.44877982355811,2.1698212311870027,4.874578803620027,103.44464009915974,11.583886248010744,0,normal
2026-01-01 16:37:00,P-101,64.56008235232893,2.1344655996786654,4.955260813831974,101.16861517452422,11.954984004101563,0,normal
2026-01-01 16:38:00,P-101,65.14563953076792,2.4038621772134077,5.027483763182285,98.7822517341044,12.374312090974266,0,normal
2026-01-01 16:39:00,P-101,65.36836541000018,2.0584518801909097,5.062625750713677,101.10746744306226,12.123385996150818,0,normal
2026-01-01 16:40:00,P-101,65.57538323582988,2.194812760614329,4.973707530292742,102.798710873172,11.868087924953926,0,normal
2026-01-01 16:41:00,P-101,63.59737846703564,2.265733042839675,4.994429697810464,101.8869654854756,12.048808092329496,0,normal
2026-01-01 16:42:00,P-101,65.57593401942965,2.007196855293591,4.954156025378092,100.19465102617036,12.010343748796222,0,normal
2026-01-01 16:43:00,P-101,64.84611415221414,2.093748894358402,4.997025413681675,98.81919699259863,12.082733496238813,0,normal
2026-01-01 16:44:00,P-101,65.44784648734462,2.167453615811852,5.111246078334618,101.54717958176649,11.704700796632787,0,normal
2026-01-01 16:45:00,P-101,65.69250618922177,2.102470300255114,4.948070050723018,100.97534232943144,12.177402088344776,0,normal
2026-01-01 16:46:00,P-101,66.04008928801473,2.0713486423436267,5.100229308387866,102.01636685663928,11.384393097798483,0,normal
2026-01-01 16:47:00,P-101,66.03818122917677,2.1524437693158043,4.952805206142411,101.53389719301616,11.888545777699532,0,normal
2026-01-01 16:48:00,P-101,66.05723223274538,2.2754466226296852,4.956191728752173,102.40019057519233,11.949937256642883,0,normal
2026-01-01 16:49:00,P-101,66.2094861227181,2.1656926001977626,5.058168556782451,99.26809873149932,12.13637466846279,0,normal
2026-01-01 16:50:00,P-101,65.27149572710398,2.3342102107431573,5.103862788560225,103.01078783196157,12.095981348128063,0,normal
2026-01-01 16:51:00,P-101,64.89489460522111,2.063912383029832,5.0761984957554,100.8085700814387,11.672866338979093,0,normal
2026-01-01 16:52:00,P-101,65.65496873611232,2.0443587124393927,4.940748192468677,104.6011985126128,11.891787673924131,0,normal
2026-01-01 16:53:00,P-101,65.59484719241402,2.432309252594987,4.953819280348291,99.10953585940553,12.02295607816902,0,normal
2026-01-01 16:54:00,P-101,64.79280423782201,2.1260521780817165,5.10580905519283,103.99699678325632,12.10014306803155,0,normal
2026-01-01 16:55:00,P-101,65.27744190221122,2.036888456046918,5.012903002351936,100.95796551068248,11.883957937911536,0,normal
2026-01-01 16:56:00,P-101,64.91539497483289,1.9838875455199525,4.907067511647346,99.29629393431432,11.858680370651436,0,normal
2026-01-01 16:57:00,P-101,64.38248946888778,2.33721688891405,5.0333479317466105,99.66824966165753,12.164089489139547,0,normal
2026-01-01 16:58:00,P-101,65.98098474781168,2.152620477579617,4.943136595945278,100.0321176664595,11.87154038677648,0,normal
2026-01-01 16:59:00,P-101,65.05404421622767,2.1707904345674813,5.159140276710127,101.557828883875,12.02471205550898,0,normal
2026-01-01 17:00:00,P-101,66.87746115261793,2.2107076129169587,5.141504723369116,101.79174063756555,12.596236366147105,0,normal
2026-01-01 17:01:00,P-101,63.552859414283645,2.3032097999658134,5.04467903921837,99.63512451099254,11.633133076108797,0,normal
2026-01-01 17:02:00,P-101,64.3786344680322,2.1564636057112514,5.116582002601882,100.77014662203,11.560143715767236,0,normal
2026-01-01 17:03:00,P-101,65.16614521788816,2.498790722026848,5.056579293056207,105.13959850463364,12.35008537133866,0,normal
2026-01-01 17:04:00,P-101,65.89419510499292,2.21408754724773,5.104697110399327,104.34621108493252,11.96072556722445,0,normal
2026-01-01 17:05:00,P-101,65.30934812517717,2.3261357504219253,5.136214606848895,101.7996983224729,11.974431567738533,0,normal
2026-01-01 17:06:00,P-101,65.18272861896058,2.288422584900527,5.030028272401125,101.03883778575803,11.835876039039965,0,normal
2026-01-01 17:07:00,P-101,64.087071207324,2.19423660173995,4.9919702391489125,101.23852128700548,11.972205603418288,0,normal
2026-01-01 17:08:00,P-101,64.26143227000587,2.1529366551512252,4.886239890495675,102.26096471498435,12.467463469473616,0,normal
2026-01-01 17:09:00,P-101,65.32650038016266,2.2483977529193275,4.98358582299971,99.02365050574294,12.171241629826818,0,normal
2026-01-01 17:10:00,P-101,64.00201300313249,2.272874072518271,5.071770060597058,100.58962058320732,12.233244495467964,0,normal
2026-01-01 17:11:00,P-101,64.406501123855,2.1102900897356243,5.0536723655935125,97.80216913881024,11.580008310216146,0,normal
2026-01-01 17:12:00,P-101,65.30928929656206,2.208530093075751,5.060074877714695,101.97256724572216,11.771388583233447,0,normal
2026-01-01 17:13:00,P-101,63.96027005046859,2.3166107809274035,4.981727184268485,102.50311118654646,11.365323670725036,0,normal
2026-01-01 17:14:00,P-101,66.20666773360173,2.4386915991523987,4.844621812668003,100.27675381838112,11.805957409280744,0,normal
2026-01-01 17:15:00,P-101,66.12792313084418,2.3211210753736644,5.004635906172374,104.42531140127528,12.371935138634674,0,normal
2026-01-01 17:16:00,P-101,63.78087644459158,2.4282827177734108,4.964250570055165,98.85981597394812,12.095031108155537,0,normal
2026-01-01 17:17:00,P-101,64.2129484778134,2.1193307787000997,4.9591296815033035,98.41639988785046,11.897113680897483,0,normal
2026-01-01 17:18:00,P-101,63.19107989466006,2.286688581529116,5.067760940748078,101.8276432189844,12.049254225640018,0,normal
2026-01-01 17:19:00,P-101,64.3471140565246,2.3572707343501405,5.19391719689839,103.5063084017203,11.932967866407758,0,normal
2026-01-01 17:20:00,P-101,65.69134406636074,2.1022191606812144,5.058013500199496,104.81311640522088,12.195583212757072,0,normal
2026-01-01 17:21:00,P-101,64.75219683611506,2.1521432852964675,4.988265591856552,100.56041349890698,12.208281974837364,0,normal
2026-01-01 17:22:00,P-101,65.25106789141297,2.3938523334852544,5.015944567677371,103.66823127176988,11.706075241300477,0,normal
2026-01-01 17:23:00,P-101,63.829692934106454,2.088933185897049,5.024613797976048,101.46630166234311,12.11890097182963,0,normal
2026-01-01 17:24:00,P-101,65.74638692224102,2.0525652359032516,4.946039192072151,101.23026929000224,12.270016796438734,0,normal
2026-01-01 17:25:00,P-101,64.55490019187991,2.3832312356145646,5.043363887298788,103.37480025991032,11.997468935556467,0,normal
2026-01-01 17:26:00,P-101,65.11513175260274,2.3567860878447044,5.06550327487684,102.94382879702964,12.263490016941036,0,normal
2026-01-01 17:27:00,P-101,65.18937995375876,2.2848143736372033,5.0019533104409195,98.51784253549606,12.65919888718302,0,normal
2026-01-01 17:28:00,P-101,64.02818555454947,2.200192755850413,5.083152230188703,104.65488754683206,12.11356092815824,0,normal
2026-01-01 17:29:00,P-101,64.17077804943145,2.1590327486803114,5.0796288169335,104.49290081856172,12.233113787058183,0,normal
2026-01-01 17:30:00,P-101,65.7065766310829,2.2253764968421064,4.863370568958868,100.51223035385836,11.830852639700405,0,normal
2026-01-01 17:31:00,P-101,65.36834270645413,2.395720457444783,5.076802832832106,102.58532201604736,12.122872451131936,0,normal
2026-01-01 17:32:00,P-101,65.91980861092875,2.2385991073478024,4.974437325003496,102.81185126564928,12.199423444215055,0,normal
2026-01-01 17:33:00,P-101,65.30770993888005,2.466033030879391,4.936082130668872,102.3749263709188,12.1199583761951,0,normal
2026-01-01 17:34:00,P-101,65.02181254119066,2.0806744658910836,4.919468491533413,100.78246377618126,11.768550083358225,0,normal
2026-01-01 17:35:00,P-101,63.646655984999576,2.201071369472231,5.040373581171502,100.56902523336996,12.06866119983246,0,normal
2026-01-01 17:36:00,P-101,64.95260695337554,2.176345498728389,5.001094603249267,101.89005974272544,12.422250776961173,0,normal
2026-01-01 17:37:00,P-101,65.07473870379779,2.081863784835618,4.9085946503389435,104.3152153057776,12.24161540030196,0,normal
2026-01-01 17:38:00,P-101,66.69570730846314,2.198282645769477,5.069095384330298,103.0852359114916,12.333053874612707,0,normal
2026-01-01 17:39:00,P-101,65.54128134579997,2.2490440212143814,4.897679047138002,101.28476976019084,11.979290100302569,0,normal
2026-01-01 17:40:00,P-101,66.34700343417899,2.2776769326956643,5.0471560960722845,103.59703873908276,12.29538622202841,0,normal
2026-01-01 17:41:00,P-101,65.46256344465156,2.458520921465321,4.982918660815628,96.38387467617828,11.96133319983948,0,normal
2026-01-01 17:42:00,P-101,64.38873212119339,2.250457934210948,5.114900979637011,104.40548131014076,11.894436756882415,0,normal
2026-01-01 17:43:00,P-101,65.10941362708863,2.339980698212647,5.1290865776580645,98.65517947407166,12.039285635421868,0,normal
2026-01-01 17:44:00,P-101,65.10704179296964,2.1976891690506597,4.9051863458465315,101.43604519185746,11.795157189895647,0,normal
2026-01-01 17:45:00,P-101,64.18475830981112,2.3933770177577696,4.995277752445076,99.94756609301194,11.84020691406916,0,normal
2026-01-01 17:46:00,P-101,64.70690104626249,2.4896152827126725,4.97412494040279,99.6231764006327,12.036027368842074,0,normal
2026-01-01 17:47:00,P-101,64.91982455652862,2.27428498465091,5.080294744987173,104.5594770110296,12.211095378675918,0,normal
2026-01-01 17:48:00,P-101,66.1815008404194,2.0680065399417233,5.030527019070535,101.32735173958451,11.742512435918254,0,normal
2026-01-01 17:49:00,P-101,63.47657018036345,2.1517887223512693,5.0015996535460285,102.98033529649578,12.352906501690592,0,normal
2026-01-01 17:50:00,P-101,66.04846774724972,2.244308742719229,4.986904810616822,102.217698570569,12.209532526692188,0,normal
2026-01-01 17:51:00,P-101,64.21956459118117,2.2509048616236624,4.943578617176749,103.28946855914732,11.922501947871698,0,normal
2026-01-01 17:52:00,P-101,63.778728279481754,2.268359969788306,5.104154017377825,102.51250907853036,11.690979073243618,0,normal
2026-01-01 17:53:00,P-101,65.92725508709343,2.253136394630437,5.034896202003626,99.81598674756636,11.958253457656634,0,normal
2026-01-01 17:54:00,P-101,65.59369089912347,2.2018597454177087,5.11739380175868,104.39723459350692,12.020431109339915,0,normal
2026-01-01 17:55:00,P-101,66.03220346141188,2.1272297494941106,4.989563687249981,101.4395378168022,12.071471248767322,0,normal
2026-01-01 17:56:00,P-101,65.59628013937889,2.242601414019511,4.940811702052766,99.33585395483205,11.88929645335607,0,normal
2026-01-01 17:57:00,P-101,66.46650272496686,2.399926823344797,4.929878469379196,101.61436747095348,11.546566808942352,0,normal
2026-01-01 17:58:00,P-101,65.47406406307174,2.3257770568408502,5.083646479487814,105.49330727885608,12.067712483790393,0,normal
2026-01-01 17:59:00,P-101,64.89481251924688,2.26666377647452,4.958946818081276,104.2130276043534,12.049986050363524,0,normal
2026-01-01 18:00:00,P-101,65.35973535842676,2.3342223129299415,5.166249840594228,101.83567950769032,12.213485641424224,0,normal
2026-01-01 18:01:00,P-101,65.94720895165663,2.149526522654381,4.913933273879997,101.85446803674722,11.881084122449655,0,normal
2026-01-01 18:02:00,P-101,64.56751892552292,2.1628855806863783,5.041185908198462,101.92930986614618,12.477547964327528,0,normal
2026-01-01 18:03:00,P-101,64.36826827353411,2.0964881799209856,5.192801038764104,106.7452662187002,11.724447848898068,0,normal
2026-01-01 18:04:00,P-101,64.9244418041236,2.206416832242908,5.081671402425822,103.37442216847168,12.429024539504804,0,normal
2026-01-01 18:05:00,P-101,63.33576990391408,2.151788810260705,5.048943930344479,103.48900333451373,12.048590357315886,0,normal
2026-01-01 18:06:00,P-101,65.25291050101681,2.362798940663604,4.969595714116734,104.70744058736857,12.356119435706946,0,normal
2026-01-01 18:07:00,P-101,63.53678103721897,2.148671689925612,4.92087834155952,103.14198766449368,12.114210000949493,0,normal
2026-01-01 18:08:00,P-101,65.18236428371839,2.1211629982245475,5.083238408521531,102.16343998081238,12.34979208343074,0,normal
2026-01-01 18:09:00,P-101,65.68116180113127,2.4317255109875595,5.143546939827287,102.30551605652914,11.972324990557672,0,normal
2026-01-01 18:10:00,P-101,64.53949213262999,2.135959134913371,4.990604787147445,102.57127863856992,11.802483252862643,0,normal
2026-01-01 18:11:00,P-101,66.51561360614502,2.2401635286194836,4.935433813781045,102.6558734390353,12.434802274988826,0,normal
2026-01-01 18:12:00,P-101,63.870663007138646,2.259041704803388,4.845356271607446,104.20098260513672,12.097659316683568,0,normal
2026-01-01 18:13:00,P-101,66.00953944043243,2.0706631876203736,4.9501846856441185,102.8645873137122,12.14132723781742,0,normal
2026-01-01 18:14:00,P-101,65.71447097782924,2.37005321892833,5.0333125703494215,104.24051177493452,12.435903331759237,0,normal
2026-01-01 18:15:00,P-101,63.55551263271138,2.2674966887693384,5.154208822241414,102.62789629744758,11.82084807839982,0,normal
2026-01-01 18:16:00,P-101,67.26370761549238,2.398890103458188,5.083453267458657,102.96025720800202,12.237680440649877,0,normal
2026-01-01 18:17:00,P-101,64.8758518983973,2.109349383383888,5.012604834415514,98.8198002038974,11.8171203170012,0,normal
2026-01-01 18:18:00,P-101,64.34073537019606,2.21723541858721,5.014606696666744,104.66162695708356,12.106806469801414,0,normal
2026-01-01 18:19:00,P-101,63.92396940311259,2.2109275854667776,4.9886894612873265,103.53427186678022,12.12409789734948,0,normal
2026-01-01 18:20:00,P-101,64.73215366895083,2.2201876307068233,5.160943705486685,104.84918976860476,11.770420227696407,0,normal
2026-01-01 18:21:00,P-101,64.78505579234022,2.011318891452264,4.986779912039197,97.07208287785257,11.717453225630468,0,normal
2026-01-01 18:22:00,P-101,65.3018514893924,2.2407672487631514,4.902315092412454,107.05231477661358,12.54933766640169,0,normal
2026-01-01 18:23:00,P-101,64.88166503898069,2.0438120761241327,4.972185865752699,102.60690375844791,12.299754909899637,0,normal
2026-01-01 18:24:00,P-101,65.56166641695906,2.2498858596520024,4.982467822958018,105.11251054997486,12.137715422167435,0,normal
2026-01-01 18:25:00,P-101,64.7241197312703,1.9488400547328912,4.964558255557151,100.82593762913484,12.085558993502268,0,normal
2026-01-01 18:26:00,P-101,63.4722897717504,1.9803422130779775,5.086437282911499,104.14044300886916,12.050652663856962,0,normal
2026-01-01 18:27:00,P-101,65.02597013596724,2.316408262533668,4.999571904376584,100.81674949201242,12.363648331217368,0,normal
2026-01-01 18:28:00,P-101,63.10619381691371,2.1344013778281687,5.010693431932837,101.68426644931296,12.000439849030847,0,normal
2026-01-01 18:29:00,P-101,65.38741224830524,2.0945064991131463,5.172754131554883,106.76762786488632,12.260989358980302,0,normal
2026-01-01 18:30:00,P-101,64.36194879359601,2.370675096756831,4.969938082323658,102.56549695065938,12.363472444555295,0,normal
2026-01-01 18:31:00,P-101,65.09361384044742,2.2346808406437564,5.183021549570459,103.38855874994708,11.907313891286934,0,normal
2026-01-01 18:32:00,P-101,66.2635412231974,2.331185978211267,4.993297325630325,104.70019329400112,12.530703094944258,0,normal
2026-01-01 18:33:00,P-101,64.13544273093318,2.166856162214947,5.046709045830595,103.95731901015894,11.736104217868924,0,normal
2026-01-01 18:34:00,P-101,66.0512358849695,2.5468343030379765,5.01022593324155,103.2722220873771,12.505577195399512,0,normal
2026-01-01 18:35:00,P-101,64.66049598156239,2.128359291096739,5.046936191768835,103.70626610887588,12.018019087278285,0,normal
2026-01-01 18:36:00,P-101,66.47173794809439,2.4179872292284257,5.113444010626216,107.78766510203658,12.172955266104776,0,normal
2026-01-01 18:37:00,P-101,64.55331227780566,2.173315371233539,5.063402973775878,102.86961545687672,11.613585920910566,0,normal
2026-01-01 18:38:00,P-101,64.3228133269072,2.0008597170245386,4.973656602758949,103.39059892085945,11.98801928828136,0,normal
2026-01-01 18:39:00,P-101,65.50692353312711,2.252583446091133,4.961094680732165,105.09278549279706,11.89283193202719,0,normal
2026-01-01 18:40:00,P-101,64.65306516637816,2.2379836261342523,5.252305063784465,105.20513205120078,12.004242375192655,0,normal
2026-01-01 18:41:00,P-101,64.37755254988917,2.08018040244034,5.014983967641344,105.3702714809388,12.126780402980945,0,normal
2026-01-01 18:42:00,P-101,64.76481122722801,2.107719075217716,5.09869028371356,104.27532886198011,12.36770776947763,0,normal
2026-01-01 18:43:00,P-101,64.99363162230233,2.2007008888358923,4.878519122582033,100.71304274238894,12.073292120121826,0,normal
2026-01-01 18:44:00,P-101,66.17971128470256,2.255215635293092,5.0402972443797625,106.26662619721364,12.264917949266689,0,normal
2026-01-01 18:45:00,P-101,63.35166557531534,1.8908873775148467,4.99689714142103,100.70730921396262,11.74733942920749,0,normal
2026-01-01 18:46:00,P-101,64.97364952695713,2.3207726992774567,5.073875546225122,103.60503406308952,11.887962499492003,0,normal
2026-01-01 18:47:00,P-101,65.6976813879721,2.165380057173311,4.797108677398757,101.49050086781118,12.494396280622164,0,normal
2026-01-01 18:48:00,P-101,65.11567385721393,2.0353046765247824,5.041987166293625,102.86959172473578,11.90228749305126,0,normal
2026-01-01 18:49:00,P-101,66.25735778903766,2.3391111928605857,4.944558040474819,103.65373569042502,12.523664133727076,0,normal
2026-01-01 18:50:00,P-101,64.95985915169932,2.1995827694080528,5.062315603057447,103.63679461618536,12.048338538765345,0,normal
2026-01-01 18:51:00,P-101,64.89861145837664,2.351721469729543,4.955446846345471,103.83531820925242,12.115631530313449,0,normal
2026-01-01 18:52:00,P-101,65.65549003402023,2.2752575711087655,4.993719617981422,106.2158233655468,12.454065991023889,0,normal
2026-01-01 18:53:00,P-101,65.25334335400261,2.221554797401426,5.017029007708257,103.89192165397186,12.43473075510382,0,normal
2026-01-01 18:54:00,P-101,64.70650200127946,2.1840260305903607,4.940738849041532,102.49252066097873,12.04707247975959,0,normal
2026-01-01 18:55:00,P-101,65.43294514760319,2.2604292707584976,5.011002428666373,104.90451844052016,12.05007478983522,0,normal
2026-01-01 18:56:00,P-101,64.53658922363373,2.1577027312187615,4.958033191065927,105.35032525493924,12.146529645517624,0,normal
2026-01-01 18:57:00,P-101,64.55098290645503,2.102681867859231,4.858453759903499,100.51073960393975,12.099811570176222,0,normal
2026-01-01 18:58:00,P-101,64.71659344694237,2.2905626777629142,5.122985143917583,104.15485797232331,12.34747166088714,0,normal
2026-01-01 18:59:00,P-101,66.13515077589105,2.1892483899964095,4.93987648945618,104.3560384882094,12.13173861939482,0,normal
2026-01-01 19:00:00,P-101,62.513296361959334,2.2152917986117697,5.009222876446022,102.35173474546608,12.22527361686977,0,normal
2026-01-01 19:01:00,P-101,65.54860678644276,2.3597415451676036,5.117141074357263,105.69097878377598,12.580319296581017,0,normal
2026-01-01 19:02:00,P-101,65.09712873094634,2.19504871701998,4.9771214037651115,102.63169319663952,12.174278198965382,0,normal
2026-01-01 19:03:00,P-101,63.72456572051361,2.2104618320530287,4.965734063273385,103.17473352530284,12.17315521976028,0,normal
2026-01-01 19:04:00,P-101,65.12671535940191,2.112908800637527,5.043786562595156,102.56875155017627,11.697334840232772,0,normal
2026-01-01 19:05:00,P-101,65.15277147072491,2.223210026735282,5.118803781603661,102.93690757854884,11.4304246931492,0,normal
2026-01-01 19:06:00,P-101,65.51899209492146,2.247889438251052,4.913490726220177,100.7035947427094,12.118201774588824,0,normal
2026-01-01 19:07:00,P-101,62.86912690143079,2.3069166847982108,4.988047985934301,100.00598124956969,11.97647337966687,0,normal
2026-01-01 19:08:00,P-101,66.1144081679141,2.133166619362994,4.922046187337634,106.06457549350208,12.053241596076376,0,normal
2026-01-01 19:09:00,P-101,64.448211707922,2.149862097607912,4.980250629081458,101.17067093760326,12.096002679174685,0,normal
2026-01-01 19:10:00,P-101,65.55365844268253,2.295607018557454,5.011440223262775,100.87038484997284,12.01101061319996,0,normal
2026-01-01 19:11:00,P-101,65.68805122586254,2.2421645855681325,4.916975175537363,98.5345146877768,12.237980503291778,0,normal
2026-01-01 19:12:00,P-101,64.32586599567806,2.0946567828785634,4.9789511344169775,101.5510481122996,12.068059160433732,0,normal
2026-01-01 19:13:00,P-101,65.45571589720798,2.347704980043983,4.88904207839687,100.17002198614662,11.818369838316857,0,normal
2026-01-01 19:14:00,P-101,64.86366623693776,2.017693535500425,5.067036460386945,106.08701714764256,12.4301520741691,0,normal
2026-01-01 19:15:00,P-101,63.37889271267105,2.298613477409348,5.132545176274152,104.80896363635,12.08998614035395,0,normal
2026-01-01 19:16:00,P-101,66.00363437995124,2.056854660621342,4.926217799719842,101.39893093014793,12.173602098822514,0,normal
2026-01-01 19:17:00,P-101,64.41940976480117,2.431225338880033,5.022841930203671,107.26556715278622,12.098614338035386,0,normal
2026-01-01 19:18:00,P-101,64.30793359516197,2.0135890784403765,5.0872962446347945,104.70925449184594,11.978820913381018,0,normal
2026-01-01 19:19:00,P-101,64.71093199032966,2.3424431638196075,5.117773808996196,102.08065514503774,12.083461711897556,0,normal
2026-01-01 19:20:00,P-101,65.19166028134808,2.1869377394344234,4.857701512299795,97.7156697276509,11.93467725271545,0,normal
2026-01-01 19:21:00,P-101,65.08952758567757,2.172925680911258,5.05929823000553,107.2801008998806,12.338359785838126,0,normal
2026-01-01 19:22:00,P-101,65.41041751650188,2.2187430958681498,5.021674259174827,99.9023793389266,11.929909941840362,0,normal
2026-01-01 19:23:00,P-101,63.73725587063037,2.251933961180598,4.985571607274961,99.37361185252684,11.522118409633206,0,normal
2026-01-01 19:24:00,P-101,64.41911768981646,2.093100287990427,4.8487767800830746,104.69201454332412,12.032566965402626,0,normal
2026-01-01 19:25:00,P-101,65.07668528709087,2.1232908410982847,5.115171449272803,107.50842485281014,12.42370736237026,0,normal
2026-01-01 19:26:00,P-101,66.55312138901502,2.282304028174552,5.175337877097547,105.3790969010296,12.08702888722011,0,normal
2026-01-01 19:27:00,P-101,64.92894669091773,1.9976184357681412,5.046528825010392,103.71958849168324,12.04999180412186,0,normal
2026-01-01 19:28:00,P-101,66.01196052534284,2.1478653481186414,4.9551324022555745,103.76208865191153,12.35945678603383,0,normal
2026-01-01 19:29:00,P-101,65.0107645870569,2.5623724910028134,5.001547965920304,104.25981456294468,11.94980113007361,0,normal
2026-01-01 19:30:00,P-101,64.50740285969862,2.0706296654553693,5.182101454973243,104.05084095607955,11.73582442412166,0,normal
2026-01-01 19:31:00,P-101,64.82345695237268,2.3403408964691996,5.103546672949496,103.07496696806518,12.05209122916058,0,normal
2026-01-01 19:32:00,P-101,64.84924911411791,2.12768401822197,5.078204028525658,102.7001899054912,11.959962209352552,0,normal
2026-01-01 19:33:00,P-101,65.4144368976383,2.2525254556843715,5.051967122053612,102.34541153708624,11.828800766174274,0,normal
2026-01-01 19:34:00,P-101,66.09344423136439,2.27774208503444,4.9565199167689045,100.9410885744182,11.984388043257873,0,normal
2026-01-01 19:35:00,P-101,65.35928365282642,2.3444171800566256,5.002611313841451,101.8657008293913,12.178847436693436,0,normal
2026-01-01 19:36:00,P-101,65.93695873475129,2.1743816147522024,4.9839540544079375,99.01878732622184,11.968241479394704,0,normal
2026-01-01 19:37:00,P-101,64.28508982047312,2.4457813579726917,5.065818864708696,102.185291942354,12.14230402644218,0,normal
2026-01-01 19:38:00,P-101,64.85421655978561,2.1525197331043833,5.124530342362433,100.38168308210804,12.464802417092097,0,normal
2026-01-01 19:39:00,P-101,64.38780858572134,2.2240127762678825,5.0907491336461455,100.12820827026952,11.918126532718697,0,normal
2026-01-01 19:40:00,P-101,65.31144647253196,2.236919581845123,4.91316253184266,102.67132803063431,12.149726999580198,0,normal
2026-01-01 19:41:00,P-101,64.72276794086524,2.0666056567321665,5.068632918569319,105.07133210572354,12.024836622521924,0,normal
2026-01-01 19:42:00,P-101,65.54837502588921,2.161264913935238,5.099934941155562,104.09938735421294,11.911391690654645,0,normal
2026-01-01 19:43:00,P-101,64.18586973210058,2.2107155075844265,5.040477048701833,99.0968222290262,11.826677753516345,0,normal
2026-01-01 19:44:00,P-101,64.98934831845206,2.1425109172988495,4.951994129718345,100.23328307893384,11.887308849487594,0,normal
2026-01-01 19:45:00,P-101,65.63425528766341,2.5035069957114846,5.273813219843875,104.06844825824068,12.211922397134002,0,normal
2026-01-01 19:46:00,P-101,63.58501678608863,2.129022534933197,4.899792757889381,100.1959522875871,12.593147515302803,0,normal
2026-01-01 19:47:00,P-101,66.64592479101618,2.3351084043208545,4.930198331583054,101.6853407316338,11.871549362880057,0,normal
2026-01-01 19:48:00,P-101,64.77031261082391,2.3023794424188297,5.050768147575383,103.20805410744566,11.992085296819504,0,normal
2026-01-01 19:49:00,P-101,63.375387019840474,2.197763912707164,5.17078695447422,100.14427100771115,11.98854737695352,0,normal
2026-01-01 19:50:00,P-101,65.19322771169334,2.1045189876417196,4.955748335244446,102.264392330078,12.166881482079775,0,normal
2026-01-01 19:51:00,P-101,65.04540522478831,2.1101406678542123,4.972313205093507,99.35794743452668,12.046626126024496,0,normal
2026-01-01 19:52:00,P-101,65.07243767950962,2.1550880719899705,5.094136496985258,100.79530031440032,12.344882957919038,0,normal
2026-01-01 19:53:00,P-101,65.58162553691434,1.9592951269880745,5.02466423896442,102.60932113554396,11.471681616432516,0,normal
2026-01-01 19:54:00,P-101,65.34432515513382,2.047880296153106,4.9607834958140264,98.755180417645,11.365922944980433,0,normal
2026-01-01 19:55:00,P-101,65.22223179296006,2.0200941731739865,5.073182846602606,102.79322144516686,11.959827100352468,0,normal
2026-01-01 19:56:00,P-101,65.49198010774391,2.377986950454651,5.040239424078555,101.84379848601874,12.32963900146649,0,normal
2026-01-01 19:57:00,P-101,64.79545114226623,2.2590827248136747,5.112020690331996,102.9585587481053,11.69734475454176,0,normal
2026-01-01 19:58:00,P-101,66.14688887535722,2.2601289163595033,5.12603370273736,102.27161916121314,11.316240489912955,0,normal
2026-01-01 19:59:00,P-101,63.928025075645145,2.284582570476454,5.069780202891631,104.52199580912024,12.278454725828407,0,normal
2026-01-01 20:00:00,P-101,65.16025271888907,2.2261025372396435,5.043476665651998,102.01380476217324,12.121328448790877,0,normal
2026-01-01 20:01:00,P-101,64.95348574860728,2.3629648953125284,5.025867948863054,100.87390702801628,11.753665109140632,0,normal
2026-01-01 20:02:00,P-101,65.57542718702092,2.117308839083347,5.058594463066392,101.94640185344484,11.812007155423114,0,normal
2026-01-01 20:03:00,P-101,64.26102920098707,2.2048143965099185,5.03198588010509,102.75722290753734,11.840280757317451,0,normal
2026-01-01 20:04:00,P-101,63.636958288000415,2.2936341055786005,5.017320353222759,101.7369031808542,12.07974092479411,0,normal
2026-01-01 20:05:00,P-101,65.0830908504684,2.0361589468759944,5.112616807339627,101.68866376734476,11.894081093974592,0,normal
2026-01-01 20:06:00,P-101,65.27644927184369,2.5780237772957055,5.123004699571108,100.17154051427038,12.12866219517199,0,normal
2026-01-01 20:07:00,P-101,65.90882706246259,2.1680713333963695,4.881570932091753,100.21751676624262,11.29286883726118,0,normal
2026-01-01 20:08:00,P-101,63.88249308516285,2.2043865743469357,4.987858282752325,98.7056590613079,11.746956805557287,0,normal
2026-01-01 20:09:00,P-101,65.8708776434145,2.344215692556131,4.994677800434569,104.97733551101877,11.8678065751028,0,normal
2026-01-01 20:10:00,P-101,66.85578783800271,2.305026683308854,4.9646976281963395,98.95753455152256,11.904640866952557,0,normal
2026-01-01 20:11:00,P-101,64.64429893094385,2.1978832174478047,5.0324643107878675,100.02630140090416,11.866277102404592,0,normal
2026-01-01 20:12:00,P-101,64.04633370300371,2.225501467396551,5.052974320230658,99.94192505072608,12.197718696495723,0,normal
2026-01-01 20:13:00,P-101,64.5261068105612,2.0009629642437305,5.022379868532682,103.13499840215896,11.629215759149757,0,normal
2026-01-01 20:14:00,P-101,65.0244104968506,2.1348749220271905,4.854147252655864,100.72144794336874,12.03301630738375,0,normal
2026-01-01 20:15:00,P-101,65.55213780656722,2.2747036642592855,4.960524573754332,103.77282202004268,12.252768766404207,0,normal
2026-01-01 20:16:00,P-101,64.71130270571966,2.2763194518839094,5.070681428560935,99.89614549449212,12.461046223975252,0,normal
2026-01-01 20:17:00,P-101,66.2171827217876,2.343167876809205,4.798432962553091,101.7667076315886,11.932559736174287,0,normal
2026-01-01 20:18:00,P-101,64.1348611311567,2.1888507459085957,5.09002844107448,99.50342689399208,12.066217457907891,0,normal
2026-01-01 20:19:00,P-101,63.49340522551086,2.019121786794435,5.095994754672685,105.42963554211218,11.711923368122775,0,normal
2026-01-01 20:20:00,P-101,65.6309228408385,2.295001964369161,5.092585854722351,98.729176819995,11.363886253521594,0,normal
2026-01-01 20:21:00,P-101,63.28504713729233,2.385423716824004,5.001003235615461,101.6888770565938,12.261859905643238,0,normal
2026-01-01 20:22:00,P-101,64.86375794591368,2.3111720688692285,4.858102391392046,102.30148253138776,12.067654402529614,0,normal
2026-01-01 20:23:00,P-101,67.63390885428794,2.1978344533622893,5.052689579605239,101.82605682847196,12.349409877303763,0,normal
2026-01-01 20:24:00,P-101,64.86013193487507,2.309047173380567,5.107894805039729,100.59225551166622,11.674416943107548,0,normal
2026-01-01 20:25:00,P-101,64.16338500839977,2.6189691484805824,5.080651840277653,100.667409583658,12.149997822391928,0,normal
2026-01-01 20:26:00,P-101,65.15270878528922,2.2386466222726895,4.956772158207851,100.97874768868934,12.496566890796643,0,normal
2026-01-01 20:27:00,P-101,65.00806257534994,2.048679497711281,5.012551423878541,100.56105378415296,12.121758015613906,0,normal
2026-01-01 20:28:00,P-101,65.18913747132329,2.137222983933843,4.984839238899024,102.7466140401418,12.151543797602017,0,normal
2026-01-01 20:29:00,P-101,65.59310884007476,2.2829694268298693,4.986494388085374,105.2035705220524,12.15824613586766,0,normal
2026-01-01 20:30:00,P-101,64.00719595269096,1.9872340936153772,5.072741946609177,99.6310860914789,11.596212218462888,0,normal
2026-01-01 20:31:00,P-101,66.46123443014343,2.2342278672336975,4.8838963254179175,97.96989103191302,12.277989964884975,0,normal
2026-01-01 20:32:00,P-101,65.14096064175133,2.2387490498195612,4.933457167414927,100.49624818614564,11.862173035633102,0,normal
2026-01-01 20:33:00,P-101,65.70142884282063,2.3992138094899182,4.969632349372957,105.7954400050748,12.299984014248,0,normal
2026-01-01 20:34:00,P-101,64.32907841920562,2.336173125102781,4.8706980061921135,98.99178080560375,11.5789948475253,0,normal
2026-01-01 20:35:00,P-101,65.9572442738014,2.294767495535833,5.0501169188938615,103.84037755464531,11.820346410512414,0,normal
2026-01-01 20:36:00,P-101,64.98443246253272,1.9642378174361528,5.131724951929344,103.8804708050787,12.47518597395792,0,normal
2026-01-01 20:37:00,P-101,65.17988060204506,2.3052561992720313,4.979017209622065,99.38073501216869,11.8945964781256,0,normal
2026-01-01 20:38:00,P-101,64.41790640096336,2.305210514166361,4.8954266052121955,101.5886429257328,12.41097815678262,0,normal
2026-01-01 20:39:00,P-101,64.23867360239218,2.235240688188637,5.103897204362473,103.670164118311,12.0905472587847,0,normal
2026-01-01 20:40:00,P-101,65.36178739849113,1.9687762390286456,5.1310335825099775,99.61774421871796,11.528057883322074,0,normal
2026-01-01 20:41:00,P-101,64.73349819702025,2.117835088545823,4.94761469841243,99.93140843441572,12.2209591529654,0,normal
2026-01-01 20:42:00,P-101,64.24760497802082,2.0513141986589516,4.9530928918291455,99.13772331665636,11.826658620060789,0,normal
2026-01-01 20:43:00,P-101,64.53413068926928,1.9642836576205125,5.023593251689336,98.2340401282665,12.121693407227257,0,normal
2026-01-01 20:44:00,P-101,65.54881264804537,2.1983564556641535,5.119024153087322,98.92742532645178,11.974125476678577,0,normal
2026-01-01 20:45:00,P-101,64.31534378054359,2.081583104115176,4.935818178592616,97.74049102506343,11.546435173766186,0,normal
2026-01-01 20:46:00,P-101,64.924932329948,2.5174187040359883,4.8955930164307215,100.21889989105776,12.047640688074376,0,normal
2026-01-01 20:47:00,P-101,65.21452200347566,2.2050598426731995,5.0362447293607175,98.57312408589252,12.506249508114974,0,normal
2026-01-01 20:48:00,P-101,63.52193508236215,2.362227152600213,5.069355066950498,100.54296210991151,12.13953547792596,0,normal
2026-01-01 20:49:00,P-101,63.780457982327555,2.006378005365109,4.969749584307246,96.9259068272428,11.89339776656592,0,normal
2026-01-01 20:50:00,P-101,65.38449777716689,2.1508236829005205,4.961966943871692,100.66176046442892,12.288688664422091,0,normal
2026-01-01 20:51:00,P-101,64.45099567524096,2.2167051406445086,5.095843896515042,101.6293598035678,12.101547910407811,0,normal
2026-01-01 20:52:00,P-101,65.81757901319294,2.0875464116881552,5.001614264649108,95.93713842852708,11.93049771042151,0,normal
2026-01-01 20:53:00,P-101,65.67190367728475,2.13664316705897,4.944875584564574,100.63504259168536,11.746144984710783,0,normal
2026-01-01 20:54:00,P-101,65.62637499602819,2.1802258991187564,5.026973628808527,102.30460503040727,12.127600157359618,0,normal
2026-01-01 20:55:00,P-101,66.52806992834012,2.180962604057869,4.865786861478325,97.39234640402964,12.180631246225126,0,normal
2026-01-01 20:56:00,P-101,64.88735229488056,2.416842198398629,5.08606288008595,103.1191643570916,11.88455939268774,0,normal
2026-01-01 20:57:00,P-101,65.66844893599672,2.2640550786609883,4.984766158740171,100.57448442907986,12.373358488184133,0,normal
2026-01-01 20:58:00,P-101,64.50277531003583,2.2538282789670365,4.948032044848516,98.28889114392956,11.925740228281605,0,normal
2026-01-01 20:59:00,P-101,66.86771769142189,2.252986293062273,4.992868968088446,99.54989269006414,11.764554402817287,0,normal
2026-01-01 21:00:00,P-101,66.69555797913304,2.2870965474284826,5.010631157189925,100.74065412435051,12.271627642960578,0,normal
2026-01-01 21:01:00,P-101,64.97768860296966,2.1860765938544446,5.068980804032954,99.7386399107709,11.92046063838856,0,normal
2026-01-01 21:02:00,P-101,65.39274249528313,2.1719446243424105,5.053555594681322,100.62683521753048,12.20868377839744,0,normal
2026-01-01 21:03:00,P-101,66.03031111208507,2.212877056216347,4.9641946708791425,97.67074131825665,11.857182581483066,0,normal
2026-01-01 21:04:00,P-101,64.87406961144947,2.3377891257822125,5.059229976688983,99.81365247114633,11.979453038251911,0,normal
2026-01-01 21:05:00,P-101,64.48338188854285,2.336233725760194,4.998163250919657,96.61042706243286,12.02170286295656,0,normal
2026-01-01 21:06:00,P-101,65.71842252179363,2.173556023040905,4.9576562084547104,99.17841793575936,12.048076802470284,0,normal
2026-01-01 21:07:00,P-101,64.83387217946941,2.263531341185483,4.965584181214124,97.55616338730424,11.427801956506194,0,normal
2026-01-01 21:08:00,P-101,65.00854471969043,2.159418485432018,4.966703447212274,97.85612783197232,11.655372899935571,0,normal
2026-01-01 21:09:00,P-101,64.4466761963369,2.218326124781139,5.058047801047433,101.7626893593497,12.285233176978196,0,normal
2026-01-01 21:10:00,P-101,63.629887229375456,2.1436803127217683,4.985003696619208,101.436550579694,12.010062370165434,0,normal
2026-01-01 21:11:00,P-101,65.14176981830148,2.172309569631026,4.973124782315716,100.43575172294466,11.882139725995485,0,normal
2026-01-01 21:12:00,P-101,65.55207045563886,2.339472211151398,5.127465771395745,96.99651866410288,11.570252056108718,0,normal
2026-01-01 21:13:00,P-101,64.69352647236998,2.195362021634561,5.060300091671773,98.51212531320049,11.685429679077052,0,normal
2026-01-01 21:14:00,P-101,65.96538459951363,2.193264024009595,4.9545026533982615,101.53507065522726,11.54060245966633,0,normal
2026-01-01 21:15:00,P-101,64.41901546192727,2.0241024317715084,5.039239107956925,99.35638284415496,11.955371305649264,0,normal
2026-01-01 21:16:00,P-101,64.14050261697567,2.1609240037026223,5.046226287757832,103.67582825054176,11.960665452370993,0,normal
2026-01-01 21:17:00,P-101,64.8470150896872,2.158642128481146,5.029205864473005,99.78817704521978,11.751998338610264,0,normal
2026-01-01 21:18:00,P-101,64.91931563076365,2.098676493127377,5.004489000599774,99.35016946345652,11.963474227611709,0,normal
2026-01-01 21:19:00,P-101,65.63212242537891,2.20461827944327,5.078296725993371,98.31253143545524,12.040368600776842,0,normal
2026-01-01 21:20:00,P-101,64.57930203178793,2.173407161552572,5.019276709087221,99.16270815151051,12.498180727597802,0,normal
2026-01-01 21:21:00,P-101,65.92595572398368,2.1885345444457003,4.980590134549591,98.5557230406735,11.578700836329402,0,normal
2026-01-01 21:22:00,P-101,66.69237683057104,2.2294357687488273,5.085796209687297,100.24209635286556,12.297108151411097,0,normal
2026-01-01 21:23:00,P-101,65.07445115844422,2.0985302745636436,5.025709656551512,100.7046853264482,12.264415950047214,0,normal
2026-01-01 21:24:00,P-101,65.88807779424184,2.1381944683638148,4.981567229706368,97.18489433600426,11.720773645235951,0,normal
2026-01-01 21:25:00,P-101,64.12784829357668,2.20591565769091,4.9857237703807815,96.06019621818922,11.932614875192185,0,normal
2026-01-01 21:26:00,P-101,65.75460881145786,2.328919879052848,4.942673697669097,95.0162419538406,11.736078946280813,0,normal
2026-01-01 21:27:00,P-101,65.8524399809561,2.232633657499056,4.9974464894951875,99.670833005555,12.036547135271336,0,normal
2026-01-01 21:28:00,P-101,65.79863725196182,2.1340537068861476,4.917209704956928,96.4145272057878,12.269718569524771,0,normal
2026-01-01 21:29:00,P-101,64.97949543637809,2.2468738095435525,4.88272769260608,94.28210701759905,11.9798647686858,0,normal
2026-01-01 21:30:00,P-101,62.6794444385708,2.410261315664165,4.913433330948973,99.33189618675678,12.107108978911064,0,normal
2026-01-01 21:31:00,P-101,64.48568115720548,2.3098876357265805,4.923719507158442,103.50781701022072,11.99765718031796,0,normal
2026-01-01 21:32:00,P-101,64.33258538222404,2.2448679581987396,4.914392496809365,98.47698857201291,11.583295490929304,0,normal
2026-01-01 21:33:00,P-101,64.19815318386829,2.284665462847462,4.9873952667182335,100.13366294755876,11.95189283579166,0,normal
2026-01-01 21:34:00,P-101,65.20151283705057,2.3857592891480515,4.994130754867763,98.58813482721123,12.259296083532316,0,normal
2026-01-01 21:35:00,P-101,64.49044934162822,2.3072777275377696,4.960243678034996,98.19474030868072,11.564050245113007,0,normal
2026-01-01 21:36:00,P-101,64.23718909447959,2.2551210835205695,4.813533420047539,100.19896992577272,11.742196755729008,0,normal
2026-01-01 21:37:00,P-101,64.13857254377105,2.3264386491469735,5.103455149242569,97.74882406215814,11.96403165592326,0,normal
2026-01-01 21:38:00,P-101,64.31511986649626,2.056143150308867,5.0752481876388655,98.83297778076354,11.71882563721109,0,normal
2026-01-01 21:39:00,P-101,65.80487515479393,2.008187642883414,5.024767563118623,98.91067750212522,11.769189463284953,0,normal
2026-01-01 21:40:00,P-101,64.39162565815522,2.2089075508094123,5.121603887162626,96.90046333583648,11.80111425464305,0,normal
2026-01-01 21:41:00,P-101,64.45377173143318,2.1914570222305385,4.923714568100308,100.1903697499005,11.664306741449478,0,normal
2026-01-01 21:42:00,P-101,64.51114519848207,2.119293704890993,5.129272905585334,97.82628959352536,11.69125822625167,0,normal
2026-01-01 21:43:00,P-101,65.30115677282718,2.3028475656017817,4.889132182277389,96.6349308417433,12.074904904449127,0,normal
2026-01-01 21:44:00,P-101,65.22454195983896,1.958899165752868,5.010998490055996,99.18994560326873,11.64885592254032,0,normal
2026-01-01 21:45:00,P-101,62.35997705996205,2.1102901156926364,4.861000934660982,96.29079206717186,11.489255728391448,0,normal
2026-01-01 21:46:00,P-101,65.73168800626905,2.1311028140155575,4.982327471943848,98.11519443002992,11.785949588017424,0,normal
2026-01-01 21:47:00,P-101,66.19843403451942,2.009811236678617,5.011013367234398,98.01200473945272,12.123349017811044,0,normal
2026-01-01 21:48:00,P-101,64.14224365566331,2.377166831566396,4.98936232880284,100.1737555293604,11.95598221388159,0,normal
2026-01-01 21:49:00,P-101,64.16278407289732,2.029473681346051,5.046344175941179,98.92339804139684,11.851556671713,0,normal
2026-01-01 21:50:00,P-101,64.61898882670562,2.1267981352391083,4.986884203606217,97.89630476472364,11.94797884232061,0,normal
2026-01-01 21:51:00,P-101,64.2152809133203,2.2864680870473135,4.953752548539421,99.55457268096217,11.550210322213951,0,normal
2026-01-01 21:52:00,P-101,65.23668164679844,2.284717959666593,4.9613795864621935,100.67246518863809,12.143850369102902,0,normal
2026-01-01 21:53:00,P-101,63.46889543702618,2.07028349468599,5.054683237620014,98.98101358107589,12.065289165283186,0,normal
2026-01-01 21:54:00,P-101,64.03904440414131,2.2735720164326145,4.926298419265673,97.85977816502304,11.83346622642676,0,normal
2026-01-01 21:55:00,P-101,66.27422327115599,2.240132326315995,5.02512645416915,95.18942165303544,12.107163777540167,0,normal
2026-01-01 21:56:00,P-101,64.09256121608757,2.4593564161991255,5.054389276644302,95.65723332177473,11.587842974914984,0,normal
2026-01-01 21:57:00,P-101,66.07335424766791,2.258299303076394,4.838020162562491,97.15172715501812,12.196529062963936,0,normal
2026-01-01 21:58:00,P-101,65.25793858047331,2.179759484471927,5.055816325518815,96.51822145347312,11.934170060003009,0,normal
2026-01-01 21:59:00,P-101,63.486995327673505,2.0890209525636845,5.138221114485523,97.33872986099476,11.8360237483603,0,normal
2026-01-01 22:00:00,P-101,65.47989711409373,2.107145015705428,4.998177902110823,97.80176012146686,11.929084394801928,0,normal
2026-01-01 22:01:00,P-101,64.87982766491277,2.0976528968772032,5.035166720863709,98.7239986040124,11.934903766667636,0,normal
2026-01-01 22:02:00,P-101,64.72765629041164,2.3760355995958604,5.057961797424252,97.50013714747196,12.230074838528587,0,normal
2026-01-01 22:03:00,P-101,65.071390146891,2.186584448846152,4.963871735702767,98.5910320917089,11.688561180883514,0,normal
2026-01-01 22:04:00,P-101,65.27614583903886,2.2548845362001466,4.991824896633106,97.72424787500762,11.74109762646358,0,normal
2026-01-01 22:05:00,P-101,65.59316793739694,2.3850965219748637,4.831084196471826,93.6220158841674,12.06773619954314,0,normal
2026-01-01 22:06:00,P-101,65.83111652204255,1.9030485834356223,4.967813916884546,95.67231146021096,11.721285610010364,0,normal
2026-01-01 22:07:00,P-101,65.38345676310391,2.3605833558741973,5.012261230608279,97.24122709567148,12.142370082203042,0,normal
2026-01-01 22:08:00,P-101,64.01050220107255,2.2205238134267047,4.992181270001422,95.08882281673034,12.277523680254088,0,normal
2026-01-01 22:09:00,P-101,64.56515141126329,2.245214276769882,5.072106711286467,98.687273339866,11.86016944346057,0,normal
2026-01-01 22:10:00,P-101,67.42891711553061,2.109901419304673,4.943301004630971,100.52851788818136,12.186196118289269,0,normal
2026-01-01 22:11:00,P-101,65.46283810326752,2.0947907290564456,4.956236862046226,99.88454025801056,11.708113137405352,0,normal
2026-01-01 22:12:00,P-101,66.93490958193068,2.2635964744377444,5.1216459305748945,97.00053428955864,12.098699353203711,0,normal
2026-01-01 22:13:00,P-101,66.14096584862348,2.4892290588977932,4.991870550320117,100.3896820221214,12.061546457160334,0,normal
2026-01-01 22:14:00,P-101,65.21298688926538,2.3228407515403844,4.992870539488942,97.68678365039564,12.048863080051923,0,normal
2026-01-01 22:15:00,P-101,65.13693134483293,2.338838461696231,4.961608276838305,96.69690801763232,11.73951422252012,0,normal
2026-01-01 22:16:00,P-101,64.75814347846517,2.15038578636446,4.89552874383173,96.12632099361326,11.468518775916603,0,normal
2026-01-01 22:17:00,P-101,63.62084932916474,2.129362120779968,5.097188849677176,96.7306512805831,12.027732554604867,0,normal
2026-01-01 22:18:00,P-101,64.7666029518122,2.075324049540223,4.92320510795099,96.54212209046376,11.38041287459405,0,normal
2026-01-01 22:19:00,P-101,65.90851599309013,2.133904196918444,4.886243325003964,97.64261669005184,11.849940877640922,0,normal
2026-01-01 22:20:00,P-101,64.58568619244146,1.9618408815568391,4.940007445862797,97.60666680470167,12.163495470746042,0,normal
2026-01-01 22:21:00,P-101,65.31606146237579,2.1113220617437984,4.812621261144476,97.27577412825184,11.966247657815812,0,normal
2026-01-01 22:22:00,P-101,65.8536449350531,2.154304133565137,4.929178531017644,98.12815282162994,12.430930245846351,0,normal
2026-01-01 22:23:00,P-101,64.37021372789789,2.191201778991104,4.918755682246565,99.62059700747508,12.244895198369695,0,normal
2026-01-01 22:24:00,P-101,64.56305438949707,2.2063220982911744,5.0406330569779785,99.12387665037927,11.810241702429984,0,normal
2026-01-01 22:25:00,P-101,64.11929264086865,2.23519683339137,4.8885356068895645,94.24087460543544,11.834054583125925,0,normal
2026-01-01 22:26:00,P-101,64.24260049522795,2.1857505778792787,4.991916023874571,92.08917090282624,11.750832451448678,0,normal
2026-01-01 22:27:00,P-101,63.800327355737146,2.1090282774713183,5.102403101940715,99.05243824951692,11.576028956648976,0,normal
2026-01-01 22:28:00,P-101,64.11884859119503,1.944297882845319,5.006866736857914,94.43727099549056,11.598018400743628,0,normal
2026-01-01 22:29:00,P-101,66.03999854531504,2.1190172170763826,4.949860679703498,96.7091742812304,11.761085001691947,0,normal
2026-01-01 22:30:00,P-101,64.00167557923012,2.050063073790354,4.959355203726406,94.80660439899582,11.33514300625589,0,normal
2026-01-01 22:31:00,P-101,65.02829406796091,2.246818846382478,4.813315659694475,93.53144549060003,11.817816731780912,0,normal
2026-01-01 22:32:00,P-101,64.55128613367022,2.3033121296791164,4.971371251091876,98.20736008935744,11.883952841517464,0,normal
2026-01-01 22:33:00,P-101,65.75939008716857,2.2896656952395684,4.917487195613123,98.63222730584704,11.540743343847517,0,normal
2026-01-01 22:34:00,P-101,66.0407611351952,2.2898132405743756,5.015054453312412,95.95083428204674,11.979578244780734,0,normal
2026-01-01 22:35:00,P-101,65.66578925136814,2.180793569952825,5.1249418504628,91.91216593232429,11.93633316414247,0,normal
2026-01-01 22:36:00,P-101,65.21952248122571,2.1341921869858305,4.999911889925415,95.99261590475102,11.936537096858752,0,normal
2026-01-01 22:37:00,P-101,64.75706588171573,2.103086858458508,4.819309062008081,97.86002739244536,11.854783777971118,0,normal
2026-01-01 22:38:00,P-101,64.03496892172316,2.01765871564231,4.912205309484322,94.11037249174716,11.97117171269038,0,normal
2026-01-01 22:39:00,P-101,66.5919709971343,2.32366593059051,4.984070820854012,97.42715468240556,12.09286973059134,0,normal
2026-01-01 22:40:00,P-101,64.38727216536354,2.178410997894101,4.9772137795155,97.02251854946796,11.98752644891396,0,normal
2026-01-01 22:41:00,P-101,65.42691453253016,2.0374388466284827,4.923583849907446,98.20488999561456,11.739993637259747,0,normal
2026-01-01 22:42:00,P-101,65.8426617695003,2.100197198839969,4.992414368453002,97.2791029042047,11.987523278503938,0,normal
2026-01-01 22:43:00,P-101,64.61637855016656,2.103538553689447,4.8514790018866805,95.08790688402316,12.151507369227064,0,normal
2026-01-01 22:44:00,P-101,65.76380822070647,2.1968377130585273,4.918624889447585,99.42175872623903,11.83349549713424,0,normal
2026-01-01 22:45:00,P-101,65.78164365758435,2.3493802789926415,5.018729778828323,96.70659675000265,12.425682737283188,0,normal
2026-01-01 22:46:00,P-101,66.29338265877992,2.1471177028578428,4.888392511423815,96.9645569894201,11.777528976186256,0,normal
2026-01-01 22:47:00,P-101,64.56954686056356,1.9228239824390785,4.9945430387484775,95.1486110309097,11.862560084262324,0,normal
2026-01-01 22:48:00,P-101,63.85756064261785,2.1630798418361317,4.851693244729391,96.12503467018746,11.71562964110404,0,normal
2026-01-01 22:49:00,P-101,64.56080229369039,2.1769059942440863,5.093575249414982,95.23891787116436,11.912985245114996,0,normal
2026-01-01 22:50:00,P-101,64.95278099710237,2.1462218426720994,4.904658683156359,96.66002769486832,11.464245407687232,0,normal
2026-01-01 22:51:00,P-101,64.99709247487198,2.118519946673407,4.9863787351603905,100.42720609046664,11.87630573300982,0,normal
2026-01-01 22:52:00,P-101,64.50713751450009,2.203828668627067,4.9690323538493875,94.25832929621552,11.554719578799324,0,normal
2026-01-01 22:53:00,P-101,63.4114617632442,2.2002894001211293,4.892510250163879,93.7738246363966,11.847049326064973,0,normal
2026-01-01 22:54:00,P-101,65.47514206472269,2.2093648207822274,5.010898252109462,99.94257752237576,12.2468891695485,0,normal
2026-01-01 22:55:00,P-101,66.60145243372557,2.2524640696806326,5.011842064418572,96.58135264569628,12.058942126149526,0,normal
2026-01-01 22:56:00,P-101,65.08218015109334,2.1122674562966246,5.033469972500966,95.66209139006872,11.276947901487338,0,normal
2026-01-01 22:57:00,P-101,65.6804844622189,2.1657567255079337,5.054127362947259,99.08075680694223,12.482940117440236,0,normal
2026-01-01 22:58:00,P-101,65.43697504501742,2.3629921447619155,4.944164167921832,95.7909005026045,11.947547000233351,0,normal
2026-01-01 22:59:00,P-101,65.24785712454393,2.258400122745604,4.9948275436492695,100.65580855727582,11.825549471595023,0,normal
2026-01-01 23:00:00,P-101,65.7413868240823,2.2987402836366133,5.171546400215941,98.36177155739372,11.990135126469546,0,normal
2026-01-01 23:01:00,P-101,65.28631033299392,2.343383973745762,5.03631813028921,96.03270048292674,11.925028470113476,0,normal
2026-01-01 23:02:00,P-101,64.69908797977143,2.256767016111734,4.939516263485398,101.32621559910147,11.873074288735154,0,normal
2026-01-01 23:03:00,P-101,64.3326451439638,2.3075861754926907,4.966036224131738,95.80371710304942,11.923590679927004,0,normal
2026-01-01 23:04:00,P-101,64.72211412876293,2.000640212175003,4.958222117022331,98.5033568124586,11.80323263246868,0,normal
2026-01-01 23:05:00,P-101,65.18233429057396,2.2158773013162025,4.965395671854846,97.62224105686956,11.82757673353358,0,normal
2026-01-01 23:06:00,P-101,64.6740908971466,2.1689434428379037,4.89796137040043,99.63209830170764,11.817393165112458,0,normal
2026-01-01 23:07:00,P-101,65.11008862344207,2.3836493005250916,4.968616812841523,100.15706715923996,11.646544192342288,0,normal
2026-01-01 23:08:00,P-101,65.33115115956797,2.3087963453923503,5.115963966510593,97.10395046550794,11.949577631519084,0,normal
2026-01-01 23:09:00,P-101,65.67154714373642,2.124972026944853,5.00172081662724,95.53947125572002,12.012508996800683,0,normal
2026-01-01 23:10:00,P-101,66.05340132508313,2.248130967774998,4.780437912684804,97.97308253369216,12.06791337502986,0,normal
2026-01-01 23:11:00,P-101,65.09285850928673,2.223928331826864,5.054387920433267,95.70500410334304,12.0761314362591,0,normal
2026-01-01 23:12:00,P-101,63.999352410375536,2.2602164797899764,5.09812006307622,101.09497012434866,12.113934156234176,0,normal
2026-01-01 23:13:00,P-101,64.63883805324862,2.0671040700130394,4.944752076093544,97.34949004380574,11.787303326759949,0,normal
2026-01-01 23:14:00,P-101,65.07546998075198,2.248229466681925,5.020925700488975,96.35446169863177,12.10054981706675,0,normal
2026-01-01 23:15:00,P-101,63.36519657461425,2.151848285529904,4.9058841744180635,97.46361112834391,11.584528948889831,0,normal
2026-01-01 23:16:00,P-101,65.95377970788402,2.2142499831619276,4.906475567743099,94.40960250444078,11.607120229505105,0,normal
2026-01-01 23:17:00,P-101,64.9595305897647,2.09377731265488,5.071590597935792,95.17068890822044,11.614070649390802,0,normal
2026-01-01 23:18:00,P-101,65.4073910229642,2.1425810138449046,4.973514221298791,99.52526244883671,12.255771888249928,0,normal
2026-01-01 23:19:00,P-101,66.13655943512883,2.3463783255824815,4.808637645121774,95.82161780781728,12.110345662769538,0,normal
2026-01-01 23:20:00,P-101,64.48525236141963,2.0724851211908693,4.945465827034999,95.05300848575068,11.973416563833768,0,normal
2026-01-01 23:21:00,P-101,65.54521065830924,2.0934166110752073,4.976033034467555,98.23201059007036,12.21494278400506,0,normal
2026-01-01 23:22:00,P-101,64.81868966369701,2.182132869406452,5.091293852566351,99.5424367016474,11.766452405446424,0,normal
2026-01-01 23:23:00,P-101,64.87105047895378,2.1096631515485007,4.987363964257746,98.6217050483685,12.0457999314163,0,normal
2026-01-01 23:24:00,P-101,64.35999794944908,2.0910155465900373,4.958164500527195,99.1891085442418,11.944379649231465,0,normal
2026-01-01 23:25:00,P-101,66.36553574572007,2.2167407633913516,5.040575295270459,95.69708036519631,12.08263293692712,0,normal
2026-01-01 23:26:00,P-101,64.62065130923648,2.0095235148336723,4.953474689060219,94.38114704601294,11.80262835324234,0,normal
2026-01-01 23:27:00,P-101,65.52398076981731,2.074595703347958,4.942417903092876,100.24197176181336,11.91102343075188,0,normal
2026-01-01 23:28:00,P-101,63.513391943531985,2.448166201639529,5.058488972887859,96.60891680445296,12.033494633773836,0,normal
2026-01-01 23:29:00,P-101,65.99282393313138,2.2612411457487243,4.983173101711693,96.76801605503492,12.122082773448856,0,normal
2026-01-01 23:30:00,P-101,65.77423729079656,2.101970943481476,4.999653148597355,99.94190712630008,11.8311709150773,0,normal
2026-01-01 23:31:00,P-101,65.05281065227183,2.2470437298961925,4.998375113953954,98.4142442641022,11.937158410084972,0,normal
2026-01-01 23:32:00,P-101,64.69136497898602,2.2521945262254395,4.896649043003767,98.23025127170943,11.68229737974087,0,normal
2026-01-01 23:33:00,P-101,65.0901810468619,2.2906023607072097,4.974443651339349,101.66559534336152,11.425452605927612,0,normal
2026-01-01 23:34:00,P-101,66.80387157016482,2.1813461566477663,4.960947506745971,96.06608985993483,11.932097603651478,0,normal
2026-01-01 23:35:00,P-101,63.64102229909505,2.323631181609976,4.976694506558335,99.22676021603088,12.129029145544584,0,normal
2026-01-01 23:36:00,P-101,65.6218702907974,1.9549174646064016,5.076829020483183,97.5034749857856,11.99062095184525,0,normal
2026-01-01 23:37:00,P-101,64.05109495817521,2.045791624330202,4.996846611279641,97.945414306148,11.45097199974585,0,normal
2026-01-01 23:38:00,P-101,64.9547926225635,2.216005485658785,5.0732358826533535,100.48435688424412,11.926818349008204,0,normal
2026-01-01 23:39:00,P-101,64.5614133855383,2.2095207090370894,4.98537850903802,98.46268806719516,11.399293702003083,0,normal
2026-01-01 23:40:00,P-101,64.77683880510634,2.10552280189783,5.069939162515622,98.54360838159322,12.298733528361344,0,normal
2026-01-01 23:41:00,P-101,64.87861160519992,2.217003362506843,5.028126526070785,99.63243055449318,11.717459271105271,0,normal
2026-01-01 23:42:00,P-101,64.17954312684368,2.1359991755407677,4.968856707264345,96.7783068433268,12.217200107664778,0,normal
2026-01-01 23:43:00,P-101,65.86814310774002,2.172364753547447,4.957447181607645,95.8509828724367,12.111996897094135,0,normal
2026-01-01 23:44:00,P-101,63.42016252210519,2.30490752246281,4.878258548494786,95.46136385980638,11.638693327660176,0,normal
2026-01-01 23:45:00,P-101,65.24221594519338,2.28537304149297,4.976955615992137,93.64023583812316,11.526010837326758,0,normal
2026-01-01 23:46:00,P-101,64.79430089927419,2.0872939583791403,5.01386075428977,101.70771330526802,12.138823953254626,0,normal
2026-01-01 23:47:00,P-101,63.923767026107086,2.055693192201719,4.913956763911635,95.41161207261312,11.651267352882623,0,normal
2026-01-01 23:48:00,P-101,65.1385386901718,2.1477381917452076,5.060503216229152,97.1986274564186,11.94157998423211,0,normal
2026-01-01 23:49:00,P-101,63.671488209500374,2.1864215787174444,4.871092582883627,97.11098649552108,11.792622697163903,0,normal
2026-01-01 23:50:00,P-101,64.83329449993663,2.0962426116911472,4.949233065038314,98.30327366729084,11.503808606402316,0,normal
2026-01-01 23:51:00,P-101,63.63078143454285,2.296012463234971,5.075658968822806,99.34414689204424,11.422707401980214,0,normal
2026-01-01 23:52:00,P-101,65.38518440631785,2.243707623362976,5.019823763618732,99.45819283451118,12.040416847158983,0,normal
2026-01-01 23:53:00,P-101,64.16351061870171,2.236604773885683,4.962131502653675,96.59602168658958,11.75749121401503,0,normal
2026-01-01 23:54:00,P-101,64.55333441132937,2.037281543645706,4.994612455655537,97.45321722035264,11.785324062382047,0,normal
2026-01-01 23:55:00,P-101,65.28528494248846,2.346340565102795,4.998135673871031,98.37825401871235,12.125313580334817,0,normal
2026-01-01 23:56:00,P-101,64.46741082626508,1.8722603057984768,4.852083903026818,97.3416906729692,12.213611289347186,0,normal
2026-01-01 23:57:00,P-101,64.93933533757412,2.29829997138552,4.982859890376284,101.08008412041212,11.96426634327191,0,normal
2026-01-01 23:58:00,P-101,63.74136372823969,2.3061709246749396,5.1180617322999,98.87399999387996,11.881070323088936,0,normal
2026-01-01 23:59:00,P-101,65.54738033404425,2.1534468389225605,4.941142025764438,99.3887956546612,12.106699627918308,0,normal
2026-01-02 00:00:00,P-101,66.26750294210525,2.3346957132777697,4.96725713106714,99.27212121954877,11.638929744161567,0,normal
2026-01-02 00:01:00,P-101,67.25993379129004,2.1956991307657363,4.959879831841341,100.3209492906076,12.065416742405151,0,normal
2026-01-02 00:02:00,P-101,65.10849120469662,2.2119363903197273,4.976678857285596,98.36400751510465,12.088891718408677,0,normal
2026-01-02 00:03:00,P-101,65.64382527952147,2.2424012003489704,4.90771596186235,95.43657883682944,12.03315491720929,0,normal
2026-01-02 00:04:00,P-101,63.368122687649326,2.556466892664241,5.027521400360614,98.85820801879694,11.481558064938293,0,normal
2026-01-02 00:05:00,P-101,66.08747210498163,2.3469926494621047,4.983635215414925,96.78501424317028,11.713211609842874,0,normal
2026-01-02 00:06:00,P-101,65.49787278912848,2.2687469922542,5.032480734734845,97.05969255262838,11.692224963372984,0,normal
2026-01-02 00:07:00,P-101,64.61467172985881,2.0906907723353303,4.909116198687276,99.31914919823916,12.004546214549478,0,normal
2026-01-02 00:08:00,P-101,66.04565240120542,2.2242192491793142,4.979300513867202,100.65277524978346,12.1397694024355,0,normal
2026-01-02 00:09:00,P-101,64.92507611787993,2.118507231137958,4.964430471514025,98.24882820429956,12.321642447990484,0,normal
2026-01-02 00:10:00,P-101,64.5703350287714,2.290747698571818,5.024994855490292,98.85431026832052,11.841887937957598,0,normal
2026-01-02 00:11:00,P-101,65.35057123185912,2.2131439485278235,4.953259422013474,101.67171177900369,11.925758228792809,0,normal
2026-01-02 00:12:00,P-101,64.24963999616278,2.0775978479497126,5.061049299456636,98.77969951159687,12.250808990067592,0,normal
2026-01-02 00:13:00,P-101,65.88935037791974,2.2187412708101935,5.130240641030371,103.53273937889622,12.180126415999464,0,normal
2026-01-02 00:14:00,P-101,64.27587533659005,2.1131533019004833,4.915808574699756,99.49183625106028,12.301667965328802,0,normal
2026-01-02 00:15:00,P-101,64.12728089760346,2.214061537743256,4.909440109376028,94.87099409675136,11.918311823655,0,normal
2026-01-02 00:16:00,P-101,64.15571041962991,2.082343503330742,4.956757072859884,99.93115935232515,11.708655625891438,0,normal
2026-01-02 00:17:00,P-101,65.46491517255618,2.1854629088212065,5.20278087805841,99.21899816842104,11.64328785635818,0,normal
2026-01-02 00:18:00,P-101,64.36425211671744,2.272265434173862,4.976294350615951,101.0686359032582,11.644181014833014,0,normal
2026-01-02 00:19:00,P-101,63.986226724116854,2.201711679920311,5.132891842151442,99.86818067789504,12.16155837902647,0,normal
2026-01-02 00:20:00,P-101,64.61364960647678,2.165367608742492,4.881447710488745,98.2778270097273,12.245484016063571,0,normal
2026-01-02 00:21:00,P-101,65.11297381836535,2.241719110890614,4.882220840016103,96.13929173092528,12.346519287274353,0,normal
2026-01-02 00:22:00,P-101,64.11797111314357,2.291505552004528,4.927103776487779,98.20321390356348,12.156872750187716,0,normal
2026-01-02 00:23:00,P-101,64.15838468384575,2.077104203998343,4.9018829495173915,96.9538094433113,12.199323927683086,0,normal
2026-01-02 00:24:00,P-101,66.60136670361956,2.22031994310711,4.953844159271697,97.52760580043775,11.78082409084971,0,normal
2026-01-02 00:25:00,P-101,64.19470392248425,2.343499428974009,4.942295933123741,99.899818934146,11.707890613838416,0,normal
2026-01-02 00:26:00,P-101,64.85173422541203,2.2826098506470096,4.9554194952384645,102.09668226572296,12.275420301076077,0,normal
2026-01-02 00:27:00,P-101,64.74294595961457,2.2115224426318174,5.088483997242916,99.58062375250498,12.091838900635,0,normal
2026-01-02 00:28:00,P-101,64.63086834572276,2.2727627247962556,5.0622446185552334,96.43411287541802,11.919884479847765,0,normal
2026-01-02 00:29:00,P-101,65.53281295663707,2.258766520315047,5.073442400368775,99.74986804987488,12.089338911654494,0,normal
2026-01-02 00:30:00,P-101,65.80629958040632,2.2964052856027615,5.054808809599119,101.28888931523726,12.11946305007167,0,normal
2026-01-02 00:31:00,P-101,64.85615252342275,1.969742715263049,4.984531430814579,97.71119855522149,12.252290171620034,0,normal
2026-01-02 00:32:00,P-101,64.12469237197338,2.027819639116316,4.947217913718033,98.6980368971306,12.284687503118157,0,normal
2026-01-02 00:33:00,P-101,66.06234523058383,2.325928628976077,4.914056577178488,99.03091775588943,12.10698262076177,0,normal
2026-01-02 00:34:00,P-101,64.97791588483192,2.0261400935842846,5.003713381718754,97.4673725444139,12.135471894473149,0,normal
2026-01-02 00:35:00,P-101,66.44009782574297,2.255164683018459,4.909804667441885,100.36950988456287,12.13960093464308,0,normal
2026-01-02 00:36:00,P-101,63.14381805624105,2.1502898880627725,4.9091561152465015,98.86697895805334,11.850716935732946,0,normal
2026-01-02 00:37:00,P-101,65.23178712972282,2.089890359615501,5.092073131500427,99.98400710040411,12.18866138174041,0,normal
2026-01-02 00:38:00,P-101,66.36430947826918,2.220636022253722,5.1261135217162055,97.40615983784382,11.573561027920498,0,normal
2026-01-02 00:39:00,P-101,64.80288855344486,2.2348115031704125,5.014889199858153,98.34255888048348,12.213749654488474,0,normal
2026-01-02 00:40:00,P-101,64.70853728400562,2.4393576210857315,5.095503502725181,100.69869305416096,11.72233005668332,0,normal
2026-01-02 00:41:00,P-101,65.24752772240868,2.1264124515977456,4.965780501651934,98.5448367047453,12.027795922841042,0,normal
2026-01-02 00:42:00,P-101,64.50182133408484,2.3664204630574024,4.920797219309171,102.78111541961869,11.87214497298202,0,normal
2026-01-02 00:43:00,P-101,64.78845782825331,2.247055171463055,5.034620792479533,98.56470629900464,12.095288434738746,0,normal
2026-01-02 00:44:00,P-101,64.72455827617361,2.120028668155717,5.044045540961211,99.85023950996056,11.98702587881684,0,normal
2026-01-02 00:45:00,P-101,64.35422426928244,2.277929682005011,5.018763861510309,101.303037719989,11.640402142058836,0,normal
2026-01-02 00:46:00,P-101,65.9848135955488,2.268104664958017,4.946991956923672,96.63819935720812,12.004320888470865,0,normal
2026-01-02 00:47:00,P-101,65.26295599871932,2.1910628919932376,5.036881555091026,95.9904708804538,11.735233932205436,0,normal
2026-01-02 00:48:00,P-101,65.24659338500595,2.237716792688288,4.8861214633607775,96.49801060349752,12.115226998308268,0,normal
2026-01-02 00:49:00,P-101,65.67233094240314,2.131545823385917,4.9592155270367515,102.11179733480044,12.063685342227616,0,normal
2026-01-02 00:50:00,P-101,64.8103008400663,2.103628733298093,4.9045543195343875,98.5202840075222,12.054463766572674,0,normal
2026-01-02 00:51:00,P-101,64.34221400281675,2.2863301930460938,5.0545761311780275,104.77782941671606,11.903942643747678,0,normal
2026-01-02 00:52:00,P-101,64.44181236906319,2.1636162456767627,4.8986727556125755,98.57041965813156,11.809779531887106,0,normal
2026-01-02 00:53:00,P-101,64.95682915747449,2.1848153807839585,4.946316115726199,100.10554901674185,11.888506811476985,0,normal
2026-01-02 00:54:00,P-101,64.27259975518857,2.2485747317491733,4.9721219499073435,102.85823948855194,12.299922804717196,0,normal
2026-01-02 00:55:00,P-101,64.81341466612396,2.2585375362982214,5.017389475590586,103.8238142177303,12.534058698483282,0,normal
2026-01-02 00:56:00,P-101,64.55425680171336,2.024374587884427,4.920732786275017,103.97227419873349,11.917875288026286,0,normal
2026-01-02 00:57:00,P-101,66.8349737412871,2.371266345052569,5.0300130184947465,102.30366191317648,12.338321893559714,0,normal
2026-01-02 00:58:00,P-101,62.58765312346381,2.19037999265445,5.119511639706103,101.97273476529293,11.51676268852736,0,normal
2026-01-02 00:59:00,P-101,64.75065355211129,2.162475274615817,5.0223128675728645,101.1473557787523,11.735873323089496,0,normal
2026-01-02 01:00:00,P-101,66.30335785446114,2.242051873146534,5.138872913107439,101.55672215233328,11.807007050523303,0,normal
2026-01-02 01:01:00,P-101,64.9494486226058,2.2098816946462643,5.096073121740084,98.935326686993,11.629932628249607,0,normal
2026-01-02 01:02:00,P-101,65.42564304999195,2.269911156645648,5.046608728974682,98.4389925194854,11.557272678137668,0,normal
2026-01-02 01:03:00,P-101,65.12243680289185,2.269880009509617,5.00703808374283,100.1063216331879,12.106439377030084,0,normal
2026-01-02 01:04:00,P-101,64.44245088976791,2.283181246822188,4.99990366815453,99.81036370948944,11.940793986852718,0,normal
2026-01-02 01:05:00,P-101,63.23579077767258,2.365784709347266,5.053923136388395,99.2819154599334,12.07330881319928,0,normal
2026-01-02 01:06:00,P-101,65.25283688197916,2.3170939874202814,4.984853904354649,101.61875531149722,12.221180830875294,0,normal
2026-01-02 01:07:00,P-101,64.43216638371686,2.1873231119854193,4.871139979950535,102.17416400679323,12.131629168496932,0,normal
2026-01-02 01:08:00,P-101,64.43124277968845,2.0741907493483662,5.04413931349961,100.47789891713734,12.178777761551714,0,normal
2026-01-02 01:09:00,P-101,64.63338051839325,2.40420704235761,4.942450802772512,103.29362931673096,12.08142580794136,0,normal
2026-01-02 01:10:00,P-101,66.25430124413734,2.1537747100531637,4.903954916469028,98.0926214724259,11.646030297096342,0,normal
2026-01-02 01:11:00,P-101,67.0299640753272,2.156488865587239,5.000278435374608,100.02605195349447,12.265235103810031,0,normal
2026-01-02 01:12:00,P-101,65.10305952225849,1.9827544283977383,4.9825603310572895,99.01703212615666,11.823232930589418,0,normal
2026-01-02 01:13:00,P-101,64.49568465013164,2.224054076295081,4.854582334109135,96.75483826143852,11.66874607315255,0,normal
2026-01-02 01:14:00,P-101,64.04474357212148,2.216181980734758,5.0168364031830555,100.35970780524045,11.966311765206116,0,normal
2026-01-02 01:15:00,P-101,65.28737482443108,2.007254044549342,5.08047766213879,100.3186489269906,11.78135673798559,0,normal
2026-01-02 01:16:00,P-101,66.42809379498951,2.2546140494231546,4.945992968659013,103.62602942802748,12.004423287343466,0,normal
2026-01-02 01:17:00,P-101,64.85930481892274,2.147364110583684,5.120775113456658,101.89764469887572,12.142942821357138,0,normal
2026-01-02 01:18:00,P-101,63.11513060493231,2.5251287305665047,4.8614307203315015,98.62443863418972,12.045818593837224,0,normal
2026-01-02 01:19:00,P-101,65.49926891629472,2.127080304304385,5.213562752787072,104.41768212373955,11.90807294710578,0,normal
2026-01-02 01:20:00,P-101,65.7778068764957,2.146462688553224,4.998980536086774,103.18813705254529,11.973717768339172,0,normal
2026-01-02 01:21:00,P-101,63.86211742727803,2.1113760955378145,5.031116559004221,101.9467199258069,12.326984848966768,0,normal
2026-01-02 01:22:00,P-101,65.19521801000998,2.3600990154099897,4.852296190289669,100.36588760885232,12.135076657699054,0,normal
2026-01-02 01:23:00,P-101,65.55572146861128,2.1796094866270312,4.9843909078220845,98.93617931396297,12.486851639256026,0,normal
2026-01-02 01:24:00,P-101,65.06128751007807,2.1279819705087935,5.019745686143345,100.146711192589,12.299433379213053,0,normal
2026-01-02 01:25:00,P-101,64.51906715025811,2.3037950868812644,5.024152513897373,103.1045482225332,12.379209713815982,0,normal
2026-01-02 01:26:00,P-101,65.73074696510075,2.024107296031657,5.002273548248719,104.73200344129086,11.794992965624775,0,normal
2026-01-02 01:27:00,P-101,64.80270158666976,2.290688938480462,4.965124295418908,104.08494569011332,12.313513458611755,0,normal
2026-01-02 01:28:00,P-101,63.80721514878177,2.413188475859818,5.091004428822495,100.056229925951,11.988410197354302,0,normal
2026-01-02 01:29:00,P-101,63.291282240345176,2.2593506685503253,4.990764578495453,98.83000076956174,11.82715457220229,0,normal
2026-01-02 01:30:00,P-101,66.04211490387522,2.2807272089356623,5.137121651640106,101.38614615187645,12.083588219689425,0,normal
2026-01-02 01:31:00,P-101,65.55908183730332,2.3126260580447013,4.933905997170803,97.60245855543972,12.164376640316062,0,normal
2026-01-02 01:32:00,P-101,65.14230747395032,2.414156042971937,4.983420988819034,101.82045642888116,12.17982159061749,0,normal
2026-01-02 01:33:00,P-101,64.57089507999969,2.335576623887333,5.074382680913129,100.91351413454365,11.807786973700797,0,normal
2026-01-02 01:34:00,P-101,64.65477980486767,2.262507683701536,4.873272540432149,100.31105373924336,12.194946340575456,0,normal
2026-01-02 01:35:00,P-101,64.05270710792107,2.297629021410613,4.883802248589382,98.08793174016162,11.783241066685855,0,normal
2026-01-02 01:36:00,P-101,64.70456636640563,2.099904169200878,5.111184272839176,102.33854751309224,12.124327205133838,0,normal
2026-01-02 01:37:00,P-101,63.2769521967835,2.2897829769996343,4.909042765351607,100.27974796894628,11.932554922199104,0,normal
2026-01-02 01:38:00,P-101,64.37772932297695,2.075155814176921,4.844864977880235,99.03890591044387,11.916450614379407,0,normal
2026-01-02 01:39:00,P-101,64.77588533286236,2.15903672800711,5.106158048745174,95.6675873699327,12.061588364858109,0,normal
2026-01-02 01:40:00,P-101,65.40056744031719,1.8191754643034188,4.902396900292102,101.39023121220389,11.781658506412144,0,normal
2026-01-02 01:41:00,P-101,65.22285055934482,2.2800205253795336,5.064956404046097,105.02268521798436,12.636979325108763,0,normal
2026-01-02 01:42:00,P-101,65.51183054057903,2.1072218648518213,5.053860695757972,104.83338803400302,11.689730123696467,0,normal
2026-01-02 01:43:00,P-101,66.02709082882332,2.326810268916108,4.781440995552273,100.62912608817196,11.869456861831445,0,normal
2026-01-02 01:44:00,P-101,65.88801046128337,2.252007411550661,4.982325635838178,100.37109976916032,12.103685965560246,0,normal
2026-01-02 01:45:00,P-101,65.46537964131143,2.3460129777902674,5.061323348929199,102.54502889708704,12.22242940852144,0,normal
2026-01-02 01:46:00,P-101,64.99515151722936,2.0681760863748884,5.024768872139771,99.64241216182624,11.96415343471186,0,normal
2026-01-02 01:47:00,P-101,64.23692105075824,2.3273002566452923,5.095023761195315,102.27421064910348,12.05387864372272,0,normal
2026-01-02 01:48:00,P-101,65.67181785848601,2.4626855884964187,5.001340368849062,103.23396740414964,12.199656543456394,0,normal
2026-01-02 01:49:00,P-101,66.37092997272788,2.2950905043606595,5.098866200947727,104.1865845580354,12.06783016737664,0,normal
2026-01-02 01:50:00,P-101,65.43175952876084,2.3146012181731375,4.9604841505927695,101.56304760391752,12.395186742601252,0,normal
2026-01-02 01:51:00,P-101,66.63437863954988,2.2329231362685156,4.901026281175164,101.38636744881865,12.25142830202246,0,normal
2026-01-02 01:52:00,P-101,63.867638977286546,2.148051789299083,4.896859987141209,100.06782571957068,12.22024085933853,0,normal
2026-01-02 01:53:00,P-101,63.98245143741362,2.279565852878838,4.885029344896279,100.1998181311913,11.764455363093134,0,normal
2026-01-02 01:54:00,P-101,65.69338375935887,2.0204228698967843,5.095068040431985,101.43011630006905,12.023056382900648,0,normal
2026-01-02 01:55:00,P-101,65.21314960904508,2.150084065124811,4.9053041491041,102.64700298287842,12.004293602306175,0,normal
2026-01-02 01:56:00,P-101,65.9956856493346,1.9805556722291824,5.059606478623693,103.76833713717484,11.861649770192878,0,normal
2026-01-02 01:57:00,P-101,65.02799989820396,2.1206083860703595,4.982360058133187,100.36339936589816,12.100943026963389,0,normal
2026-01-02 01:58:00,P-101,64.31165603908201,2.2777999581653128,5.041622241526167,104.9834127402218,12.0150909427617,0,normal
2026-01-02 01:59:00,P-101,64.91247080388831,2.2710653798530007,5.123926095838756,101.48375122227792,12.208363494130896,0,normal
2026-01-02 02:00:00,P-101,63.69096454772064,2.195748609021712,4.9850348779136695,102.0109067290892,11.792779311149094,0,normal
2026-01-02 02:01:00,P-101,64.27606996151627,2.2428159317866783,5.054793490515402,100.58653655914276,12.44735624998474,0,normal
2026-01-02 02:02:00,P-101,65.65543556514142,1.9583812917071703,4.975599761998995,97.25946938885068,11.693700917017503,0,normal
2026-01-02 02:03:00,P-101,65.76699253918792,2.163887852283021,5.026865465792883,103.90269782434996,12.171906519030609,0,normal
2026-01-02 02:04:00,P-101,65.41320473730985,2.1335879709108987,5.220343678639403,103.6346148688486,12.307003273662476,0,normal
2026-01-02 02:05:00,P-101,63.58556494942794,2.1162162079127955,4.900935168023048,101.6242507680278,11.906067415490806,0,normal
2026-01-02 02:06:00,P-101,64.82668225337127,2.2861250745603487,5.126595754700237,102.34652078652424,12.283512784453965,0,normal
2026-01-02 02:07:00,P-101,63.93631815175209,2.0862788786543787,5.085209543956005,103.26970187168077,11.79079515670032,0,normal
2026-01-02 02:08:00,P-101,66.0760903220897,2.1442962628671456,4.953014624713809,99.13766242843522,12.337159297648697,0,normal
2026-01-02 02:09:00,P-101,64.5491878857866,1.951572389594443,5.142637703178747,101.22922217834176,12.040413981591692,0,normal
2026-01-02 02:10:00,P-101,64.11856151962873,2.163100179386605,4.891151881884627,103.90006908757104,11.96789922063491,0,normal
2026-01-02 02:11:00,P-101,64.99184045155475,2.065459934206567,4.9565267479997,99.82680805836256,11.92000879864402,0,normal
2026-01-02 02:12:00,P-101,64.60412013540049,2.224034814051281,4.932781235265905,102.94598116074312,12.290609252170473,0,normal
2026-01-02 02:13:00,P-101,66.12457529001829,2.0780645546228187,5.0296547530566835,99.6688075866967,11.84395040463829,0,normal
2026-01-02 02:14:00,P-101,64.37726624406412,2.208184439727341,4.944330481099822,103.33756091947969,11.912787405228697,0,normal
2026-01-02 02:15:00,P-101,63.88673294908427,2.183402153268917,5.058202795924604,102.35576801852989,12.015288891159962,0,normal
2026-01-02 02:16:00,P-101,63.150598025561074,2.3847611175359646,4.977272627937681,99.21875412034052,11.682322095417724,0,normal
2026-01-02 02:17:00,P-101,65.21502610688503,2.2896230712563557,5.00965244960551,104.80007650179962,12.599138272039443,0,normal
2026-01-02 02:18:00,P-101,64.50608770432008,1.973697429718327,5.0413178251225785,101.02260454399136,11.88907948851606,0,normal
2026-01-02 02:19:00,P-101,63.95074294436183,2.059946667404077,4.987431062545932,100.89207924609764,12.234666573928031,0,normal
2026-01-02 02:20:00,P-101,66.00753764342103,2.2136445203811292,4.942250434264956,102.93412217096792,12.14039118604098,0,normal
2026-01-02 02:21:00,P-101,65.4935458106261,2.08338695777822,5.272612420613213,104.85025814424152,11.899374231706751,0,normal
2026-01-02 02:22:00,P-101,64.98332146189644,1.844532759002475,4.96643598866391,100.54093633062416,12.014739412615542,0,normal
2026-01-02 02:23:00,P-101,66.20244283268306,2.3758182873283453,4.849742573100583,102.71512995127443,12.27745459336592,0,normal
2026-01-02 02:24:00,P-101,65.5528209043863,2.2892758917370752,4.967313947468986,103.46818426466972,12.056980194168515,0,normal
2026-01-02 02:25:00,P-101,64.50920814842625,2.2834538335241374,4.93876917747676,104.01513125465787,12.418732174102493,0,normal
2026-01-02 02:26:00,P-101,64.30677248956388,2.1443898121380527,5.096089217181834,102.9997567898593,12.345371551891246,0,normal
2026-01-02 02:27:00,P-101,65.7694409650482,2.265703178706832,5.045035749450067,101.930353668274,12.287639323712805,0,normal
2026-01-02 02:28:00,P-101,65.28344401392046,2.1112705671868164,5.042160462454791,101.02634383115634,11.91587612186644,0,normal
2026-01-02 02:29:00,P-101,65.06226001184788,2.2153906007100423,4.999103237940939,102.87050352079189,11.816154493678384,0,normal
2026-01-02 02:30:00,P-101,64.26828543476972,2.0827154725327284,4.983354011569715,100.57020313342684,11.863709192662109,0,normal
2026-01-02 02:31:00,P-101,65.46863355101206,2.3797390512426544,4.939201681162045,96.88761694506576,11.955688743518651,0,normal
2026-01-02 02:32:00,P-101,64.49360568236021,2.023822200118601,5.029692976530943,103.61884312617808,12.245011972168433,0,normal
2026-01-02 02:33:00,P-101,64.75607631854025,2.3275822648181994,5.112512327071887,104.56856522427,11.594164105537988,0,normal
2026-01-02 02:34:00,P-101,66.13333639794145,2.2016425344660626,5.007379700494624,98.0493667494197,11.939452702079654,0,normal
2026-01-02 02:35:00,P-101,64.49637995046314,2.1443948779478683,5.047707706852118,100.76986804824487,12.06261834777814,0,normal
2026-01-02 02:36:00,P-101,63.76234971290272,2.222632990423615,5.080377666153738,104.04129534938023,12.05185279640252,0,normal
2026-01-02 02:37:00,P-101,64.37026394055412,2.314539472617658,5.140067320114389,106.931192512385,12.53075423512552,0,normal
2026-01-02 02:38:00,P-101,65.87206377705154,2.373587697866008,5.051757593553515,102.8705590230294,12.1915617892536,0,normal
2026-01-02 02:39:00,P-101,65.35142756910257,2.256032495175824,5.042560736139573,101.38528903252596,12.369106647996002,0,normal
2026-01-02 02:40:00,P-101,64.9051505650141,2.0941480282641627,5.11997826596221,102.4873766666758,12.020631169912717,0,normal
2026-01-02 02:41:00,P-101,64.75384486267187,2.2268156032170356,5.0029397912851135,105.6143464725363,12.40279976730282,0,normal
2026-01-02 02:42:00,P-101,65.57079820960094,2.4408289738442837,4.9473769636919105,101.58363700880308,12.456275708895973,0,normal
2026-01-02 02:43:00,P-101,64.46733785215258,2.38004908687961,4.918003262079629,101.28769900145775,12.366554332361895,0,normal
2026-01-02 02:44:00,P-101,65.15848619003684,2.298295834265268,5.033939743810977,101.93065787213575,11.784884337806888,0,normal
2026-01-02 02:45:00,P-101,64.4016178443978,2.2938101298457094,4.861692343371155,100.99909226686846,11.96655374862046,0,normal
2026-01-02 02:46:00,P-101,64.28527885120377,2.2843598058007633,5.06857468599211,103.1602358307336,12.008515898559558,0,normal
2026-01-02 02:47:00,P-101,64.61301075607122,2.354425668132587,5.0529939277929445,106.17293753529886,12.307501759828048,0,normal
2026-01-02 02:48:00,P-101,64.81124495331753,2.159150909526458,5.126550805155051,103.57796291693664,12.278927276261731,0,normal
2026-01-02 02:49:00,P-101,64.90626516168527,2.030555800911028,4.970595196691803,102.43485815290016,11.86332257608057,0,normal
2026-01-02 02:50:00,P-101,65.22350735805284,2.2126732603339416,5.007366929310149,102.36323921435498,12.087856804909883,0,normal
2026-01-02 02:51:00,P-101,61.845242770275966,2.0763820850140173,5.088049380525413,99.8273113861943,11.489837508546795,0,normal
2026-01-02 02:52:00,P-101,64.55478938302579,2.0985112380076383,5.157913625611432,104.72627738691791,12.50227457305801,0,normal
2026-01-02 02:53:00,P-101,64.66922996412976,2.1113773140612717,4.973690619141736,102.81028084018811,11.95621486503647,0,normal
2026-01-02 02:54:00,P-101,66.24096111827001,2.5028516068669617,5.04064674310606,102.6104244499087,12.092278718458386,0,normal
2026-01-02 02:55:00,P-101,64.21738365277108,2.2265081735237007,5.117179110611056,109.36255923963316,12.20346434869198,0,normal
2026-01-02 02:56:00,P-101,65.28778012896076,2.263121794673424,5.065675669932605,103.5783397482914,12.393857086202097,0,normal
2026-01-02 02:57:00,P-101,65.93004885505798,2.0200695390681527,4.993806656762286,101.48127095075353,11.33506151817326,0,normal
2026-01-02 02:58:00,P-101,63.97359236942982,1.9817455441183385,5.123867528200075,102.13568563501843,12.059917983469076,0,normal
2026-01-02 02:59:00,P-101,65.36805872237186,2.1083235005357857,4.90170740250203,105.28836811917536,12.132196354200836,0,normal
2026-01-02 03:00:00,P-101,64.35146634616954,2.3717439468896946,4.998515791279517,103.22062100636036,11.98320953329289,0,normal
2026-01-02 03:01:00,P-101,64.77035151969037,2.261870370119403,5.0370310077536695,100.11965491318333,12.435146283804407,0,normal
2026-01-02 03:02:00,P-101,64.32681430239664,2.267994282168238,5.084941247826669,104.83632628707215,11.92325742389822,0,normal
2026-01-02 03:03:00,P-101,64.51164694375213,2.300769523514851,5.1248483664169,101.66276439677192,12.242831976212074,0,normal
2026-01-02 03:04:00,P-101,67.29411130141635,2.143610772310603,5.163321618306568,106.74635868504654,12.291453957727915,0,normal
2026-01-02 03:05:00,P-101,65.86363777648803,2.390065004930642,5.028757631289714,105.1600961314293,12.470182697076757,0,normal
2026-01-02 03:06:00,P-101,65.83993281304674,2.1188809035455605,5.125040892895388,102.10511934129394,11.896356309044442,0,normal
2026-01-02 03:07:00,P-101,65.38703092305265,2.3679273998094397,4.998487513411005,105.56108529132013,11.983590333958665,0,normal
2026-01-02 03:08:00,P-101,63.86220451329389,2.271477501738173,5.105806785013113,103.13357943897655,12.368024860038648,0,normal
2026-01-02 03:09:00,P-101,65.41491960573241,1.9976837351746617,5.1918593804743045,104.7017582200625,12.247383073684404,0,normal
2026-01-02 03:10:00,P-101,65.75141250677669,2.0968724635042872,5.1368309867471345,103.96354581987376,11.732672037927022,0,normal
2026-01-02 03:11:00,P-101,64.27893508001199,1.9810142084607567,5.021449264589931,101.2987633908001,11.904136648108183,0,normal
2026-01-02 03:12:00,P-101,65.83131521306724,2.3469755908525975,4.990470709886177,101.7013011627946,12.147634698345852,0,normal
2026-01-02 03:13:00,P-101,65.7077826862712,2.2150709643022037,4.928160443160319,105.04477468610622,12.360784295969834,0,normal
2026-01-02 03:14:00,P-101,66.4414443697398,1.9275754489421353,5.047956003706606,102.31128326734697,11.89953083472217,0,normal
2026-01-02 03:15:00,P-101,64.40037655713692,2.2119149966998366,4.93247309353692,102.16904717745945,11.336507417869546,0,normal
2026-01-02 03:16:00,P-101,64.18696720217382,2.1436722870127016,4.947160618094798,101.06113911839124,12.162639969985996,0,normal
2026-01-02 03:17:00,P-101,64.63442328389237,2.012409018819803,4.942871869595073,103.81315336540068,11.809314428476029,0,normal
2026-01-02 03:18:00,P-101,66.03174420677198,2.3867668269663787,5.0340196900985665,107.0851076711099,11.708218530602696,0,normal
2026-01-02 03:19:00,P-101,63.26386622892897,2.178698170631906,5.005948718591832,100.81862717507909,11.316477334006338,0,normal
2026-01-02 03:20:00,P-101,63.462641121661335,2.179455943473172,5.0518421731485725,102.9953006655316,12.293354235015382,0,normal
2026-01-02 03:21:00,P-101,65.15354604340159,2.1623227538137155,5.009599531846718,105.7640062679836,12.20507455064075,0,normal
2026-01-02 03:22:00,P-101,64.656633186768,2.019744541324484,5.113267912393747,102.77252158821317,12.026761552468331,0,normal
2026-01-02 03:23:00,P-101,65.19102464136714,2.0665594229032305,5.021626821469394,103.8283242108592,12.462105817066467,0,normal
2026-01-02 03:24:00,P-101,65.8294631830004,2.363341734936474,4.944883286763262,100.79010814245026,12.183034415029276,0,normal
2026-01-02 03:25:00,P-101,64.76472289151073,2.1689813516764396,5.055727018157486,103.7623636778012,12.516945921014514,0,normal
2026-01-02 03:26:00,P-101,63.3925840646767,2.1890217152900724,5.1823027905484125,102.52185638649073,11.727471823552971,0,normal
2026-01-02 03:27:00,P-101,66.69042069943798,1.961534774565624,5.07538827538399,104.85754300611798,12.137088634195049,0,normal
2026-01-02 03:28:00,P-101,64.10355008219636,2.029495544722962,5.023474924511928,105.25033747018163,11.753331780368448,0,normal
2026-01-02 03:29:00,P-101,64.2263567202241,2.282375804614193,4.958240300693275,108.04372091827716,12.183966044584448,0,normal
2026-01-02 03:30:00,P-101,65.90626365634516,2.2482363668845458,5.022571373275361,104.0124358953126,12.058219113417708,0,normal
2026-01-02 03:31:00,P-101,64.79698471747088,2.4234770256349294,5.053723125488535,103.49288754814856,12.261440035760224,0,normal
2026-01-02 03:32:00,P-101,64.99245738901634,2.3665509186262708,5.001170930807887,103.21774021083328,12.107923176610472,0,normal
2026-01-02 03:33:00,P-101,65.47389124092433,2.1832720760113307,4.8878679188141225,102.10986898734023,12.219147854190188,0,normal
2026-01-02 03:34:00,P-101,65.9789699499734,2.2707673612012687,4.9667543139826575,103.4799545142932,12.280258668713518,0,normal
2026-01-02 03:35:00,P-101,64.97510663284153,2.192241985275001,5.138348343244887,102.19852663738668,12.604687968467386,0,normal
2026-01-02 03:36:00,P-101,66.22177778207933,2.4473042004051253,5.1458416160288625,103.1121535730426,12.014540443369746,0,normal
2026-01-02 03:37:00,P-101,63.262008538305274,2.3342128156879287,4.983027772596768,105.39589061331353,11.92662104323281,0,normal
2026-01-02 03:38:00,P-101,65.64122981174174,2.2245372136753407,5.061146926848989,100.73263838730348,12.083500055448209,0,normal
2026-01-02 03:39:00,P-101,64.30827085128368,2.2215339863973877,4.955814927561517,105.01007503431308,11.949732244244506,0,normal
2026-01-02 03:40:00,P-101,66.31019766563497,2.39992961101475,5.1658324154803745,105.34871129207778,12.530951530871468,0,normal
2026-01-02 03:41:00,P-101,65.11485872357852,2.2697022342179216,5.044239654838708,102.46207870071694,12.0030578512852,0,normal
2026-01-02 03:42:00,P-101,64.38637187129831,2.3776223791616404,5.060349464633689,98.4378144744366,11.8117403422646,0,normal
2026-01-02 03:43:00,P-101,65.50052648676922,1.933043950392924,4.877280185947915,101.44876537225176,11.925634030879774,0,normal
2026-01-02 03:44:00,P-101,65.84928277338209,2.2721889033318923,5.106619595878262,105.24086277242708,12.336830239040722,0,normal
2026-01-02 03:45:00,P-101,65.52873880695016,2.140050754821141,5.025217914060578,102.58318391553382,12.038058771658145,0,normal
2026-01-02 03:46:00,P-101,64.11941968787355,2.4036624434628577,5.074273793657455,100.61194679941876,11.857941698949968,0,normal
2026-01-02 03:47:00,P-101,64.79830813777416,2.4087580720467567,5.0890116279390485,101.58222040912209,12.463804591679546,0,normal
2026-01-02 03:48:00,P-101,64.96217058649576,2.19961890411627,5.04780097537388,104.25382002159006,11.913572140482264,0,normal
2026-01-02 03:49:00,P-101,65.01430629226469,2.3901899692554167,4.988398134690195,103.64645058178684,12.118285035961852,0,normal
2026-01-02 03:50:00,P-101,65.6896884304497,2.425210248661479,5.082926890356026,102.05511957816664,12.224730125247556,0,normal
2026-01-02 03:51:00,P-101,63.24629272651097,2.19120551469567,5.01297699301256,101.77893529649704,11.645534281290642,0,normal
2026-01-02 03:52:00,P-101,65.3359869505774,2.505197716058647,4.9472599177127865,101.7082713994998,12.171313267336474,0,normal
2026-01-02 03:53:00,P-101,64.6700134779893,2.1839888818719606,4.932645595722268,100.62577742388828,11.754996403846537,0,normal
2026-01-02 03:54:00,P-101,64.47963501454932,2.1930619244167517,4.9386245380059135,105.67976913109044,12.376088769141214,0,normal
2026-01-02 03:55:00,P-101,64.33113439712885,2.2945451880481875,4.977000807681977,101.78241004470216,11.81280954836132,0,normal
2026-01-02 03:56:00,P-101,64.95571498752568,2.1734632521554285,5.136605543648587,104.83901799626364,12.318362797850124,0,normal
2026-01-02 03:57:00,P-101,62.29481046265932,2.232200591373754,5.068472416974319,105.42460329978842,12.439196365567332,0,normal
2026-01-02 03:58:00,P-101,64.57737784104252,2.386433318095578,5.001173454453214,104.3554870927058,12.346023744189374,0,normal
2026-01-02 03:59:00,P-101,64.34214556045795,2.207655939787946,5.079109937847057,101.47214627926498,12.106993550437474,0,normal
2026-01-02 04:00:00,P-101,65.44052447207314,1.998385102919843,4.964591869352135,103.11899990900058,12.035744761537591,0,normal
2026-01-02 04:01:00,P-101,64.32480393220114,2.240231486318097,5.030017385149148,102.23893632025252,11.923063195523865,0,normal
2026-01-02 04:02:00,P-101,64.9804766339943,2.1355157297800487,4.9901830743894395,100.45535042074803,12.38141918532672,0,normal
2026-01-02 04:03:00,P-101,66.19851028410886,2.299418661622824,5.091195870044226,102.88654199971576,11.911722454949562,0,normal
2026-01-02 04:04:00,P-101,65.6900281257324,2.270361129634157,4.872366328023989,99.85445976975492,11.736367274700148,0,normal
2026-01-02 04:05:00,P-101,65.8431011893683,2.391728550456674,4.977606826926701,104.56226465918736,12.303210173533827,0,normal
2026-01-02 04:06:00,P-101,64.53526868511346,2.300799704775393,4.881257272073107,101.23169248006693,11.837916573605384,0,normal
2026-01-02 04:07:00,P-101,65.36986258980559,2.3227589098357013,5.004601525688994,102.53692634337357,11.838591915934677,0,normal
2026-01-02 04:08:00,P-101,64.70061564125001,2.1056751239850855,5.123659456815483,102.67452565248882,11.719334704032224,0,normal
2026-01-02 04:09:00,P-101,64.81359224715276,2.2927867314686496,4.97519572292802,101.56314997003028,11.92616703923578,0,normal
2026-01-02 04:10:00,P-101,65.35820111965643,2.440020760305634,4.991415574151714,103.2270289207366,12.076132111647976,0,normal
2026-01-02 04:11:00,P-101,64.55962859536274,2.122014944226024,5.080499865045912,101.07619111111804,12.093058665248716,0,normal
2026-01-02 04:12:00,P-101,66.33442067035112,2.433470868356822,5.1228902666485965,103.74063019721726,12.350045466991387,0,normal
2026-01-02 04:13:00,P-101,64.9159192555694,2.139580909961811,4.98569229368615,99.27779790676536,12.11005841811941,0,normal
2026-01-02 04:14:00,P-101,65.50192835557802,2.0986684384152903,5.076716458762003,102.19392704380115,12.01809975642574,0,normal
2026-01-02 04:15:00,P-101,66.21414237537623,2.241751802198878,4.9717449364033905,105.79012996736265,12.12415497992595,0,normal
2026-01-02 04:16:00,P-101,65.8749277037676,2.2921098354488887,5.1090620610606425,99.88241143466097,12.124011710268624,0,normal
2026-01-02 04:17:00,P-101,64.00609880091909,2.3260642752606113,5.176877392497177,100.4980888982213,12.33308520767878,0,normal
2026-01-02 04:18:00,P-101,65.40276741506506,2.0904448468893584,5.070213329219114,102.85160659240164,12.117126747642848,0,normal
2026-01-02 04:19:00,P-101,65.6594969723041,2.2495099937624627,4.854782255423093,102.15287851305176,11.94730364183895,0,normal
2026-01-02 04:20:00,P-101,65.64377920908514,2.109019550341547,4.979987738562422,102.46461595542452,11.82572197839135,0,normal
2026-01-02 04:21:00,P-101,63.99737671471382,2.0073309020222214,5.076136949439166,102.71109237056211,11.720031455013808,0,normal
2026-01-02 04:22:00,P-101,64.57665377500454,2.101336887713366,4.995993858071729,102.9712497845038,12.255704911545996,0,normal
2026-01-02 04:23:00,P-101,65.90012475935778,2.122951727430862,5.140676149673777,103.890026533377,12.2611954269112,0,normal
2026-01-02 04:24:00,P-101,64.47783390021327,2.273496693837224,5.071640784695467,102.45882035405984,12.21810549189846,0,normal
2026-01-02 04:25:00,P-101,64.76087679094174,2.3383448441023895,4.9547316106957355,101.12496507569988,12.001584090682984,0,normal
2026-01-02 04:26:00,P-101,66.43644217769823,2.045182895677049,5.031787897784594,102.92067129228936,12.43935382524162,0,normal
2026-01-02 04:27:00,P-101,64.97746573988731,2.244198471429359,4.981924167060222,105.34308247113496,12.039262850487845,0,normal
2026-01-02 04:28:00,P-101,64.52905483879934,2.0726054863407946,4.997849230848426,101.24560211214214,12.276185372666063,0,normal
2026-01-02 04:29:00,P-101,64.28838130599436,2.274299648017266,4.950923774918432,99.5291234153036,11.97618797871172,0,normal
2026-01-02 04:30:00,P-101,65.24925345553076,2.123157079262377,5.130575167627434,103.65942236087908,11.95769497965654,0,normal
2026-01-02 04:31:00,P-101,64.00679081757308,2.0830041708815616,5.180994459232368,101.17134946858882,12.183273060887103,0,normal
2026-01-02 04:32:00,P-101,64.8074956466293,2.2966302940600136,4.855838938239503,97.0334004898364,12.013411044366087,0,normal
2026-01-02 04:33:00,P-101,65.33876161994957,2.1385914363412817,4.876542627128929,103.03999300257094,12.18044297989386,0,normal
2026-01-02 04:34:00,P-101,66.0503359897803,2.1634613425054465,4.982793115532339,100.24069092804496,12.0275403333554,0,normal
2026-01-02 04:35:00,P-101,65.54340441184536,1.9347720529369048,4.889489457194575,101.0962713100869,12.0234148688734,0,normal
2026-01-02 04:36:00,P-101,64.69047015375072,2.3463014443878745,5.022767802334853,101.90708740411787,12.654305620341146,0,normal
2026-01-02 04:37:00,P-101,66.08023774257099,2.315696808605294,5.0758120757714655,101.58971866669911,12.343755721300017,0,normal
2026-01-02 04:38:00,P-101,64.86378695507804,2.213579814453261,5.145461598129242,102.59302463478969,12.258497462790068,0,normal
2026-01-02 04:39:00,P-101,64.02583787272592,2.01849032333299,5.01879521015148,100.26836454542573,12.03600072591362,0,normal
2026-01-02 04:40:00,P-101,64.98864965570016,2.360909644289239,5.005853434556095,102.1305852544062,12.315706857781352,0,normal
2026-01-02 04:41:00,P-101,66.20893654592737,2.127348541763056,4.847230629483873,100.55014228097193,12.14600296252702,0,normal
2026-01-02 04:42:00,P-101,65.16495111210492,2.149692469994553,5.02721030924785,102.51154973129856,12.081897680132466,0,normal
2026-01-02 04:43:00,P-101,65.00641138215637,2.4769945230997124,5.027994916859908,102.22919360159509,11.990984726731371,0,normal
2026-01-02 04:44:00,P-101,66.2907810231,2.1131900901241076,5.042036079390344,99.09195342533243,11.9525292683443,0,normal
2026-01-02 04:45:00,P-101,63.57506173135435,2.2540833966159166,4.974311104032422,103.0990152154749,11.300364022494731,0,normal
2026-01-02 04:46:00,P-101,63.990411166941584,2.2698123787228894,4.963387770526161,99.819197854503,12.0472261454595,0,normal
2026-01-02 04:47:00,P-101,63.68812929582316,2.244421472220189,4.906471553415387,102.47117338397224,11.952016181491578,0,normal
2026-01-02 04:48:00,P-101,65.47602671421258,2.2560785857351093,4.832230879782822,101.55343043335466,12.444770412571362,0,normal
2026-01-02 04:49:00,P-101,65.1886356112428,2.252096766120541,4.955909151460857,104.45889187245994,12.138602773876736,0,normal
2026-01-02 04:50:00,P-101,66.11888240423133,2.2182195347138043,4.877365311827267,100.29913769675086,11.711733276018784,0,normal
2026-01-02 04:51:00,P-101,65.18992240708263,2.193162590118524,5.027045617621997,100.0108633988348,11.987855863433014,0,normal
2026-01-02 04:52:00,P-101,64.57966984076319,2.369228420936617,4.964889006177379,100.63397307107267,11.757488920866557,0,normal
2026-01-02 04:53:00,P-101,65.04913258104291,2.048442818046639,4.957237647234993,100.0296617640976,12.119241706851044,0,normal
2026-01-02 04:54:00,P-101,65.14964883614785,2.3295103351542297,4.943237093760256,102.19901374542732,12.138707253447691,0,normal
2026-01-02 04:55:00,P-101,63.72632921717091,2.3066483553216854,4.714689992667846,97.329522726884,12.159345589583586,0,normal
2026-01-02 04:56:00,P-101,67.07018958836206,2.271548428671296,5.104841903286135,98.41770433863311,11.754810682235352,0,normal
2026-01-02 04:57:00,P-101,65.39952529193346,2.331991090998307,4.903501414702119,98.35230565242628,11.959071193629825,0,normal
2026-01-02 04:58:00,P-101,65.05971997029113,2.175352238051924,4.990519313925102,102.35129195130942,11.729283309682623,0,normal
2026-01-02 04:59:00,P-101,65.60829583702196,1.9902436921006608,4.921954602949032,103.83459761721775,12.290411623997713,0,normal
2026-01-02 05:00:00,P-101,65.62142111767672,2.1980614224851904,5.0794254401114305,100.16710126361797,12.134730833018567,0,normal
2026-01-02 05:01:00,P-101,64.93714882219969,2.087255645210259,5.01148357204539,100.00092570824042,12.123979026504106,0,normal
2026-01-02 05:02:00,P-101,64.5004632677925,2.112858916915164,4.938302671886531,100.44118947078002,12.013640441962636,0,normal
2026-01-02 05:03:00,P-101,65.55208556047467,2.0599752655672736,4.994494733041164,102.5873101948686,12.181312528543256,0,normal
2026-01-02 05:04:00,P-101,65.44945787303446,2.1603297670629016,5.117967135252016,98.37127414820266,12.352223001523228,0,normal
2026-01-02 05:05:00,P-101,64.33155980931296,2.1258391427950474,5.000813540690073,100.66510952405751,11.948679721461222,0,normal
2026-01-02 05:06:00,P-101,66.17430654603406,1.91957637752628,5.00647259913177,102.10112821410416,12.097695142350643,0,normal
2026-01-02 05:07:00,P-101,65.13945210579492,2.2721229389459414,4.935842069987753,101.11525888788952,11.761926191841331,0,normal
2026-01-02 05:08:00,P-101,65.5024840358886,2.456267191219898,4.85297904315749,100.4545535195275,11.796571365186242,0,normal
2026-01-02 05:09:00,P-101,66.14779552311067,2.2770308148403977,5.007594809161496,102.03979030478436,12.085647032416858,0,normal
2026-01-02 05:10:00,P-101,65.06302683657007,2.1813385976706687,4.971974163125985,94.59353541400152,12.113789449095524,0,normal
2026-01-02 05:11:00,P-101,65.24375015339508,2.192204000994827,5.101147282340332,101.31805251941176,11.97547136951946,0,normal
2026-01-02 05:12:00,P-101,65.60782763804266,2.1444574267431404,4.806284860714179,98.61645834741512,11.899514618094424,0,normal
2026-01-02 05:13:00,P-101,64.33413057240885,2.2000574199951464,4.87224893042093,96.2256636582773,11.785048598622224,0,normal
2026-01-02 05:14:00,P-101,65.0002257301265,2.190182078692424,4.96225743520059,100.87167224451063,11.89246099962424,0,normal
2026-01-02 05:15:00,P-101,65.16064336127266,2.106599749846172,5.025310987431524,102.558945531738,12.150511229879344,0,normal
2026-01-02 05:16:00,P-101,64.07941686478536,2.382479569940248,4.983388530219335,99.49912255416082,11.610659265330163,0,normal
2026-01-02 05:17:00,P-101,67.00190973466282,2.040016529680292,5.006686860192555,101.64219550475364,12.369500759309291,0,normal
2026-01-02 05:18:00,P-101,63.84270467185022,2.282267213513827,5.061882398399832,102.92347137142366,11.921348566610344,0,normal
2026-01-02 05:19:00,P-101,64.06120234262465,2.2003169679186945,4.950649148663147,102.29125975254765,12.249213663935963,0,normal
2026-01-02 05:20:00,P-101,65.95922855312007,2.4165807293775408,5.103770608959194,102.90392935804988,11.769618231393029,0,normal
2026-01-02 05:21:00,P-101,65.65034762301293,2.250870579706749,5.045385036436857,101.07088411008988,12.19933655593925,0,normal
2026-01-02 05:22:00,P-101,64.24282489292212,2.164760928901353,4.9714153239741625,99.70019051044092,12.15899186726685,0,normal
2026-01-02 05:23:00,P-101,65.47994930184939,2.1695398974088658,5.091154208157323,96.308156880621,11.985295224420105,0,normal
2026-01-02 05:24:00,P-101,66.06263117397964,2.190832655590095,5.114341341313883,98.98280584681429,11.72087704495448,0,normal
2026-01-02 05:25:00,P-101,64.97376072726955,2.0626115132688234,5.05214525707161,97.75136286561046,11.994927933367832,0,normal
2026-01-02 05:26:00,P-101,67.00566576750765,2.0988015879168493,4.795943013289101,103.74275549345242,11.816518618619977,0,normal
2026-01-02 05:27:00,P-101,63.58362071034038,1.9811654935763283,5.116437677871129,99.01220704536917,11.907175397587029,0,normal
2026-01-02 05:28:00,P-101,65.65288324115147,2.1014708319531317,5.059316655104963,99.57359733072084,12.244561195160456,0,normal
2026-01-02 05:29:00,P-101,66.01761454681599,2.2218177625291533,5.164447428627133,100.39347376100976,12.21097969459798,0,normal
2026-01-02 05:30:00,P-101,65.70668703831323,2.2352224955427733,5.092408519651187,99.34113523125036,11.98402979257262,0,normal
2026-01-02 05:31:00,P-101,64.7703256918351,1.954206720744384,5.152343189819701,102.60757756199182,11.834525682879043,0,normal
2026-01-02 05:32:00,P-101,64.80743573124825,2.1885082102418423,5.049650842714222,97.93584546997911,12.099472292142922,0,normal
2026-01-02 05:33:00,P-101,65.35166414611638,2.2671526952544783,5.103237027122287,99.53415712306456,11.990870023116443,0,normal
2026-01-02 05:34:00,P-101,65.39205923850508,2.147882492942781,5.135769240097483,97.62393408387278,11.348639122958575,0,normal
2026-01-02 05:35:00,P-101,65.51743657959074,2.128377591327271,4.981653419014594,96.43290399443376,12.088644576412142,0,normal
2026-01-02 05:36:00,P-101,65.80338660111296,2.146958198653995,4.8523578663614275,97.8136309887678,11.928350721195612,0,normal
2026-01-02 05:37:00,P-101,64.29227877241293,2.1485302396610235,4.964677805722131,98.92746777233424,12.268436845165796,0,normal
2026-01-02 05:38:00,P-101,64.68554576619411,2.1070626515936612,5.012270315765094,98.10746678144194,11.669406373732558,0,normal
2026-01-02 05:39:00,P-101,63.90086794183074,2.177468908970601,4.981450230790849,97.54592240411252,11.132201718824376,0,normal
2026-01-02 05:40:00,P-101,64.67201406194083,2.474535622679473,4.861104956853269,96.0829914146023,11.952260707024363,0,normal
2026-01-02 05:41:00,P-101,65.82566649993777,2.112442233282169,4.856459105666174,98.6944515681772,12.03372446621581,0,normal
2026-01-02 05:42:00,P-101,64.86711723283666,2.134414146112688,4.898871369023477,95.8164382514264,11.45182524064118,0,normal
2026-01-02 05:43:00,P-101,66.99137408737602,2.182032091881997,5.067733090681115,100.31139262023822,11.764716892140497,0,normal
2026-01-02 05:44:00,P-101,65.41730790127843,2.1503403188178374,5.115644709294729,98.92175276288916,12.656457018816653,0,normal
2026-01-02 05:45:00,P-101,64.9668831525649,2.321679502435451,5.031401000365965,95.80755912637493,11.797824120252796,0,normal
2026-01-02 05:46:00,P-101,65.13488504774116,1.921736094226851,5.065296528428605,98.07023454594749,12.124846780472478,0,normal
2026-01-02 05:47:00,P-101,64.39049351346179,2.1238654580232774,4.965040129552403,97.15053754054874,11.751851169374364,0,normal
2026-01-02 05:48:00,P-101,64.7358157334803,2.270958276281192,4.853229497773262,99.25960943897392,11.45521255845593,0,normal
2026-01-02 05:49:00,P-101,65.90043006615632,2.164483638551741,4.976270244484886,101.2687890955503,11.995499111167533,0,normal
2026-01-02 05:50:00,P-101,65.00226880693445,2.090385858991994,4.9273427874342435,94.80439403840336,11.777730681080572,0,normal
2026-01-02 05:51:00,P-101,64.31026683383018,2.246020137749772,4.947754502389645,98.75187013364996,11.862586544342406,0,normal
2026-01-02 05:52:00,P-101,64.22649459771397,2.3045814750097677,4.986064237269565,98.16886480395944,11.916405735242185,0,normal
2026-01-02 05:53:00,P-101,64.66385765245057,2.228278649148712,5.033307196307,99.7993615515564,12.0600479144581,0,normal
2026-01-02 05:54:00,P-101,65.03028948480241,2.100253398981669,5.056749908725395,98.8508693665915,11.927996843184292,0,normal
2026-01-02 05:55:00,P-101,65.7911315830053,2.2342771926262452,4.946636220366547,96.88858095158535,11.59065588656072,0,normal
2026-01-02 05:56:00,P-101,63.948900075124605,2.1544154574942453,4.824926338433072,97.72270908846396,12.053227470544403,0,normal
2026-01-02 05:57:00,P-101,64.51004965939988,2.2601612610411217,4.928742996825994,96.73732143692848,11.414776704277248,0,normal
2026-01-02 05:58:00,P-101,64.91581475897745,2.353036909111464,5.007998906057527,100.45020742981691,11.500916858573458,0,normal
2026-01-02 05:59:00,P-101,63.58667229761153,1.8940354032817617,5.0809236856414435,98.30990518707708,12.134092279287705,0,normal
2026-01-02 06:00:00,P-101,64.40829170821596,2.222724388607111,4.974965628771558,102.0390256146286,12.187925836472695,0,normal
2026-01-02 06:01:00,P-101,64.42736919278202,1.988121930637657,5.0218531245039335,98.0849634231982,11.928200061427438,0,normal
2026-01-02 06:02:00,P-101,64.18479159732124,2.470710617289777,4.990800987701787,96.75939557309526,11.553919741004089,0,normal
2026-01-02 06:03:00,P-101,65.02414845045594,2.1276546577492863,4.954701966404905,95.11899237550334,11.67659203609658,0,normal
2026-01-02 06:04:00,P-101,64.7794053963933,2.2780464245183873,5.019549131182127,94.510646563616,11.769632709986851,0,normal
2026-01-02 06:05:00,P-101,64.33521519479866,2.1681924864585507,4.896327265707223,94.91945614474297,11.44861019219876,0,normal
2026-01-02 06:06:00,P-101,65.25158426044756,2.0922816202143943,4.939915938201665,98.59308541731464,11.773035398013633,0,normal
2026-01-02 06:07:00,P-101,66.43226512128508,2.096079302734719,4.989524861944472,99.047692779201,12.1345133679202,0,normal
2026-01-02 06:08:00,P-101,66.39221074574591,2.400382192316156,4.897184109528834,94.839582993633,12.202013830881294,0,normal
2026-01-02 06:09:00,P-101,63.41700804552975,2.3091157501188495,5.03828176532226,99.76407820378915,11.888063657949036,0,normal
2026-01-02 06:10:00,P-101,65.50106942144589,2.4381565497825295,4.91274698143918,96.98023657884706,12.098529185944436,0,normal
2026-01-02 06:11:00,P-101,64.64472687416857,2.1800475884963797,5.000230597684937,98.2126261065327,11.467863765549112,0,normal
2026-01-02 06:12:00,P-101,65.20346729456902,2.2444682320841114,5.003151091968203,101.11649134711428,12.198357550691831,0,normal
2026-01-02 06:13:00,P-101,64.59688759089445,2.157376264337427,5.013784793183168,99.65907160010322,11.788785044321228,0,normal
2026-01-02 06:14:00,P-101,65.09242960513485,2.165344973279336,4.936240804690203,97.3020116295246,11.99589675306273,0,normal
2026-01-02 06:15:00,P-101,65.04871919103651,2.0659227273750775,4.933180033106906,96.03070966690518,11.818983185447228,0,normal
2026-01-02 06:16:00,P-101,64.59068595324246,2.2168121428011207,4.942519039892433,93.48382984526688,12.134618397803964,0,normal
2026-01-02 06:17:00,P-101,64.15134883600878,2.088845767897271,4.979404659745331,96.3238699252426,11.671107185672298,0,normal
2026-01-02 06:18:00,P-101,64.67158390822223,2.256846627449432,4.972813700570071,97.3149853801363,12.076351135794548,0,normal
2026-01-02 06:19:00,P-101,65.10831642618773,2.2105148531054137,5.093812122647679,95.73831341266327,11.802272536555764,0,normal
2026-01-02 06:20:00,P-101,65.4324778815963,2.2286819462721983,4.895000509875577,97.425946337488,11.883202020622225,0,normal
2026-01-02 06:21:00,P-101,65.6381135948908,2.395444894390162,4.973046865015948,97.81831686121647,11.888586032546693,0,normal
2026-01-02 06:22:00,P-101,64.48637774397675,2.1806900663319135,4.846023905630381,97.191422739974,11.704324406075692,0,normal
2026-01-02 06:23:00,P-101,65.18148204096045,2.2851080387321923,4.992946754717487,96.31802364240956,11.88601596779562,0,normal
2026-01-02 06:24:00,P-101,65.7389285520223,2.4422969454977284,4.890106360983063,97.93260838932083,11.92231619614917,0,normal
2026-01-02 06:25:00,P-101,65.93808190474815,2.357494796894511,4.962303482690014,98.45683031601398,12.014014971582103,0,normal
2026-01-02 06:26:00,P-101,64.90582644037963,2.3324919542751865,4.923936694903122,95.37018409296276,11.8822318092121,0,normal
2026-01-02 06:27:00,P-101,64.90726927860882,2.1736992464576037,5.025983959794166,100.35126696660726,12.210036646401276,0,normal
2026-01-02 06:28:00,P-101,65.21298268112798,2.235067578425494,4.928887086974826,97.31103603784403,12.150208235147163,0,normal
2026-01-02 06:29:00,P-101,63.94547307100845,2.024961726122205,4.927626695442114,97.52511512576326,11.663097623315949,0,normal
2026-01-02 06:30:00,P-101,64.91859098207075,2.269054551978125,5.103702967826942,98.88344507000708,12.183696477247905,0,normal
2026-01-02 06:31:00,P-101,65.45199686187323,2.2149761892005024,5.001899831409392,97.91344881714294,11.640819357736824,0,normal
2026-01-02 06:32:00,P-101,65.56434761195969,2.209154953569332,4.948452864830673,99.33369329924554,12.1269747710118,0,normal
2026-01-02 06:33:00,P-101,64.82154953192507,2.327983826516167,4.959758087043353,97.98247807882514,12.094409038540473,0,normal
2026-01-02 06:34:00,P-101,64.937017759544,2.025422421143357,5.093274136048765,96.16457398671056,11.40710799668569,0,normal
2026-01-02 06:35:00,P-101,64.32670669654377,2.39448691323628,4.962127679842719,98.09408701028062,11.966067421940773,0,normal
2026-01-02 06:36:00,P-101,65.45673219411664,2.294954071994911,4.895514609208347,95.06567390605382,11.734846188841535,0,normal
2026-01-02 06:37:00,P-101,64.83249884607864,2.1783684218152395,4.920727408641013,97.5527100651124,11.73688998746953,0,normal
2026-01-02 06:38:00,P-101,64.88134826066809,2.1949161272150364,4.9285900389834065,97.2520157462573,12.25527355506247,0,normal
2026-01-02 06:39:00,P-101,64.60787962343062,2.2448306823679975,4.92129568751342,96.8855505307558,11.743146730763318,0,normal
2026-01-02 06:40:00,P-101,64.833388539405,2.3679651019632644,4.867912610329301,97.02844381972407,11.70925908231221,0,normal
2026-01-02 06:41:00,P-101,64.57133918601835,2.2033980889882896,4.845123832213739,93.50598399694974,11.824103254909764,0,normal
2026-01-02 06:42:00,P-101,65.54895532343176,2.2200888200662208,4.8952226367176435,96.15682666665532,12.056102236574263,0,normal
2026-01-02 06:43:00,P-101,64.63870823410826,2.196541101380255,5.0215756240780935,97.42499426018462,11.887337681303007,0,normal
2026-01-02 06:44:00,P-101,66.36154210535074,2.4247392470902795,4.9449458286530845,97.54448116349144,12.217927071322055,0,normal
2026-01-02 06:45:00,P-101,66.16712981210732,2.1551042038128334,4.93498026747731,95.15532026048334,11.987403523305524,0,normal
2026-01-02 06:46:00,P-101,64.06568522239556,2.168824089950608,5.098891330563988,99.72842885435956,11.447300035697928,0,normal
2026-01-02 06:47:00,P-101,64.94823410396003,2.362171114563396,5.0581150593011674,95.4514487306094,11.73117672104153,0,normal
2026-01-02 06:48:00,P-101,64.41260980651637,2.20928318798171,4.96852943248273,99.10994279337488,11.83283775896332,0,normal
2026-01-02 06:49:00,P-101,64.76277517049716,2.3394587158364692,4.929661857232919,98.01309380875914,12.060233052620127,0,normal
2026-01-02 06:50:00,P-101,66.28971277845554,2.051617743714109,4.889389333220387,95.85437583142694,11.21942701084928,0,normal
2026-01-02 06:51:00,P-101,65.01707617499088,2.2082565609900184,5.0622823430864505,100.6860281509791,12.657833271708803,0,normal
2026-01-02 06:52:00,P-101,65.27812937078458,2.3768756522531578,4.930995031012566,94.73716096943492,11.9748713528066,0,normal
2026-01-02 06:53:00,P-101,65.43537141958792,2.1191285321560387,4.958602662098794,98.95222533246177,12.005785960953276,0,normal
2026-01-02 06:54:00,P-101,64.30691351029036,2.1952712412622537,4.925957031184857,99.10501971958614,12.268542520692373,0,normal
2026-01-02 06:55:00,P-101,64.49932514693542,2.2537274185148264,4.895956788263697,95.75301009846082,12.45850381615698,0,normal
2026-01-02 06:56:00,P-101,64.12069719214897,2.091990844000274,5.024305009333306,99.87003540138464,12.21378772318864,0,normal
2026-01-02 06:57:00,P-101,64.34502063875824,2.157067438999931,4.860528202253443,96.57632635244236,12.134493064691176,0,normal
2026-01-02 06:58:00,P-101,62.70479190964695,2.2116184014566644,5.056045324381587,97.64558288785511,11.96203999275175,0,normal
2026-01-02 06:59:00,P-101,65.39248628754288,2.200204353962933,4.933103213698703,97.5810785203897,11.892050917269954,0,normal
2026-01-02 07:00:00,P-101,66.55718977778284,2.3428715805977043,4.955874332108585,96.78452076487284,11.78458676194496,0,normal
2026-01-02 07:01:00,P-101,65.01966047457056,2.372650348797537,4.879720998776075,98.66792354273194,11.753509708353324,0,normal
2026-01-02 07:02:00,P-101,63.78180653785934,2.0866225185263687,4.985279921025419,98.62691960848082,11.78705406332955,0,normal
2026-01-02 07:03:00,P-101,64.27316706707745,2.1867757439747764,4.909104132777854,93.5369808193099,11.468470433493552,0,normal
2026-01-02 07:04:00,P-101,64.6209589334155,2.279417348190409,4.992366514178147,99.63729620866636,11.970151023588736,0,normal
2026-01-02 07:05:00,P-101,63.94184948354648,2.351451359060552,5.054723431068803,93.69867191998522,11.38979326329296,0,normal
2026-01-02 07:06:00,P-101,65.69624886485597,2.287231679945537,5.005058428434452,99.08425847712329,12.020256885349626,0,normal
2026-01-02 07:07:00,P-101,65.63579766136856,2.2333583114246176,4.929112837495448,99.26855722271128,11.968974064670752,0,normal
2026-01-02 07:08:00,P-101,64.02828809053022,2.2740662945359595,4.891391070277675,94.82966631214008,11.881623813960877,0,normal
2026-01-02 07:09:00,P-101,65.48209441523571,2.268605957580065,5.0094794421061914,96.18689472330898,11.755073949194273,0,normal
2026-01-02 07:10:00,P-101,66.46667029361278,2.1193268052697474,5.051840568056907,94.79451047774332,12.613050406877424,0,normal
2026-01-02 07:11:00,P-101,66.61694551903693,2.234998224457413,4.988292912356129,96.57394706960449,12.237247387133213,0,normal
2026-01-02 07:12:00,P-101,67.12434812462479,2.354121632572144,5.0189576497014485,96.38606301370676,11.580446265390025,0,normal
2026-01-02 07:13:00,P-101,64.2844159111484,2.1758684415945893,5.034381702833824,98.56026849668878,12.01502507675739,0,normal
2026-01-02 07:14:00,P-101,67.19402597913796,2.207364801858419,5.109733696664879,99.62085435962776,11.836624095054503,0,normal
2026-01-02 07:15:00,P-101,64.61268332798119,2.157904080905405,4.841946462397717,99.79136762157992,11.740121096970544,0,normal
2026-01-02 07:16:00,P-101,64.34253123835397,1.8993998108594736,5.0121365232866815,95.87590081423194,11.541259006645976,0,normal
2026-01-02 07:17:00,P-101,65.26386961319413,2.202747285429644,5.044523920358896,96.58250368466103,12.005529283229643,0,normal
2026-01-02 07:18:00,P-101,64.38983597159027,2.2181506615364297,4.829254655485518,93.63525519763634,11.638712597161696,0,normal
2026-01-02 07:19:00,P-101,65.36072250288602,2.1436866918903914,4.883067035251383,95.39204899718956,12.103717975921988,0,normal
2026-01-02 07:20:00,P-101,64.03054394823413,2.0722692784368286,4.921293610918848,98.9356230809101,12.216514246059914,0,normal
2026-01-02 07:21:00,P-101,64.94926562422617,2.1118606880608173,4.944093673752955,100.23968894631462,12.3506692646923,0,normal
2026-01-02 07:22:00,P-101,65.87774192802766,2.2728620315035575,4.9068916502132645,94.54290142881064,11.623190351345793,0,normal
2026-01-02 07:23:00,P-101,64.95185014909327,2.4363903705454044,4.977710409351898,95.83021843075032,11.993747955595513,0,normal
2026-01-02 07:24:00,P-101,65.1401183057104,2.3692472104484636,5.038917517638611,96.96635455452213,12.067104190796238,0,normal
2026-01-02 07:25:00,P-101,65.3037968048278,2.029127219552078,5.062345138758441,97.5839782136958,11.808974802634882,0,normal
2026-01-02 07:26:00,P-101,65.80426501191164,2.2860222408232738,4.887068241937245,95.40940868306676,11.669339271143786,0,normal
2026-01-02 07:27:00,P-101,63.81135829908262,2.137362773507157,4.911245428650906,97.88216685471444,12.338845172085428,0,normal
2026-01-02 07:28:00,P-101,65.44347599072196,2.1271100461554493,5.066188381933643,96.09226347323457,11.93964187313005,0,normal
2026-01-02 07:29:00,P-101,64.81329429313364,2.1480386288093265,5.0219135393800505,97.01740245465582,12.069514011317608,0,normal
2026-01-02 07:30:00,P-101,65.02885119599253,2.2716706439505345,4.988086254787733,98.14570674382134,11.73885219935766,0,normal
2026-01-02 07:31:00,P-101,65.69091104174731,2.295479268416061,5.008599727869089,97.07327938246914,11.607377264843525,0,normal
2026-01-02 07:32:00,P-101,63.94205078760022,2.1754112850376375,4.959569935934307,96.19542384824229,11.74350027182424,0,normal
2026-01-02 07:33:00,P-101,64.13976870539199,2.1840070433973455,5.010538772381695,96.8571997737886,11.87471064636616,0,normal
2026-01-02 07:34:00,P-101,63.30813457814136,2.2377714674273466,4.942198453107993,96.90837888284533,11.641196364781022,0,normal
2026-01-02 07:35:00,P-101,64.51593910720615,2.262567627320054,4.985046679323637,96.35422845684984,11.8881656515429,0,normal
2026-01-02 07:36:00,P-101,65.85453051219419,2.3149201643974164,4.8450189455521,96.58626295816596,11.475461591727855,0,normal
2026-01-02 07:37:00,P-101,64.79526004288924,2.0323415871474,4.948089369676477,100.31121132625118,11.729324484170068,0,normal
2026-01-02 07:38:00,P-101,63.97394649064982,2.20815908167319,4.928301841145076,98.24627352883034,12.11511601793413,0,normal
2026-01-02 07:39:00,P-101,64.63036940512418,2.074201124991085,4.935493254640464,96.54444572970176,12.047281001960528,0,normal
2026-01-02 07:40:00,P-101,63.753011831790445,2.1867995758352596,4.91128633221898,98.540739260136,11.858252986457362,0,normal
2026-01-02 07:41:00,P-101,63.95596748097342,2.1548735107731027,4.92222717098919,96.49106610550376,11.640290905895874,0,normal
2026-01-02 07:42:00,P-101,65.2025221050683,2.1808234376388427,4.874019651683097,99.51727766749468,11.728667442143337,0,normal
2026-01-02 07:43:00,P-101,63.99865150809826,2.0962496245696216,5.023126866225938,97.92308281143455,11.84437542285771,0,normal
2026-01-02 07:44:00,P-101,65.91834819994263,2.0250553192876075,4.963223007333305,96.9824088846217,12.070601889449977,0,normal
2026-01-02 07:45:00,P-101,65.01320158919764,1.95742972452695,4.844644435317477,98.1061043939558,12.175244554654755,0,normal
2026-01-02 07:46:00,P-101,64.94781878251173,2.169176258907734,4.874043767909862,94.08301607535962,11.698357548390296,0,normal
2026-01-02 07:47:00,P-101,64.6017816175562,2.126339866255362,4.9767858094058015,94.98576952008278,11.561199979106286,0,normal
2026-01-02 07:48:00,P-101,65.58345975225369,2.114535165400879,4.905222508982528,94.86642646933912,11.91295370354676,0,normal
2026-01-02 07:49:00,P-101,65.51484123248869,2.344744980823185,4.919800365963676,97.55556827747242,11.72078330566771,0,normal
2026-01-02 07:50:00,P-101,65.22522480374248,2.091515082861156,5.001538074255075,100.75054884157213,11.892953305531863,0,normal
2026-01-02 07:51:00,P-101,65.60553150822204,2.389232617793649,5.045131648191119,101.76438453768615,12.384250558739843,0,normal
2026-01-02 07:52:00,P-101,64.89617474208536,2.4030920590650244,4.8710375827411445,98.59457793042772,12.164616195054274,0,normal
2026-01-02 07:53:00,P-101,65.42960719199375,1.96537254229359,5.0273830745319135,98.33727960344828,11.989611966166311,0,normal
2026-01-02 07:54:00,P-101,64.52751800973836,2.1858133038445517,4.873486645995306,93.75101085238964,11.494550575293507,0,normal
2026-01-02 07:55:00,P-101,64.9783537428018,2.149107476733665,4.96142308614402,96.28573236040036,11.941421112679675,0,normal
2026-01-02 07:56:00,P-101,64.83631730437182,1.857587564617035,4.9553052010664285,95.81388123217496,12.14008075966213,0,normal
2026-01-02 07:57:00,P-101,64.55066021659113,2.0161974306376003,4.919500056060011,96.16653455191926,11.791087620116194,0,normal
2026-01-02 07:58:00,P-101,64.54891555955223,2.3055179575692253,4.889018544252038,97.09113239424948,12.250512494324164,0,normal
2026-01-02 07:59:00,P-101,65.46146063682959,2.453217479543162,4.942173430144836,96.50283539922168,12.218271384356202,0,normal
2026-01-02 08:00:00,P-101,66.13695901269803,2.319380662429817,5.065110590753439,93.5084166027424,12.22118570611814,0,normal
2026-01-02 08:01:00,P-101,65.95520472669409,2.241126290371362,4.880898361483996,98.98323639210864,12.045807873396097,0,normal
2026-01-02 08:02:00,P-101,63.99783961623544,2.1978265998282445,5.08901230403772,95.36272625093297,12.007729712479492,0,normal
2026-01-02 08:03:00,P-101,66.14887592118265,2.416608734764918,4.959301265667247,98.00789593533702,12.293783700142884,0,normal
2026-01-02 08:04:00,P-101,64.81060236346073,2.4659298498293016,5.019821189240575,101.6991475873484,12.162822911887694,0,normal
2026-01-02 08:05:00,P-101,65.37927315934189,2.1169147218602737,4.8704049334262445,95.73417983370231,11.746716868063515,0,normal
2026-01-02 08:06:00,P-101,64.14059013870818,1.9431969133060092,4.863645686664749,92.53472399989472,11.663906010864876,0,normal
2026-01-02 08:07:00,P-101,65.10199167080013,1.946768471870072,4.9302274315999215,97.04602036029628,11.97101934925232,0,normal
2026-01-02 08:08:00,P-101,65.12003905180595,2.34225828224523,4.91477494206564,99.8430539735873,11.672651263721065,0,normal
2026-01-02 08:09:00,P-101,63.81696597097274,2.194934200670631,4.999099643447732,101.58130800374012,12.011624511271156,0,normal
2026-01-02 08:10:00,P-101,65.53902077789158,2.2285399098570764,4.9197323394831365,95.2293610827678,12.131017612040598,0,normal
2026-01-02 08:11:00,P-101,65.84209547211539,1.9557903140757869,5.135123200529246,98.7060709134387,11.41336866461184,0,normal
2026-01-02 08:12:00,P-101,64.97540935296493,2.1240082941541627,4.874788314587879,96.8066249442316,12.287819273775575,0,normal
2026-01-02 08:13:00,P-101,66.17097528479415,2.1748973998483745,4.9837180398910785,97.5502798551192,12.207101950329363,0,normal
2026-01-02 08:14:00,P-101,64.83918251175854,2.223807769318747,5.050589175971741,103.07614734195954,11.977343266301164,0,normal
2026-01-02 08:15:00,P-101,65.67169254915582,2.151172070870165,4.862445890717308,94.80715346094549,11.980062310796315,0,normal
2026-01-02 08:16:00,P-101,63.20561742690966,2.073080031162656,5.038411722119481,98.34655224832542,11.951183499176343,0,normal
2026-01-02 08:17:00,P-101,67.04363061203748,2.1194280094610356,4.9561416320884994,98.800779311903,12.271520971466762,0,normal
2026-01-02 08:18:00,P-101,66.29539838335715,2.3573777677090155,4.801245055278176,100.06362274048216,12.24757946790695,0,normal
2026-01-02 08:19:00,P-101,64.60967260095279,2.2090457798968877,5.033938032863399,98.11500638950336,11.593432510889349,0,normal
2026-01-02 08:20:00,P-101,63.46380453716603,2.278643286644802,4.896269326884032,98.56245976122214,12.103689396202707,0,normal
2026-01-02 08:21:00,P-101,65.17614836256958,2.0853508511853702,4.888085048716805,97.19070444079334,11.864314169812989,0,normal
2026-01-02 08:22:00,P-101,63.83562543875505,1.8443869163036828,5.040434349433267,98.54021828018746,11.976914691035148,0,normal
2026-01-02 08:23:00,P-101,65.25119193812996,2.1241411216843575,4.945665663223988,97.34385818174631,11.738272770209935,0,normal
2026-01-02 08:24:00,P-101,65.49568999298356,2.1168162106754567,5.066441530994157,99.30197589500376,12.41609354413032,0,normal
2026-01-02 08:25:00,P-101,64.31906573509264,2.250905006022152,5.070298361215892,97.34850735866664,12.180470675735643,0,normal
2026-01-02 08:26:00,P-101,65.8092500229414,2.5833463961480576,4.937116990213538,98.87112670393228,11.781191010124726,0,normal
2026-01-02 08:27:00,P-101,65.48805344795421,2.2638691328278515,5.044339955009993,98.08789553335905,11.608984214273214,0,normal
2026-01-02 08:28:00,P-101,65.74723112203459,2.5241367756514865,4.943846231973175,100.42830960846052,11.916431130509352,0,normal
2026-01-02 08:29:00,P-101,65.02777839878804,2.270838892922351,5.1596842494070785,98.10349760365048,12.05173058963234,0,normal
2026-01-02 08:30:00,P-101,63.82788828254417,2.1194520935006653,4.891469232704591,94.69057930670884,11.90076884018782,0,normal
2026-01-02 08:31:00,P-101,65.91710459893966,2.258600777020851,5.089998244188411,100.79112489116118,12.337016952926897,0,normal
2026-01-02 08:32:00,P-101,64.82053559552018,2.4182807212909276,5.032370487579471,96.4867285508945,12.092081787072049,0,normal
2026-01-02 08:33:00,P-101,63.94939487370001,2.427199885090317,4.995505430501093,97.0218404732378,12.15304747063536,0,normal
2026-01-02 08:34:00,P-101,66.08035096530104,2.1307994499000262,4.918051490803768,97.1694943717102,11.996798681303916,0,normal
2026-01-02 08:35:00,P-101,66.55429289299776,2.2147279030583857,4.999302158658733,101.14139580140464,11.686917191489393,0,normal
2026-01-02 08:36:00,P-101,64.87726917588785,2.0172714343233644,4.769244227786023,94.15312768215873,11.775669197678036,0,normal
2026-01-02 08:37:00,P-101,66.8900920392652,2.319309624410794,5.065275387730335,104.73217846597548,12.406987788956432,0,normal
2026-01-02 08:38:00,P-101,65.07511441819531,2.386660393299987,5.033981666614519,100.6012440132248,12.005156588265583,0,normal
2026-01-02 08:39:00,P-101,64.73356386317265,2.209517007807139,5.0003629115610435,98.96829580361344,12.09482146626434,0,normal
2026-01-02 08:40:00,P-101,64.44509781684455,2.1135969860009016,4.746585016061219,98.44495097646228,11.873661450482336,0,normal
2026-01-02 08:41:00,P-101,66.19659269777864,2.229081560576364,4.890339047925008,99.15899635321932,11.717316928461118,0,normal
2026-01-02 08:42:00,P-101,64.3595125517839,2.248048540875345,4.93678777412105,99.6635052748942,11.9590691422353,0,normal
2026-01-02 08:43:00,P-101,65.61846357056682,2.213518275145308,5.022785529891424,99.94528152363002,12.075620306467064,0,normal
2026-01-02 08:44:00,P-101,64.48469849959115,2.2129495108751276,5.02114572877198,99.79986163205412,11.83007391909626,0,normal
2026-01-02 08:45:00,P-101,64.59500534730863,2.17454856261469,4.975400331520459,98.90182348781528,11.908126893420292,0,normal
2026-01-02 08:46:00,P-101,65.71059978797392,2.3053145954869523,5.034441607092371,98.3621964164055,11.716000081995668,0,normal
2026-01-02 08:47:00,P-101,64.78975982423155,2.300070956077694,4.9027879512312875,98.488734125552,12.234473253157583,0,normal
2026-01-02 08:48:00,P-101,64.62795086997035,2.0760010190310263,5.0331794248433495,98.43606243878304,11.879467933766485,0,normal
2026-01-02 08:49:00,P-101,66.06505774713848,2.098580876295799,5.049261397458878,101.12820290716871,12.397034973496607,0,normal
2026-01-02 08:50:00,P-101,66.43178549706948,2.1887085277683354,5.03103177649211,100.08273978650767,12.384669156230458,0,normal
2026-01-02 08:51:00,P-101,65.42424709128959,2.2769823609753974,4.915936636458465,93.04998709453167,11.771238121655514,0,normal
2026-01-02 08:52:00,P-101,64.37867377964854,2.20557808968536,5.14923823382186,100.27787278353595,11.756224000369242,0,normal
2026-01-02 08:53:00,P-101,64.37561557785902,2.0958347479474178,5.033365792637876,99.39101375586858,11.460255943242723,0,normal
2026-01-02 08:54:00,P-101,64.90472552358159,2.211481395680795,4.912530647516581,98.99975165768656,11.6019832814739,0,normal
2026-01-02 08:55:00,P-101,65.09891151237903,2.1405736705121403,5.0028235591658525,98.2959121106974,11.605418657096257,0,normal
2026-01-02 08:56:00,P-101,64.36383944297722,2.3249248966130263,5.073769677118347,101.35710069524092,12.385330427722604,0,normal
2026-01-02 08:57:00,P-101,65.60249275202862,2.242974812253636,4.963351263454413,101.03999513683578,12.06015600091181,0,normal
2026-01-02 08:58:00,P-101,65.07899578241448,2.163489757343594,5.063495668332496,97.6353888578008,12.02646279675702,0,normal
2026-01-02 08:59:00,P-101,63.40577020486054,2.2000743601169557,5.0308784970110745,100.03158005537938,11.4458421494276,0,normal
2026-01-02 09:00:00,P-101,64.10478957354276,2.338797112081823,4.785707901681001,97.31061686942289,11.61982689877837,0,normal
2026-01-02 09:01:00,P-101,64.64378023887551,2.1375297880390396,4.989286424980543,96.53126667935096,12.1177079444921,0,normal
2026-01-02 09:02:00,P-101,64.94727629938107,2.2490141441044,4.948255200326702,98.07375326797192,12.013906126134804,0,normal
2026-01-02 09:03:00,P-101,66.50976769591463,2.19133784158301,5.053862041313332,101.08876561499936,11.99586164877858,0,normal
2026-01-02 09:04:00,P-101,65.26270672256223,2.2602592517697673,5.088608388712235,101.30712014920894,12.1804241941263,0,normal
2026-01-02 09:05:00,P-101,64.49653059145193,2.1425957199298664,5.020253232735719,100.4640268964374,12.422870258427077,0,normal
2026-01-02 09:06:00,P-101,65.16550186585326,2.2118649047800676,5.142471402683277,100.92512239677016,11.97249305601884,0,normal
2026-01-02 09:07:00,P-101,64.73180012324644,2.33462258404121,4.991147900021373,100.54444507864528,12.033675803023874,0,normal
2026-01-02 09:08:00,P-101,65.25826260400626,2.0873661637978964,5.0326490262662285,98.26636004219183,11.99614003094858,0,normal
2026-01-02 09:09:00,P-101,65.70907080376342,2.0710484693678564,5.0689001480639275,100.45047421729396,12.611541635337316,0,normal
2026-01-02 09:10:00,P-101,65.7721467235344,2.02062060798097,5.004460515986206,101.22481934976246,11.511905514388118,0,normal
2026-01-02 09:11:00,P-101,65.06293326700293,2.0698158043183477,5.07400207968829,101.17001350500672,12.205906158847403,0,normal
2026-01-02 09:12:00,P-101,66.32460909638472,2.2731188788352252,4.973193577010982,102.07674159839564,12.033601685762104,0,normal
2026-01-02 09:13:00,P-101,65.79693195190437,2.040111065430571,4.977725067525801,101.1530541047499,12.17628455468854,0,normal
2026-01-02 09:14:00,P-101,64.37403410073276,2.1567507757035917,4.899770064758089,100.47691599849936,11.8499643414563,0,normal
2026-01-02 09:15:00,P-101,66.78641117652947,2.276510546888622,5.038832018490053,101.95192891804491,12.046316609826736,0,normal
2026-01-02 09:16:00,P-101,65.33029136288619,2.2585860562995936,5.023982379337974,99.79622452696258,12.17173938067525,0,normal
2026-01-02 09:17:00,P-101,64.620669578721,2.189829070141852,5.075572854181686,98.12318014953476,12.721922954747004,0,normal
2026-01-02 09:18:00,P-101,66.39831576935393,2.2324090138568127,5.059275958206295,99.59847578578244,12.189963320923992,0,normal
2026-01-02 09:19:00,P-101,66.55908546744455,2.1999653644792327,4.961941321375575,98.47249659073704,11.742158498214485,0,normal
2026-01-02 09:20:00,P-101,64.9149995422227,2.165768554484011,4.89224205951377,98.64964345005124,11.853549382995862,0,normal
2026-01-02 09:21:00,P-101,64.54872231019976,2.168655148573981,5.032114639983788,99.74866077821902,11.879106296250606,0,normal
2026-01-02 09:22:00,P-101,64.66442232210603,2.4435415781794556,5.073765758236473,98.4905504443301,11.5058057201724,0,normal
2026-01-02 09:23:00,P-101,65.53274213270879,2.292236902308586,5.055386272791633,99.49714748873173,11.902391876736592,0,normal
2026-01-02 09:24:00,P-101,66.05193027565417,2.501383729055177,5.0503932381949,96.36350362063172,12.07411237907439,0,normal
2026-01-02 09:25:00,P-101,65.3363461604632,2.125358961021081,4.989198427237479,100.6149589733338,11.699890739430815,0,normal
2026-01-02 09:26:00,P-101,65.18896752829018,2.203252628562517,4.964954396219031,100.22839136730823,12.268972403781897,0,normal
2026-01-02 09:27:00,P-101,66.23073941428216,2.0441861579216303,4.9273416550966145,98.62937632751586,12.08082499509656,0,normal
2026-01-02 09:28:00,P-101,64.69574240713871,2.0961034319467413,5.011724047485097,101.61957648141843,11.865028963949792,0,normal
2026-01-02 09:29:00,P-101,65.83714702011822,2.4297810215175875,5.01584983062123,102.21370942987356,12.031028873561745,0,normal
2026-01-02 09:30:00,P-101,64.89531250174653,2.153076227772435,4.98814301000268,97.16087997195496,12.314406851068908,0,normal
2026-01-02 09:31:00,P-101,65.40482820353836,2.437814985658541,4.978535416586374,98.88792131492148,12.15002459282411,0,normal
2026-01-02 09:32:00,P-101,64.8969770184709,2.0492749125063217,4.978433702299735,98.91239206778768,11.969567675758167,0,normal
2026-01-02 09:33:00,P-101,64.91484718570206,2.068524832389245,4.9239455286958975,98.60810529336692,11.898822329560762,0,normal
2026-01-02 09:34:00,P-101,64.73195991940487,2.163285895149019,5.097169709692012,102.18401886078932,12.084672833436594,0,normal
2026-01-02 09:35:00,P-101,66.02680076914487,2.186214702423537,5.007866361641613,100.17449166621157,11.877293860500773,0,normal
2026-01-02 09:36:00,P-101,64.20402542204833,2.284566256660911,4.986745487846397,100.070100258922,11.475915631337909,0,normal
2026-01-02 09:37:00,P-101,64.57157154822593,2.2745621188454654,4.906488625749589,96.62829660095264,12.409393375662262,0,normal
2026-01-02 09:38:00,P-101,66.73565113271523,2.154899204123609,4.91288343460138,101.9436483432666,12.097140700097848,0,normal
2026-01-02 09:39:00,P-101,65.80086454065209,2.1863254143339055,5.08694693741759,98.23098020136425,12.04646622232156,0,normal
2026-01-02 09:40:00,P-101,63.0965094851222,2.162287505135416,5.053030445870816,100.86593492202722,12.011501110191588,0,normal
2026-01-02 09:41:00,P-101,64.49032866929664,2.0830585093440344,4.8834593565422635,101.33727839478608,11.856339151662436,0,normal
2026-01-02 09:42:00,P-101,63.574298157834235,2.09643065109329,5.096453114039065,103.54017299822928,12.059724069709686,0,normal
2026-01-02 09:43:00,P-101,64.05835697291843,2.3007097579283378,5.056172663510366,98.23741698917168,11.547273819126572,0,normal
2026-01-02 09:44:00,P-101,62.65512212201517,2.0013619405240437,4.958471094114969,94.85210043308946,12.414834637506011,0,normal
2026-01-02 09:45:00,P-101,64.7824941388742,2.380593768822075,5.140796372386463,101.2947500726322,11.730214502573366,0,normal
2026-01-02 09:46:00,P-101,64.03801615459555,2.1527868941683073,5.062976103294265,104.56385319244336,11.878924024811504,0,normal
2026-01-02 09:47:00,P-101,65.0456145010719,2.1070102541872826,4.921417631158543,103.47635133944785,11.994225739086836,0,normal
2026-01-02 09:48:00,P-101,63.8461495365801,2.3070519328444363,5.043745996084593,101.4532476000728,12.365616359215275,0,normal
2026-01-02 09:49:00,P-101,65.0688119416424,2.3785362974857507,5.020451416785775,100.08596326487566,12.006206147761931,0,normal
2026-01-02 09:50:00,P-101,64.57707682411665,2.3227421238190873,4.978922440611034,102.71861885132866,11.772524616532245,0,normal
2026-01-02 09:51:00,P-101,66.31730314687249,2.2746898427633884,5.037807155821759,99.19224488715648,12.289351936804028,0,normal
2026-01-02 09:52:00,P-101,66.22770759054573,2.3427513814102747,4.887855144096971,102.12683653922404,12.246555252873092,0,normal
2026-01-02 09:53:00,P-101,65.70875589363555,2.0040802171461536,5.101441942450165,102.21965962547424,12.20119852806834,0,normal
2026-01-02 09:54:00,P-101,64.85064495828384,2.1513723328730245,4.96338572929134,103.3635465579776,12.279839957032038,0,normal
2026-01-02 09:55:00,P-101,66.9093004016967,2.1307841034830752,4.989170889515811,106.79665795251738,12.802490213721134,0,normal
2026-01-02 09:56:00,P-101,64.00123541804348,2.377414602785238,5.011855810558505,102.09617923431034,12.60915910078834,0,normal
2026-01-02 09:57:00,P-101,63.812408230810995,2.145889529536875,5.037910058212042,100.32722239685508,11.83813783615483,0,normal
2026-01-02 09:58:00,P-101,65.11129311085963,2.3237387356602066,5.02638983466228,101.32759095748048,12.445798976927202,0,normal
2026-01-02 09:59:00,P-101,66.81603482595341,2.265903375450699,4.919326866605387,97.87395998671776,12.032010847041256,0,normal
2026-01-02 10:00:00,P-101,64.88870847323923,2.102845617502271,4.960071204305919,100.05583476012704,12.126448996838247,0,normal
2026-01-02 10:01:00,P-101,64.69209212804927,2.1094010551299323,4.91595278369399,100.65961714841866,11.596720806541729,0,normal
2026-01-02 10:02:00,P-101,63.83498545228019,2.3538223400439717,4.986652535959991,100.46269280903807,11.971284342924092,0,normal
2026-01-02 10:03:00,P-101,65.69763764932759,2.0995538297967813,5.104481980614993,101.84802834541196,11.852234952778218,0,normal
2026-01-02 10:04:00,P-101,65.84451509325424,2.2252308744473033,4.998965805239685,99.93068402511948,12.204935224476912,0,normal
2026-01-02 10:05:00,P-101,65.78456271179523,2.125257864475241,5.107248557576615,103.84954171958591,12.38325637668828,0,normal
2026-01-02 10:06:00,P-101,64.30884999266095,2.138854053937452,5.132828078718488,101.6395971700392,11.5305663273471,0,normal
2026-01-02 10:07:00,P-101,64.45225541338742,2.196663170234331,4.969478780548916,101.6520262071873,12.044052070214551,0,normal
2026-01-02 10:08:00,P-101,64.09024055912771,2.1216483136957613,4.995534313899115,101.04601741435444,12.311845898629196,0,normal
2026-01-02 10:09:00,P-101,65.07294729891322,2.0854775277099935,5.194126423664847,102.04309947798475,12.014623243761182,0,normal
2026-01-02 10:10:00,P-101,64.24954312851199,2.2485864244051417,5.149682995820522,103.41355228621268,12.28467247983697,0,normal
2026-01-02 10:11:00,P-101,64.09389679677629,2.1031102610670236,4.866802183112519,100.05945451775077,12.089575002439291,0,normal
2026-01-02 10:12:00,P-101,64.70130414464592,2.107753183087967,5.036047444434206,100.50755791493332,12.100641795436156,0,normal
2026-01-02 10:13:00,P-101,64.59649708342641,2.0857913757024864,5.012506067204352,101.24612678171766,11.969555058934455,0,normal
2026-01-02 10:14:00,P-101,64.43825508337197,2.1742307727439343,5.058029571237958,99.19133223692567,11.671594766073843,0,normal
2026-01-02 10:15:00,P-101,65.26428773772734,2.299635703659873,4.943139261099226,100.27375624980309,11.727830150637836,0,normal
2026-01-02 10:16:00,P-101,65.1460382068172,2.391133431994592,4.942718591612937,100.988726137619,12.2069999127424,0,normal
2026-01-02 10:17:00,P-101,64.81604342868721,2.118710861317759,4.983099699063355,103.71853562868432,12.116420632740253,0,normal
2026-01-02 10:18:00,P-101,65.16283701731214,2.460090629532615,4.979477298907192,102.5231582603066,12.041066686657391,0,normal
2026-01-02 10:19:00,P-101,64.19334750184925,2.0777565585568025,5.089357715815703,102.41317824709816,11.966422836832356,0,normal
2026-01-02 10:20:00,P-101,65.09876926148513,2.3318441180940184,4.94305827856931,103.755437242122,12.036365905893472,0,normal
2026-01-02 10:21:00,P-101,65.24684776981219,2.129192147460208,4.968253051409651,101.8062163406396,12.315914438841222,0,normal
2026-01-02 10:22:00,P-101,63.79870465963827,2.09563197600613,4.885767804852428,102.88887960925432,12.002855367810623,0,normal
2026-01-02 10:23:00,P-101,65.68558649447529,2.0967581975582483,5.099851061130618,101.92816352576286,11.722578727447493,0,normal
2026-01-02 10:24:00,P-101,64.40151803465398,2.2070394008965524,5.128598925689121,102.69165177346298,12.266662497088932,0,normal
2026-01-02 10:25:00,P-101,65.06401683578316,2.2685677850762858,4.984048011201307,101.02138856704106,11.979422491045051,0,normal
2026-01-02 10:26:00,P-101,65.90268783940776,2.276778970421021,4.949513101170159,97.33490503552166,11.927896117448844,0,normal
2026-01-02 10:27:00,P-101,65.92493041815383,2.1097704246560975,5.055950403301631,101.96926511189994,12.460972529956877,0,normal
2026-01-02 10:28:00,P-101,65.08670966009291,2.088646254153379,5.169041064734342,105.1082504144082,12.14810737309462,0,normal
2026-01-02 10:29:00,P-101,64.78859626505643,2.099827790216635,5.074086443180289,104.13975833751752,12.196488668405207,0,normal
2026-01-02 10:30:00,P-101,65.69102519410073,2.1782644301187744,4.986619991577088,104.2423346975097,11.832539168100707,0,normal
2026-01-02 10:31:00,P-101,65.57548081719156,2.1792469318651784,4.91857067772422,104.8076483483135,12.089312087361664,0,normal
2026-01-02 10:32:00,P-101,64.59669475422555,2.0974022908342316,4.936151703770248,102.53618047833274,12.228466925652134,0,normal
2026-01-02 10:33:00,P-101,64.24186694034358,2.217075175530706,5.033623582132544,102.7766026107547,11.69445464486233,0,normal
2026-01-02 10:34:00,P-101,63.376233129919704,2.475772916409801,4.959267769781375,101.16939716374394,12.085293188191246,0,normal
2026-01-02 10:35:00,P-101,65.1548434438642,2.143386390894448,5.033546469189968,101.79490527107076,12.079044926293324,0,normal
2026-01-02 10:36:00,P-101,64.98213727016434,2.15401551472796,4.99257167921804,103.68056005169385,12.120738665447677,0,normal
2026-01-02 10:37:00,P-101,66.07120938958654,2.287441424672987,4.9641319521686755,104.8783666672229,12.405640724681248,0,normal
2026-01-02 10:38:00,P-101,65.34724266802385,2.14044186914653,4.927966420946008,102.21289514622543,12.149996483098894,0,normal
2026-01-02 10:39:00,P-101,66.23453701225888,2.301169944921273,5.141110416654095,101.6122055904236,12.41788414230182,0,normal
2026-01-02 10:40:00,P-101,64.37315814243829,2.1051560657829187,5.0964594168768835,102.53403969421925,11.827623811928069,0,normal
2026-01-02 10:41:00,P-101,65.96917748481484,2.4271865054143693,5.17599540557866,103.7553969432423,12.146643050101856,0,normal
2026-01-02 10:42:00,P-101,64.58153201939105,2.241956137045421,5.040044775423547,99.68487033631386,12.011662806686902,0,normal
2026-01-02 10:43:00,P-101,65.49114430020197,2.109230677456812,4.9455947707638535,97.99940834530403,11.67266862692035,0,normal
2026-01-02 10:44:00,P-101,63.94673651696489,2.143574899937367,5.1209620494494485,101.5094775650254,12.284358077473598,0,normal
2026-01-02 10:45:00,P-101,65.42282551233787,2.167683688780651,4.999229511774091,100.18749518830327,12.586793182112302,0,normal
2026-01-02 10:46:00,P-101,63.43011615880301,2.3669632739448323,5.03397327446333,101.63059328401025,12.04466627989935,0,normal
2026-01-02 10:47:00,P-101,64.86521830457964,2.057615915754477,5.020262536762015,102.36884870880569,12.197320733332612,0,normal
2026-01-02 10:48:00,P-101,65.38203537213676,2.1235660216741628,4.781997937001356,101.77502745440776,12.074380442586063,0,normal
2026-01-02 10:49:00,P-101,64.5791045019081,2.1320856510305704,5.184410309219994,105.6031508236406,11.989698357232424,0,normal
2026-01-02 10:50:00,P-101,64.01798951745425,2.1804098965465464,5.072960022542648,103.36797068660267,11.645849051147575,0,normal
2026-01-02 10:51:00,P-101,65.64629262670253,2.1636415682906076,5.059698511182247,103.33126663127663,11.92349462816446,0,normal
2026-01-02 10:52:00,P-101,64.82591558369869,2.009638387180172,5.034959293077851,103.99013780594956,11.771714538940554,0,normal
2026-01-02 10:53:00,P-101,64.7845500418598,2.1740470979040873,5.017904518696251,100.48302930653608,12.44051639871086,0,normal
2026-01-02 10:54:00,P-101,65.08024722987523,2.1938952296367793,5.00075223708574,104.85345519534393,12.116826232379507,0,normal
2026-01-02 10:55:00,P-101,67.10639699126688,2.124260969504227,5.07570435703052,102.63780088459384,11.992654194276025,0,normal
2026-01-02 10:56:00,P-101,66.06144503904625,2.2997434035883457,4.936871613066591,104.14394806185226,12.34660689805252,0,normal
2026-01-02 10:57:00,P-101,65.82595366954726,2.297315853325061,5.021610345666456,100.6724871068813,11.739736837492469,0,normal
2026-01-02 10:58:00,P-101,65.2684081003012,2.180589976670886,5.042140418402154,99.72145407564646,11.799927612768254,0,normal
2026-01-02 10:59:00,P-101,65.193720335759,2.235231505134247,5.02887721160451,104.4770742310343,12.151330294243184,0,normal
2026-01-02 11:00:00,P-101,63.229282931690975,1.958941875612502,5.065729309408487,103.6059886010805,12.365371905888283,0,normal
2026-01-02 11:01:00,P-101,64.51971011365266,2.1573294661934774,4.931298153876509,101.0604905255249,12.157235977057946,0,normal
2026-01-02 11:02:00,P-101,64.65400785414364,2.3253870260991527,4.934096250373351,101.13623920450274,12.096168461764051,0,normal
2026-01-02 11:03:00,P-101,63.56954155328864,2.157869510584318,5.07030689551799,105.1369525835878,12.173638011316635,0,normal
2026-01-02 11:04:00,P-101,64.1202988069495,2.117307528723197,5.059457183677336,100.51732113076515,12.115578597804648,0,normal
2026-01-02 11:05:00,P-101,63.50978925845359,2.4851299755226743,4.911921701458841,106.1910953898978,12.236146087979249,0,normal
2026-01-02 11:06:00,P-101,64.87970754871779,2.4070850899829574,5.052898188103344,101.11365372944827,11.775916543189217,0,normal
2026-01-02 11:07:00,P-101,65.7100250724773,2.262985526472638,4.998547524665658,104.2003644695765,12.137530739495585,0,normal
2026-01-02 11:08:00,P-101,65.80534555803817,2.326660016269944,5.007321187207473,102.27456741920662,11.79981485784676,0,normal
2026-01-02 11:09:00,P-101,65.38968710418528,1.9401201916602675,4.934297966307971,104.14594001931742,12.144648836304729,0,normal
2026-01-02 11:10:00,P-101,64.2035217378678,2.1022736784778893,4.95045695826464,101.85863374795768,11.93559702706667,0,normal
2026-01-02 11:11:00,P-101,63.73982332175963,2.1792894862911725,5.103571097956855,102.62810719144302,12.713688621439006,0,normal
2026-01-02 11:12:00,P-101,63.62701835630461,2.175746552614193,5.033048031752568,103.04189618341503,12.081283289564524,0,normal
2026-01-02 11:13:00,P-101,63.85592894544205,2.125096093388831,4.978993531089743,100.9615803226508,11.677787518114126,0,normal
2026-01-02 11:14:00,P-101,64.32893061611894,1.898999141836472,5.0352112614688185,104.4530329679302,12.100045936368677,0,normal
2026-01-02 11:15:00,P-101,64.94753607982253,2.255739814022001,5.0586361156831465,101.94991697100026,12.18833719553948,0,normal
2026-01-02 11:16:00,P-101,64.38628862932424,2.2899409958718993,5.060475900701866,102.52363410088,12.494050009564532,0,normal
2026-01-02 11:17:00,P-101,65.22418932656147,2.386353931444154,5.003959382985525,100.99615430172688,11.882521529067128,0,normal
2026-01-02 11:18:00,P-101,64.63030320247613,2.0824181388164673,5.066074063970122,97.8637335098389,11.540305011789258,0,normal
2026-01-02 11:19:00,P-101,65.1214333246429,2.1097050154726715,5.1037312227083484,102.6094211755815,12.282491888125191,0,normal
2026-01-02 11:20:00,P-101,65.86797230388913,1.872873344403284,5.111262872615538,107.81931102851064,11.889429654380406,0,normal
2026-01-02 11:21:00,P-101,64.06698410183633,2.1661681657586715,5.050023137088947,104.56541944561413,12.02792372299155,0,normal
2026-01-02 11:22:00,P-101,65.34471378598423,2.309352179146253,5.082179164194092,102.95934765845296,12.02437530837584,0,normal
2026-01-02 11:23:00,P-101,65.01153732280233,2.1294273447347725,5.049874102838428,102.47327090943335,12.056789763957974,0,normal
2026-01-02 11:24:00,P-101,64.83866375995049,2.4703949763160207,5.115310954926831,103.04469491823554,12.26363196181565,0,normal
2026-01-02 11:25:00,P-101,65.68897248722833,2.1668045485222027,5.112907292442569,104.0942382303504,11.951918576338915,0,normal
2026-01-02 11:26:00,P-101,65.68349604845285,2.215174664715533,4.924921062906519,100.63813750199375,11.950711812018122,0,normal
2026-01-02 11:27:00,P-101,64.30411267940056,2.044090794854123,4.965399905912539,105.22769595718763,12.153263290478282,0,normal
2026-01-02 11:28:00,P-101,64.92237490125119,2.242979362463225,4.988186346935716,104.42863104880423,12.170258420843824,0,normal
2026-01-02 11:29:00,P-101,65.28794305139286,1.9703533377833768,5.122416918417692,104.43258232123392,12.157434263313998,0,normal
2026-01-02 11:30:00,P-101,64.87164755905904,2.294500374286216,4.912605596887343,103.87103166290429,12.225132393692776,0,normal
2026-01-02 11:31:00,P-101,65.58876953698845,2.302025440043026,5.061887691290337,103.03071001616982,12.30188117789553,0,normal
2026-01-02 11:32:00,P-101,65.31622650548567,2.3745240823150633,5.072344680281068,104.33412329936316,12.228182227893637,0,normal
2026-01-02 11:33:00,P-101,66.56142932045685,2.0895262947693825,5.134696657879162,104.16848131842666,12.238450820430105,0,normal
2026-01-02 11:34:00,P-101,63.64482740469765,2.2028987933758764,5.037154620349891,102.272752509678,11.67262678360372,0,normal
2026-01-02 11:35:00,P-101,64.92902366481644,2.2710295442031763,4.910834654334784,101.82914055814965,12.06743114153591,0,normal
2026-01-02 11:36:00,P-101,64.35924990800179,2.2638302862510784,4.95500257182429,103.17509686761392,12.21512979302882,0,normal
2026-01-02 11:37:00,P-101,65.62894803025473,2.1143718452217546,4.966080313620215,106.06399553720412,12.364155164758737,0,normal
2026-01-02 11:38:00,P-101,63.64280953471597,1.9050305540973145,4.961782919506507,100.4818436813158,11.841367616881026,0,normal
2026-01-02 11:39:00,P-101,65.21136995035604,2.233425208398154,4.985554299326913,100.01864247208272,11.835799455440322,0,normal
2026-01-02 11:40:00,P-101,64.47786778860888,2.1794383553137537,4.9395285122489065,103.2763834346591,11.954766334218874,0,normal
2026-01-02 11:41:00,P-101,64.50280798382269,2.143266713434566,5.148066364860831,103.04134056086478,12.22534369179878,0,normal
2026-01-02 11:42:00,P-101,63.985531395053215,2.3095146883815767,4.926762367238259,103.2784876994454,12.356824894714414,0,normal
2026-01-02 11:43:00,P-101,64.62813107648016,2.194633634601588,5.141803144050765,103.41148701417674,12.000479583602402,0,normal
2026-01-02 11:44:00,P-101,65.98801854386913,2.056748858622414,5.119497949409891,102.4684906894744,12.301045299090994,0,normal
2026-01-02 11:45:00,P-101,65.06282275041997,1.978597437463896,5.130718967581023,105.88547636059003,12.20743424310885,0,normal
2026-01-02 11:46:00,P-101,65.48604780009791,2.06251234140881,4.941442040995728,99.6943369595468,11.959758664495794,0,normal
2026-01-02 11:47:00,P-101,66.3253241021736,2.4863628059470866,5.03968695998613,101.22908896519776,11.984026611501442,0,normal
2026-01-02 11:48:00,P-101,65.31769427447932,2.300069438699591,4.9245008677834905,102.66905584675403,12.26672451655316,0,normal
2026-01-02 11:49:00,P-101,64.58045671617202,2.2260705277647372,5.068654722922016,99.5782160119316,12.068740934554716,0,normal
2026-01-02 11:50:00,P-101,65.63140184379125,2.210400697693331,5.019095824877311,102.50146074002132,12.644000179112547,0,normal
2026-01-02 11:51:00,P-101,64.55331144160611,2.168906392038502,5.028896735297468,106.16423524644028,11.971870896643878,0,normal
2026-01-02 11:52:00,P-101,64.68272095857651,2.3508459061548717,4.930807858110204,102.87074458427053,12.215647763035609,0,normal
2026-01-02 11:53:00,P-101,63.770496899936454,2.139429903425542,4.834575544353669,103.277603384399,11.96602784907909,0,normal
2026-01-02 11:54:00,P-101,65.65746918173295,2.2587883478902944,4.919743304407387,100.28265729702468,11.79115797216358,0,normal
2026-01-02 11:55:00,P-101,64.70879050547597,2.1603877167144505,5.10458992206489,101.5566066415858,12.043981414988831,0,normal
2026-01-02 11:56:00,P-101,65.18371191091165,2.437572960102579,4.9880217143205705,102.0248388598555,12.095083285647425,0,normal
2026-01-02 11:57:00,P-101,64.48855099680372,2.3287396883705256,5.007706344916648,102.12526534858516,12.793301349222578,0,normal
2026-01-02 11:58:00,P-101,65.3940516554985,2.3551285117278,5.105534459741779,105.30901110787028,12.113233879315308,0,normal
2026-01-02 11:59:00,P-101,64.32357753694554,2.121512142969111,5.182910510584353,103.84570003350524,11.832826318633986,0,normal
2026-01-02 12:00:00,P-101,64.91983287731026,2.3311263153420563,5.110916024830891,100.491565243524,12.082999636679316,0,normal
2026-01-02 12:01:00,P-101,65.53309152497542,2.1413445464506524,4.954125452810337,103.19122531156312,11.577076749960302,0,normal
2026-01-02 12:02:00,P-101,65.66754738475896,2.21757167074356,4.8813740319794805,103.67796776944736,12.087349837432354,0,normal
2026-01-02 12:03:00,P-101,65.04331495929776,2.403823097638249,5.23821621496284,104.94470742348317,12.152347543278283,0,normal
2026-01-02 12:04:00,P-101,63.73465067275844,2.093511430554708,5.239598879457173,105.8079550524416,12.37288874730955,0,normal
2026-01-02 12:05:00,P-101,67.498795460869,2.2374581033592102,5.021063604279101,100.59873165647583,12.261367512051237,0,normal
2026-01-02 12:06:00,P-101,66.3581962492268,2.2477492651482827,4.908249302769333,100.9888362415879,11.903772682520708,0,normal
2026-01-02 12:07:00,P-101,65.56399783285264,2.2606327723138473,5.077824268049008,100.07661453374928,11.964644932354997,0,normal
2026-01-02 12:08:00,P-101,64.34607937467057,2.139486160821701,5.012406707622661,102.104540250367,11.87160599985834,0,normal
2026-01-02 12:09:00,P-101,64.83814841748898,2.441479460453289,5.025818512094238,103.48570019427676,11.82255536712638,0,normal
2026-01-02 12:10:00,P-101,64.65034496783306,2.055243337715954,5.116633235545253,104.50765280968425,12.212703279135686,0,normal
2026-01-02 12:11:00,P-101,65.91205438129154,2.362687450387701,5.050356800478278,102.3606820728414,11.752424075036092,0,normal
2026-01-02 12:12:00,P-101,65.19076473443721,2.343403175390465,4.923655733629582,101.85209265107775,11.951906054389369,0,normal
2026-01-02 12:13:00,P-101,64.3064408826508,2.4198281509197757,5.00176178296727,102.77411377738277,11.834429923346672,0,normal
2026-01-02 12:14:00,P-101,64.6877090227159,2.017451885907027,5.0606795537818225,100.77873194889152,12.16078275503931,0,normal
2026-01-02 12:15:00,P-101,66.15636706510075,2.128167290333838,5.106881462057546,106.6061284265144,12.648541377612052,0,normal
2026-01-02 12:16:00,P-101,66.14019202598057,2.3615473856649203,5.012855114952444,99.18937890037652,11.650284371310462,0,normal
2026-01-02 12:17:00,P-101,66.07038083074406,1.955719748938746,5.102188359895418,102.75145235373496,11.619288949887656,0,normal
2026-01-02 12:18:00,P-101,65.6700098963266,2.0152729624105787,5.035123418323311,106.40607773486914,12.16096061070856,0,normal
2026-01-02 12:19:00,P-101,64.82765772367952,2.145122767934825,5.037783447955737,102.34898659382108,12.074394046804072,0,normal
2026-01-02 12:20:00,P-101,62.45183241031232,2.228669688456625,4.749268288569036,101.93146165832437,12.112608676439056,0,normal
2026-01-02 12:21:00,P-101,65.2119652077721,2.387846657428544,4.97975235136671,101.57243668741349,11.93559297181382,0,normal
2026-01-02 12:22:00,P-101,65.00129671238638,2.1781130551410643,5.080131940472886,101.90197077868348,12.006899298654147,0,normal
2026-01-02 12:23:00,P-101,65.20853896273864,2.139080462942452,5.018603646486885,104.9835203856256,12.24138321420392,0,normal
2026-01-02 12:24:00,P-101,65.12062675324404,2.2470554019757554,4.9405899639567865,97.7888155294155,12.193772189043676,0,normal
2026-01-02 12:25:00,P-101,63.80653067282713,2.239794128293635,4.969221496706583,105.25377328485688,11.668851005966136,0,normal
2026-01-02 12:26:00,P-101,65.40078905481496,2.247306554827184,5.073399399115966,99.31301276976345,11.887155523335036,0,normal
2026-01-02 12:27:00,P-101,65.54636955909749,2.1837162185298404,5.059890085614835,101.60130237315902,12.101491269680036,0,normal
2026-01-02 12:28:00,P-101,65.46906694801224,1.9557891566253869,5.0785277785138385,101.24946106879923,11.807989805911292,0,normal
2026-01-02 12:29:00,P-101,65.9694753635192,2.1164128013898016,4.894483547613167,103.25806645697986,12.530534401651222,0,normal
2026-01-02 12:30:00,P-101,65.40598903928264,2.3607759956502643,4.975737922678935,98.85739261401858,11.806869308363371,0,normal
2026-01-02 12:31:00,P-101,64.70325132714646,2.226357629604392,5.007094556945269,102.95034375652696,12.078187140943989,0,normal
2026-01-02 12:32:00,P-101,65.07149258953787,2.1773176041909967,5.03802081196088,106.04665484887646,12.320405169676867,0,normal
2026-01-02 12:33:00,P-101,65.0046923260194,2.325654279831963,4.943151889083296,99.24340925807326,11.829481080541724,0,normal
2026-01-02 12:34:00,P-101,64.929349217144,2.044784711348065,4.99551746045689,102.32058021992913,11.60797414464677,0,normal
2026-01-02 12:35:00,P-101,65.76276836344957,2.168482503788462,5.073854658753061,100.58830761365286,11.910485596680452,0,normal
2026-01-02 12:36:00,P-101,65.65069723996581,2.23350128831436,4.874320376694755,102.73484849625818,12.339405593869506,0,normal
2026-01-02 12:37:00,P-101,66.65088773170667,2.145661322110984,5.161102325383462,101.89187439410252,11.972532450126792,0,normal
2026-01-02 12:38:00,P-101,66.68702155866178,2.2023223355924473,5.044115460752069,100.5408170749952,11.804615936885112,0,normal
2026-01-02 12:39:00,P-101,65.1895204012684,2.193201820126544,5.0243080435363305,102.7694595189147,12.31450183794312,0,normal
2026-01-02 12:40:00,P-101,61.96206269534761,2.0360022260300834,5.126267251474343,105.3720519764509,12.078467835287764,0,normal
2026-01-02 12:41:00,P-101,65.95466081785854,2.2174267014450773,4.8973623256546475,101.3509105268122,11.912987112391813,0,normal
2026-01-02 12:42:00,P-101,64.6203404105568,2.0471779702367625,4.9782371549046855,103.14132273167664,12.131603704366126,0,normal
2026-01-02 12:43:00,P-101,64.42489685470173,2.2281343140324252,4.981154774745979,99.08408093372223,12.165209980416364,0,normal
2026-01-02 12:44:00,P-101,64.91613085662055,2.39425718347452,5.106507932500242,99.7263102865668,12.58721769153014,0,normal
2026-01-02 12:45:00,P-101,64.75603668860242,2.1804461070836383,5.021803202916853,102.55229294069774,12.283377815135289,0,normal
2026-01-02 12:46:00,P-101,65.66032491608662,2.08073565790377,5.0814419331643705,104.5437559469558,12.426272670005762,0,normal
2026-01-02 12:47:00,P-101,63.72890930038722,2.181818702876428,4.975379133314268,102.25454529891584,11.94114480922051,0,normal
2026-01-02 12:48:00,P-101,64.04585363529611,2.0886672460217492,5.047794900956009,100.88475354386098,11.77007557982346,0,normal
2026-01-02 12:49:00,P-101,65.29848115634574,2.2743353694392527,5.148946815792872,101.4767648354916,12.059885782469529,0,normal
2026-01-02 12:50:00,P-101,65.496405562509,2.1819976425695513,5.0690865908775855,98.94444555436571,11.995125845445871,0,normal
2026-01-02 12:51:00,P-101,65.43683575120284,2.3956218946065015,5.019694945469837,102.62114244920672,11.809006088135051,0,normal
2026-01-02 12:52:00,P-101,64.3905623923411,2.3420826784172473,5.08547332484635,103.14340570651127,12.050478538719334,0,normal
2026-01-02 12:53:00,P-101,64.26261086855017,2.187283262957627,5.050611046194617,100.44096898260392,12.113058469907902,0,normal
2026-01-02 12:54:00,P-101,64.63518662852468,2.290934900101148,5.04423964378012,100.3712630044338,12.101236238887534,0,normal
2026-01-02 12:55:00,P-101,65.26403611917421,2.161828870568761,5.107047212208825,101.80909433399933,12.180344793366046,0,normal
2026-01-02 12:56:00,P-101,66.22191461568256,2.2082664162528864,5.092055089015984,100.36968727089868,12.083831800661322,0,normal
2026-01-02 12:57:00,P-101,63.32426683439106,2.151904969313921,5.000591853028903,101.07645407788937,11.905541457519169,0,normal
2026-01-02 12:58:00,P-101,64.83650970671455,2.293611304217122,5.105085970706668,105.37356457884464,12.032731780703129,0,normal
2026-01-02 12:59:00,P-101,63.82170553800133,2.3579396295578365,4.97580526515795,100.64528588507342,11.719620727053734,0,normal
2026-01-02 13:00:00,P-101,63.86133568228385,2.3187290128837685,4.93003114183487,100.3876933540116,12.45782456041662,0,normal
2026-01-02 13:01:00,P-101,65.77220017703621,2.310461749749288,4.976182019792375,99.77415202486944,11.996587151900908,0,normal
2026-01-02 13:02:00,P-101,65.44348210657026,2.311736818339637,5.019120874986068,102.52231271252344,12.019456117426987,0,normal
2026-01-02 13:03:00,P-101,65.27429972805815,2.255494825092709,4.873433623737088,100.63601028713276,11.786882288250869,0,normal
2026-01-02 13:04:00,P-101,66.02635547905092,2.099477511803033,5.065467452281125,99.66408475277878,12.723837018165309,0,normal
2026-01-02 13:05:00,P-101,64.55172798793686,2.3960544704987,4.814310556668517,103.56965904767088,11.8387577633744,0,normal
2026-01-02 13:06:00,P-101,64.65576916341767,2.416764196264373,5.25448866269649,103.7303307537584,12.004697941211234,0,normal
2026-01-02 13:07:00,P-101,66.78601870487786,2.1766137240398704,5.11669243726303,99.65421065593252,12.093585528749491,0,normal
2026-01-02 13:08:00,P-101,64.82779376401274,2.158647576101608,4.949977061104522,97.08577590383074,12.06262651855099,0,normal
2026-01-02 13:09:00,P-101,65.71746951874736,2.2896598768878564,5.028729627830537,102.79755189854352,12.323409570760228,0,normal
2026-01-02 13:10:00,P-101,65.17838780366726,2.2877578615840983,5.018005849986729,99.37681000997456,12.43320642724155,0,normal
2026-01-02 13:11:00,P-101,63.5994979197561,2.1855295647269917,4.975774650854852,102.29074818939672,12.19526185954708,0,normal
2026-01-02 13:12:00,P-101,63.21948497273141,2.0318954433010408,4.9827355782812,96.73260464742448,11.637970439431069,0,normal
2026-01-02 13:13:00,P-101,64.54017270361228,2.2371041528354985,5.012692161847515,102.4212160063648,12.0084001989105,0,normal
2026-01-02 13:14:00,P-101,65.85378567158315,2.267285468361962,4.974226043451339,98.17678608298166,12.02226167561792,0,normal
2026-01-02 13:15:00,P-101,65.86173999564207,2.315986871556314,5.034753606897353,102.02367218189023,12.577766675833162,0,normal
2026-01-02 13:16:00,P-101,65.59812456728798,2.225272987171099,4.900453929257667,100.5536153125987,11.667157089771887,0,normal
2026-01-02 13:17:00,P-101,64.31358109925498,2.1803684374970733,4.988965904498605,98.58003265679136,12.258045106010048,0,normal
2026-01-02 13:18:00,P-101,66.3063286787506,2.3209840805723467,5.009441861144485,99.63660414150873,12.034076716631866,0,normal
2026-01-02 13:19:00,P-101,64.33330050680544,2.22105371307723,5.028168047568147,101.78600778596731,12.26303786738639,0,normal
2026-01-02 13:20:00,P-101,65.16711351055547,2.14381598722867,4.988611425634342,100.58778860692338,11.99213497904872,0,normal
2026-01-02 13:21:00,P-101,64.92556364644797,2.1700522789512826,5.106102573233204,101.50739511556542,11.83461369593538,0,normal
2026-01-02 13:22:00,P-101,64.98703581745148,2.006250575315896,5.014247458745322,104.2539663135846,12.315337184257872,0,normal
2026-01-02 13:23:00,P-101,66.10193765774181,2.182013974486741,4.989536776208157,97.13507036623012,12.077659867763307,0,normal
2026-01-02 13:24:00,P-101,64.57464214723946,2.2999537028064885,5.138387858379254,103.46040556652105,12.346826408430562,0,normal
2026-01-02 13:25:00,P-101,63.92375033309621,2.2412032798649264,4.997620743134719,100.3970834336344,12.008586344164373,0,normal
2026-01-02 13:26:00,P-101,64.93625216492786,2.3725116727530837,5.000688709976334,98.35316485789303,11.800639439906828,0,normal
2026-01-02 13:27:00,P-101,64.49368923262676,2.145136837825115,4.966813662060127,97.45244329653184,11.533876550139992,0,normal
2026-01-02 13:28:00,P-101,67.78020945613737,2.2682654696753044,5.095961078532848,99.69714950477596,12.19575780217813,0,normal
2026-01-02 13:29:00,P-101,65.60616690951836,2.303248937202491,4.998192018508086,101.88099834349896,12.162402320915966,0,normal
2026-01-02 13:30:00,P-101,64.57288809764964,2.468687910722557,5.100117383775506,99.74490175924493,11.75090139456136,0,normal
2026-01-02 13:31:00,P-101,64.1370687182108,2.215116605629176,5.021559085836682,102.98461174084466,11.954894933901183,0,normal
2026-01-02 13:32:00,P-101,63.41336049035263,2.0643964408872746,4.901465805459827,97.02225833356688,11.793978047019143,0,normal
2026-01-02 13:33:00,P-101,64.02987930688738,2.2830082723373013,5.05297736920891,99.8627515562981,11.62513643869334,0,normal
2026-01-02 13:34:00,P-101,64.9783189396264,2.4096829729936027,4.949071374865892,97.34448015663446,11.71591380554775,0,normal
2026-01-02 13:35:00,P-101,66.03494659207513,2.147929613622719,5.055028993994553,100.538892206662,11.73270917699827,0,normal
2026-01-02 13:36:00,P-101,65.87467694508487,2.298095488529587,4.7971255928422085,101.5477943636108,11.94331407793634,0,normal
2026-01-02 13:37:00,P-101,65.09614518935997,2.3365560321328296,4.989365649181453,98.89492282298568,11.78217331010718,0,normal
2026-01-02 13:38:00,P-101,64.51265122105764,2.2934460344788725,4.908136447521322,94.4904871421921,11.427963384049075,0,normal
2026-01-02 13:39:00,P-101,65.41802083385434,2.240438391287407,4.915532576467223,100.05932713897256,12.507427371811549,0,normal
2026-01-02 13:40:00,P-101,64.71631340394856,2.132586124256449,4.960715493880557,100.49747740277412,12.32805950484053,0,normal
2026-01-02 13:41:00,P-101,66.30153187811354,2.1811015394261744,4.958055934835283,100.39521863786948,11.817101703756087,0,normal
2026-01-02 13:42:00,P-101,64.90014064604068,2.261468653347909,5.016370012574774,102.02088761628204,12.128731977651864,0,normal
2026-01-02 13:43:00,P-101,64.94111599612616,2.31025998823145,4.864313694548376,97.36998114511724,12.02546570680884,0,normal
2026-01-02 13:44:00,P-101,63.35647500186851,2.256215023495516,5.033655532760528,100.83536303397506,12.32283235471262,0,normal
2026-01-02 13:45:00,P-101,64.78366607309017,2.146912787803678,5.127525893628451,101.82287108119878,11.850034875770945,0,normal
2026-01-02 13:46:00,P-101,65.72852232745552,2.274062435873418,4.980911228660264,95.84369489044374,12.148337542708918,0,normal
2026-01-02 13:47:00,P-101,64.09107079581334,2.2963663153096596,5.064751911959039,100.0032823220718,11.86312214361042,0,normal
2026-01-02 13:48:00,P-101,64.24566342865053,2.226333168800335,5.070753276920469,98.31882805513652,11.615599240611942,0,normal
2026-01-02 13:49:00,P-101,65.69611196207109,2.1074004397409207,5.0901937376019895,99.12745766272556,12.15485786971039,0,normal
2026-01-02 13:50:00,P-101,63.947141463264785,2.194289681093841,5.149103928481526,99.94928330558211,12.32116810519807,0,normal
2026-01-02 13:51:00,P-101,66.08394792362144,2.3434518828679844,4.942494023666957,98.2430183529032,12.594267793969768,0,normal
2026-01-02 13:52:00,P-101,64.428269097774,2.015785889189723,4.9208185615383595,97.8297280351248,11.63496052478119,0,normal
2026-01-02 13:53:00,P-101,64.74959635668591,1.95637500394792,5.0548097223416395,99.21324704756611,12.15112733269718,0,normal
2026-01-02 13:54:00,P-101,64.02312975205069,2.3712490015361785,5.026005131348025,96.9343833775433,11.805581190377916,0,normal
2026-01-02 13:55:00,P-101,65.34358846450397,2.266513762622833,5.031067011560303,96.9012987591048,12.102878640404152,0,normal
2026-01-02 13:56:00,P-101,66.82559962173828,2.2550203545167595,5.155101753704934,100.39591573649138,11.644255084286929,0,normal
2026-01-02 13:57:00,P-101,65.45936825355201,2.050053270912692,4.967949125665017,96.70395329611372,11.585426154958771,0,normal
2026-01-02 13:58:00,P-101,64.23456866291846,2.279252976674846,5.037079487094644,100.29869623229489,11.814992181177226,0,normal
2026-01-02 13:59:00,P-101,65.91466423635481,2.2338008135034073,4.9201284093770035,99.85594694956816,12.015419419904068,0,normal
2026-01-02 14:00:00,P-101,64.62787639121115,1.9950331941530104,5.125265818761724,95.44401288436478,11.703050069896356,0,normal
2026-01-02 14:01:00,P-101,66.13555982043856,2.3754104891249255,4.948131740390904,97.5055334087633,12.089929588241253,0,normal
2026-01-02 14:02:00,P-101,65.76259975722428,2.233699328270846,4.987483703802965,101.21409780558314,12.293146588731972,0,normal
2026-01-02 14:03:00,P-101,62.667391897314104,2.1552080677819245,4.940549505025137,96.82894963057964,12.054762874228729,0,normal
2026-01-02 14:04:00,P-101,64.33255183439088,2.171618173076137,4.926688978632467,97.8280647324014,12.33953885188726,0,normal
2026-01-02 14:05:00,P-101,65.79285224815555,1.9628413800840196,4.938112875210274,99.64678391180855,12.093360174718091,0,normal
2026-01-02 14:06:00,P-101,65.00270135130535,2.25637233365443,4.960657994554962,100.2554337186124,11.70343883397333,0,normal
2026-01-02 14:07:00,P-101,64.29515416414324,2.245692730158178,4.872254051552333,98.15177257964092,12.285397305773811,0,normal
2026-01-02 14:08:00,P-101,64.40172764438938,2.165285291218082,4.9114369666664635,97.42624002875225,11.771498141961068,0,normal
2026-01-02 14:09:00,P-101,63.583244089019864,2.3669473980306224,5.17024332818482,101.43262792690102,12.270583462728425,0,normal
2026-01-02 14:10:00,P-101,65.11106525129787,2.056657402885373,5.07917779454421,102.03253830529002,12.454409703297475,0,normal
2026-01-02 14:11:00,P-101,66.81997499080867,2.134815204085394,5.078867674907405,100.47953407691872,12.12855802499016,0,normal
2026-01-02 14:12:00,P-101,65.47824803143207,2.07728667428453,5.080774369795581,98.65976668022276,11.585753297115522,0,normal
2026-01-02 14:13:00,P-101,66.62259418376424,2.1503271752791018,5.115132264702727,96.84014995537363,11.675651457033762,0,normal
2026-01-02 14:14:00,P-101,65.79935516608454,2.2197760898124352,4.825922068854522,96.763587297003,12.233593735631374,0,normal
2026-01-02 14:15:00,P-101,65.798321780025,2.248643911025219,4.895984829033021,99.43754782559452,11.940845763357132,0,normal
2026-01-02 14:16:00,P-101,66.57759166450914,2.158154274916525,4.927678241144171,99.19761340157456,11.995821785782775,0,normal
2026-01-02 14:17:00,P-101,65.39128389312728,2.1059014724881004,4.973747319645115,101.13257033642827,12.223683214133752,0,normal
2026-01-02 14:18:00,P-101,64.91503954905482,2.4104235097549953,4.9719453821301,99.599093337692,12.16205351565084,0,normal
2026-01-02 14:19:00,P-101,65.79713944997071,2.485773502598767,4.916853008637653,95.26112128621357,11.92753359168277,0,normal
2026-01-02 14:20:00,P-101,66.33306216695425,2.5399325628540015,5.020950107836248,100.34053947856842,12.07593845956935,1,bearing_wear
2026-01-02 14:21:00,P-101,64.82280349816187,2.405811344152893,4.964925269221603,96.2101637961986,11.943247735841986,1,bearing_wear
2026-01-02 14:22:00,P-101,64.78436008843454,2.7425376840533953,4.916255882015855,97.40826656301148,12.30501667951336,1,bearing_wear
2026-01-02 14:23:00,P-101,65.4375366079077,2.4468244309531206,4.8124243135733185,98.6468215732324,12.271699253777786,1,bearing_wear
2026-01-02 14:24:00,P-101,66.02055223598548,2.500590926160328,4.941653112526662,102.10826089569582,12.058322186601401,1,bearing_wear
2026-01-02 14:25:00,P-101,66.21655750634548,2.4904034232741123,4.999136559162641,104.30756514276466,12.488217315889004,1,bearing_wear
2026-01-02 14:26:00,P-101,64.39295502226686,2.515899744420414,4.972956427391023,99.27227823356404,12.11408582400915,1,bearing_wear
2026-01-02 14:27:00,P-101,66.85025307538938,2.582538017489996,4.886265098208161,97.66384949530035,11.892184188315973,1,bearing_wear
2026-01-02 14:28:00,P-101,64.85800046355965,2.4669954660585773,4.95144523962687,99.07097569465834,11.964704636994872,1,bearing_wear
2026-01-02 14:29:00,P-101,65.13565544927093,2.6342180642461597,4.907014133194999,99.7493124273846,12.104067101913197,1,bearing_wear
2026-01-02 14:30:00,P-101,64.53651126601581,2.603955916732307,4.962984686187129,97.30502343109956,12.050299795023792,1,bearing_wear
2026-01-02 14:31:00,P-101,67.78691682896888,2.564283897614076,4.929247321674853,101.50946279438624,12.588271013202444,1,bearing_wear
2026-01-02 14:32:00,P-101,65.60425234029105,2.612676866013393,4.915609543580225,98.35219160898625,11.981840526035105,1,bearing_wear
2026-01-02 14:33:00,P-101,65.04468975354636,2.5479884480582946,4.8839140609864184,98.86087914655494,12.237434069135658,1,bearing_wear
2026-01-02 14:34:00,P-101,66.1405361257821,2.685321784870889,4.979429158648869,99.1709214294452,11.994181743234385,1,bearing_wear
2026-01-02 14:35:00,P-101,66.15485247235091,2.6457743303725003,4.917246851793455,98.65626733896468,12.138619826936349,1,bearing_wear
2026-01-02 14:36:00,P-101,65.26436889289499,2.738746160302102,5.067196157822681,99.4653416488647,11.780939998874063,1,bearing_wear
2026-01-02 14:37:00,P-101,66.1071885385083,2.8012770253101396,4.997744723241768,96.5276701906336,12.049056638294894,1,bearing_wear
2026-01-02 14:38:00,P-101,64.98036033580571,2.7520557624929523,4.960618274044305,96.62064234989964,12.053197475427021,1,bearing_wear
2026-01-02 14:39:00,P-101,65.29225981133399,2.8454434261716814,4.89132480022272,95.51236400102226,12.238880047352342,1,bearing_wear
2026-01-02 14:40:00,P-101,64.10368121966543,2.702224001017893,5.016116251754435,98.56746273291309,12.369991180049054,1,bearing_wear
2026-01-02 14:41:00,P-101,64.3995248175795,2.6915406155679795,5.047480932171123,99.22248610232316,11.832198140686945,1,bearing_wear
2026-01-02 14:42:00,P-101,67.3272059568243,3.0152486538636185,4.996981877335069,98.55668043589392,12.517618539161983,1,bearing_wear
2026-01-02 14:43:00,P-101,66.92857878017517,2.70398412114772,5.13796628514487,100.96701367075156,12.263576639244826,1,bearing_wear
2026-01-02 14:44:00,P-101,65.8025493343549,2.448973615612867,5.012612055523277,97.58410700772929,12.223221965933748,1,bearing_wear
2026-01-02 14:45:00,P-101,67.22088148970779,2.8077236256653517,5.062192900686044,98.91043232806018,12.296232588111565,1,bearing_wear
2026-01-02 14:46:00,P-101,65.43179737239217,2.7866366088156935,4.964361038198576,95.36758049556984,12.018640437854696,1,bearing_wear
2026-01-02 14:47:00,P-101,65.50644697081468,2.5571321148211013,5.021605184282217,96.75520280216593,12.194128521014786,1,bearing_wear
2026-01-02 14:48:00,P-101,65.86833900619092,3.002010897142805,4.925250379561907,98.89928781754412,12.34809035602527,1,bearing_wear
2026-01-02 14:49:00,P-101,65.47330234147341,2.7575201316647653,4.955184331956575,99.18562010135987,11.877875072701647,1,bearing_wear
2026-01-02 14:50:00,P-101,65.42761428602145,2.8918657501758482,4.996739907560246,96.8790823281656,12.0472851410438,1,bearing_wear
2026-01-02 14:51:00,P-101,66.6946778755978,2.9653357208011717,5.000406139033588,97.3038180508998,12.185392647597116,1,bearing_wear
2026-01-02 14:52:00,P-101,65.84293630658794,2.7597146300389035,4.9845256712160335,94.39167253805743,12.22433404582311,1,bearing_wear
2026-01-02 14:53:00,P-101,66.55420062941893,2.7619444553235897,5.054973144850382,96.69417134680828,12.499906207839071,1,bearing_wear
2026-01-02 14:54:00,P-101,66.54825736461824,2.864490514110587,4.877704456885077,99.170215063031,12.229772493112042,1,bearing_wear
2026-01-02 14:55:00,P-101,66.26801518515849,3.0203921181023445,4.907258696111992,98.52148999208154,12.210324936648632,1,bearing_wear
2026-01-02 14:56:00,P-101,65.00830457616516,2.956590880167597,5.001910388920516,98.35445776345756,12.075788530454664,1,bearing_wear
2026-01-02 14:57:00,P-101,64.71636480021046,2.811384829843963,4.916402289734936,97.43513802792128,12.093611120666136,1,bearing_wear
2026-01-02 14:58:00,P-101,66.06990371278708,2.81208659891245,5.243547479751174,97.33260204480256,12.16877898301446,1,bearing_wear
2026-01-02 14:59:00,P-101,65.76307670611736,3.169109041197184,5.001068989197151,95.981141966354,12.490514056484999,1,bearing_wear
2026-01-02 15:00:00,P-101,65.95379318343277,3.222731826787583,4.980565288915658,98.68317568300702,12.040238642555773,1,bearing_wear
2026-01-02 15:01:00,P-101,66.11588956822011,3.1916366421926354,4.939878737920529,98.1116279767238,12.434464605915585,1,bearing_wear
2026-01-02 15:02:00,P-101,67.76814193771612,3.0809089114861945,4.943970159125785,98.23831417812283,11.94389292875782,1,bearing_wear
2026-01-02 15:03:00,P-101,64.88708656017994,3.0716350120948093,4.964283600630887,96.18723477256724,12.192610707815376,1,bearing_wear
2026-01-02 15:04:00,P-101,64.36645722369379,2.8431976476592045,4.938139380007241,92.91808253975414,12.056266441896451,1,bearing_wear
2026-01-02 15:05:00,P-101,66.56152024816666,3.0454617951442184,4.957513828082945,99.40497596584264,12.802320953593567,1,bearing_wear
2026-01-02 15:06:00,P-101,65.61719671801028,2.989869219672354,4.940541202884542,96.23933826061337,12.219984831324705,1,bearing_wear
2026-01-02 15:07:00,P-101,65.97966308925027,2.9166382023347897,5.062125235008289,95.45824689895214,11.713093309300383,1,bearing_wear
2026-01-02 15:08:00,P-101,66.41591111122665,3.2471800230697565,5.0963402591735765,98.5579862161494,11.984684011177164,1,bearing_wear
2026-01-02 15:09:00,P-101,67.15235578771271,2.966770131636234,4.983909516446565,96.37467980517752,12.36646152275469,1,bearing_wear
2026-01-02 15:10:00,P-101,65.02542215451587,3.3228550744538192,4.885366254013139,99.26670321920778,12.521934966342313,1,bearing_wear
2026-01-02 15:11:00,P-101,65.77607771917329,3.2584997493850665,5.026774435180259,98.36941826491348,12.551445670313015,1,bearing_wear
2026-01-02 15:12:00,P-101,66.4801922122399,3.2156203262505305,5.10925832812237,98.49157327934884,12.570424302358113,1,bearing_wear
2026-01-02 15:13:00,P-101,66.89386220892833,3.3061907523263034,5.053402543785396,94.38200556284067,12.648395804036667,1,bearing_wear
2026-01-02 15:14:00,P-101,67.94585195994489,3.1793499436890573,5.054031498767504,99.52774305427296,12.256784169964387,1,bearing_wear
2026-01-02 15:15:00,P-101,67.01275158244508,3.49933975565187,5.089961352213684,97.61675157908182,12.616907371624738,1,bearing_wear
2026-01-02 15:16:00,P-101,66.15840436356925,3.1726873506280846,4.967736247025957,96.34655052276358,12.04169794784523,1,bearing_wear
2026-01-02 15:17:00,P-101,65.4822094826088,3.2539889784692937,5.023880200749945,97.36319631632476,12.16230576100459,1,bearing_wear
2026-01-02 15:18:00,P-101,65.49070799647697,3.1679757434669438,4.880695206328974,93.51572516349876,11.88600338768033,1,bearing_wear
2026-01-02 15:19:00,P-101,65.83854169897906,3.205165944250698,5.002158641150543,97.8777404658086,12.423524308649991,1,bearing_wear
2026-01-02 15:20:00,P-101,66.7118220205466,3.3131089246750003,5.056306691832139,94.9943952314498,12.31616245329043,1,bearing_wear
2026-01-02 15:21:00,P-101,66.55954121856216,3.3107664899794838,4.896255791328302,94.34096642472532,12.38709122930843,1,bearing_wear
2026-01-02 15:22:00,P-101,65.33254547512132,3.155868759136304,4.871036763592263,93.9952237949406,12.211648023450387,1,bearing_wear
2026-01-02 15:23:00,P-101,65.86580014618572,3.0821459054541487,5.0003933302795565,99.2594215157661,12.240129476157882,1,bearing_wear
2026-01-02 15:24:00,P-101,67.10831501487554,3.2199166838925666,4.939567913057324,95.77008893552448,12.365439301918023,1,bearing_wear
2026-01-02 15:25:00,P-101,66.58186264322589,3.54630198463109,5.0528429308445295,100.09111131588956,12.12557847282297,1,bearing_wear
2026-01-02 15:26:00,P-101,67.04170749416436,3.300437409732298,4.92321486934759,95.94756314233538,12.867521369916373,1,bearing_wear
2026-01-02 15:27:00,P-101,66.80142842227983,3.3759109198510613,5.073479479586919,93.6004310338702,12.234336717630951,1,bearing_wear
2026-01-02 15:28:00,P-101,67.63764429769134,3.5711086741837255,4.844611415089847,94.77855029267316,12.279940835492503,1,bearing_wear
2026-01-02 15:29:00,P-101,66.76603983407458,3.2582285248663796,5.095100248289899,99.48014653923204,12.976055295031074,1,bearing_wear
2026-01-02 15:30:00,P-101,65.95814563750478,3.3295354239001904,4.90575329632377,96.69412345884184,12.257275229780749,1,bearing_wear
2026-01-02 15:31:00,P-101,65.55965092653105,3.3967640240996495,4.815393526605286,95.90721453720074,12.126046752069257,1,bearing_wear
2026-01-02 15:32:00,P-101,66.58812705009684,3.620111959228791,4.992251692845747,97.3221680337838,12.312859056495029,1,bearing_wear
2026-01-02 15:33:00,P-101,64.59753131638449,3.7721824385319325,4.959676490163741,98.00451290448518,12.53984081092228,1,bearing_wear
2026-01-02 15:34:00,P-101,66.47939471014138,3.4351654506802056,4.903581595559692,99.23503449919347,12.65911583306513,1,bearing_wear
2026-01-02 15:35:00,P-101,66.56211308819381,3.629041218006907,4.864459833260637,99.89699845978583,12.835237024839227,1,bearing_wear
2026-01-02 15:36:00,P-101,65.72708190016613,3.4592605418817817,4.962138132776388,96.28069957581036,13.178746538800464,1,bearing_wear
2026-01-02 15:37:00,P-101,65.70313525676976,3.6932455344288018,5.021555471929766,94.34885205998602,11.882541048835895,1,bearing_wear
2026-01-02 15:38:00,P-101,67.28092339088393,3.5628260103460416,5.008548292045233,96.17520125983168,12.69244519084071,1,bearing_wear
2026-01-02 15:39:00,P-101,66.97332773361575,3.5296909164355306,4.979780033340618,97.52435014334772,12.425768039900145,1,bearing_wear
2026-01-02 15:40:00,P-101,66.68752073718308,3.5121458770429914,4.989091825480358,95.07840196229397,12.377080704565751,1,bearing_wear
2026-01-02 15:41:00,P-101,66.74656795834917,3.534222262333606,4.948765084104052,95.09422146942806,12.403717418472697,1,bearing_wear
2026-01-02 15:42:00,P-101,66.5780246107423,3.8354165916746927,4.862613809914273,97.69917493567026,12.462881650973364,1,bearing_wear
2026-01-02 15:43:00,P-101,67.88960695916995,3.6451856443553208,4.855506903641276,96.9178422459152,12.953644387955665,1,bearing_wear
2026-01-02 15:44:00,P-101,66.87253741837364,3.742926534890658,4.9545941182738575,97.08476005926316,12.923708196203577,1,bearing_wear
2026-01-02 15:45:00,P-101,65.59854508864395,3.6152630921637465,4.942214389357278,95.50666522665642,12.474404662473011,1,bearing_wear
2026-01-02 15:46:00,P-101,68.21264600541576,3.5849984691550976,5.033756757225526,96.56781429449852,12.935279920285732,1,bearing_wear
2026-01-02 15:47:00,P-101,66.87535933998703,3.5627324016114468,5.012440122674477,95.18557847724963,12.222002488468515,1,bearing_wear
2026-01-02 15:48:00,P-101,66.124738183772,3.6230200688057597,5.036614031156976,98.82033898962597,12.368205702465023,1,bearing_wear
2026-01-02 15:49:00,P-101,65.47597857044279,3.5906208262636934,4.968745439612424,99.11680566585989,12.127170190229023,1,bearing_wear
2026-01-02 15:50:00,P-101,66.97685242232336,3.535075152283727,4.823155451624566,93.36076252333774,12.351926764515085,1,bearing_wear
2026-01-02 15:51:00,P-101,66.79598737233266,3.8823751395580857,4.984979822189906,95.20141312246244,12.615251322051462,1,bearing_wear
2026-01-02 15:52:00,P-101,68.09543041137694,3.5999921827909467,4.982764916252125,94.07513711911524,12.56900557071438,1,bearing_wear
2026-01-02 15:53:00,P-101,66.48483541939919,3.71694347477468,4.76668119813005,95.77637151282649,12.710682485576573,1,bearing_wear
2026-01-02 15:54:00,P-101,66.08000431969703,3.728013190377286,4.90243523369014,96.91822886167526,12.337279897028454,1,bearing_wear
2026-01-02 15:55:00,P-101,67.68943049146819,3.6050524994281745,4.886665250580659,94.19496007721705,12.763709179924154,1,bearing_wear
2026-01-02 15:56:00,P-101,67.58508614507312,3.9453935575802,4.962069370662371,95.26013545724956,12.741478815836777,1,bearing_wear
2026-01-02 15:57:00,P-101,67.12745312325991,3.6545553078817576,4.886791187789531,95.10600224107874,12.837667199501276,1,bearing_wear
2026-01-02 15:58:00,P-101,67.30976203218584,3.7911683180482454,4.972338927411486,97.53896929174576,12.286550933226101,1,bearing_wear
2026-01-02 15:59:00,P-101,66.87685090593752,3.8176095463911546,4.955898155170086,97.27409503983256,12.827577007990604,1,bearing_wear
2026-01-02 16:00:00,P-101,65.01675582094893,2.172197415173993,4.944301595721383,95.70335534444004,11.57415935035382,0,normal
2026-01-02 16:01:00,P-101,65.86240854274753,2.035672465994412,4.917811924796886,97.51234682929456,11.826039591740996,0,normal
2026-01-02 16:02:00,P-101,65.5066231757586,2.3052941697912908,4.909657877906135,96.07766822314689,12.015921271353502,0,normal
2026-01-02 16:03:00,P-101,64.83337566843612,2.28532068282793,4.879983517281407,96.64048820638628,11.921988047755566,0,normal
2026-01-02 16:04:00,P-101,66.00326304700171,2.1091034028516535,5.035844568778178,100.54391735322724,11.803432525651989,0,normal
2026-01-02 16:05:00,P-101,63.10744212913623,2.284814268285823,5.044604136746469,99.89159264591594,11.998316068423582,0,normal
2026-01-02 16:06:00,P-101,66.42401238848089,2.21778313977401,4.884606623046387,94.62560590564142,11.455884348358332,0,normal
2026-01-02 16:07:00,P-101,63.73704469520117,2.059053038945887,5.110638900617971,98.89876929366072,12.254529927784397,0,normal
2026-01-02 16:08:00,P-101,64.46432217332598,2.0932780843944148,4.96360258011584,98.87706959112045,11.914991082859547,0,normal
2026-01-02 16:09:00,P-101,65.01879883239475,2.343035380955601,5.072146405008123,94.97315551043978,12.128832151377026,0,normal
2026-01-02 16:10:00,P-101,64.81723918426921,2.228932907323513,4.937860567394588,98.92307413011169,11.83605930212934,0,normal
2026-01-02 16:11:00,P-101,65.7573030101661,2.1263054187708317,4.841650258693305,100.377648082126,11.880435445362131,0,normal
2026-01-02 16:12:00,P-101,64.01819265982871,2.080040637398896,4.982909687143562,95.0733861150574,11.66115488679226,0,normal
2026-01-02 16:13:00,P-101,65.24223786729412,2.1423557958896096,4.974889458524828,95.50058501153084,12.084061033269194,0,normal
2026-01-02 16:14:00,P-101,64.45914859674393,2.1368772408296426,4.996635996168428,99.38844925438214,11.804295688299346,0,normal
2026-01-02 16:15:00,P-101,65.27554117368969,2.103412984861959,4.927762107539678,97.91407058151972,12.098570975549386,0,normal
2026-01-02 16:16:00,P-101,64.89184576783241,1.9839462534728431,4.982158234825839,98.49240128647048,11.859158939176792,0,normal
2026-01-02 16:17:00,P-101,64.8538250903319,2.309236165391283,4.939993325182662,98.08940818122248,11.44869142046377,0,normal
2026-01-02 16:18:00,P-101,64.48153446972917,2.3066603326759556,4.9579001534262135,98.20881187327534,11.803685839251642,0,normal
2026-01-02 16:19:00,P-101,64.41156688606277,2.0246616015506325,5.015271303441144,94.79407229799376,11.5490451153491,0,normal
2026-01-02 16:20:00,P-101,65.22794810323101,2.216123616968775,5.010353894729776,99.56165163673684,11.99532523002269,0,normal
2026-01-02 16:21:00,P-101,65.63385078141414,2.0765912127753907,5.047062069633849,99.82659586472911,11.697195942023251,0,normal
2026-01-02 16:22:00,P-101,64.5785672124845,2.175760768193163,4.951944827612702,97.0494308142765,12.14297669960695,0,normal
2026-01-02 16:23:00,P-101,64.2651877579962,2.153653234621979,4.9470630954104875,97.44244830748698,11.900504484136352,0,normal
2026-01-02 16:24:00,P-101,65.40687373997444,2.1381730950434767,4.852609069956279,94.488767242737,11.790264018592426,0,normal
2026-01-02 16:25:00,P-101,65.02280360167953,2.4464544896048657,4.956411656283653,98.60145852891084,12.12201679031422,0,normal
2026-01-02 16:26:00,P-101,65.74566216774214,2.1573188754080292,4.721704974841025,98.73941392881564,12.203159151383437,0,normal
2026-01-02 16:27:00,P-101,64.24327611536681,2.0989975767499356,4.927718710396127,97.49364677005786,11.919784715159324,0,normal
2026-01-02 16:28:00,P-101,63.4980069267863,2.098684986850985,4.992348480058044,99.88984142333116,11.80389516781261,0,normal
2026-01-02 16:29:00,P-101,64.36015727652779,2.2985733025168176,5.015058478675003,96.99645863333905,11.466401354972138,0,normal
2026-01-02 16:30:00,P-101,64.30412500236599,1.9913986064190976,4.966682491032602,98.81767212345984,11.793017724445,0,normal
2026-01-02 16:31:00,P-101,64.82332818074595,2.09428011262901,4.984547321275414,95.67334378958142,11.715897252025451,0,normal
2026-01-02 16:32:00,P-101,64.47351127255544,2.371492171309853,4.802518322649212,97.69014155604322,11.95746860992937,0,normal
2026-01-02 16:33:00,P-101,65.52726048953042,2.221084208617375,4.969587732302662,97.41346804792178,11.836117321153148,0,normal
2026-01-02 16:34:00,P-101,64.81713000517122,2.2289869174929877,4.848020541487002,98.23807649200737,12.119125537773078,0,normal
2026-01-02 16:35:00,P-101,65.02396975501287,2.443806344716464,4.874076121347944,97.07404026006904,11.758975389984398,0,normal
2026-01-02 16:36:00,P-101,65.09131706287538,2.225212931369148,4.96078803351082,97.57612773399296,11.913023540306554,0,normal
2026-01-02 16:37:00,P-101,65.26857266598451,2.1290937346436944,5.0972759921424355,99.51748731125517,12.281521480136876,0,normal
2026-01-02 16:38:00,P-101,64.97910149242504,2.165951350773466,4.9998817572388745,97.01852161612702,11.996011951972552,0,normal
2026-01-02 16:39:00,P-101,65.33894742873241,2.0550564824668514,4.948517338581811,94.7058858810842,11.826167191010384,0,normal
2026-01-02 16:40:00,P-101,64.32062776663332,2.3453564290136315,5.01289283374888,101.44552649062476,11.89287968423495,0,normal
2026-01-02 16:41:00,P-101,66.06505411844782,2.2621373782449954,4.950278785873822,100.7369097330179,11.863799442811793,0,normal
2026-01-02 16:42:00,P-101,64.6707180360998,2.3174231908458367,4.910655717005045,95.417439007486,11.649869856986594,0,normal
2026-01-02 16:43:00,P-101,63.88957590322155,2.337909973118486,5.028286667069978,99.40965834323153,11.847038033851222,0,normal
2026-01-02 16:44:00,P-101,65.19065986035812,2.1553198531342836,4.859699984266331,97.05288257418898,12.100502936911749,0,normal
2026-01-02 16:45:00,P-101,64.28024321644978,2.081778108059904,5.0335913486368025,98.61470246141604,11.902969006019411,0,normal
2026-01-02 16:46:00,P-101,65.38175481075884,2.174980324537002,4.955973176372041,98.70537417415488,11.62371795787934,0,normal
2026-01-02 16:47:00,P-101,66.91663265686104,2.1138871960087675,5.042820621590529,97.67760556009635,12.372370490067835,0,normal
2026-01-02 16:48:00,P-101,64.36204297917715,2.2187074066020127,5.042974254336001,96.6086777757434,11.978251631058594,0,normal
2026-01-02 16:49:00,P-101,65.08710596188222,2.3135026376130403,4.8344053084614895,96.8252029461949,11.553020238257554,0,normal
2026-01-02 16:50:00,P-101,63.50826176125813,2.4787582676791047,4.875530050954384,97.9760405184932,11.781665580554597,1,cavitation
2026-01-02 16:51:00,P-101,65.33345647151519,2.618227582715253,4.923927916689273,97.41383983240526,11.925830719905274,1,cavitation
2026-01-02 16:52:00,P-101,64.43985420836023,3.068844443871337,4.837381527518776,99.08955873855622,12.371063120499976,1,cavitation
2026-01-02 16:53:00,P-101,64.35209529749429,3.0914522756244716,5.006963005138197,99.1089660813992,11.6299074806047,1,cavitation
2026-01-02 16:54:00,P-101,64.2132739331584,2.7243384454267368,5.3266463085088045,102.02468730498418,12.23575781257566,1,cavitation
2026-01-02 16:55:00,P-101,65.74207376664984,2.5970351309866584,5.2499150196367665,103.68974207053344,12.390881964515131,1,cavitation
2026-01-02 16:56:00,P-101,65.71015049099967,3.2917253522786263,5.312928926501063,100.11423623671612,11.760767512552638,1,cavitation
2026-01-02 16:57:00,P-101,64.9781826946375,2.7064244598282556,5.292113161862607,101.52235546641802,11.898686307276728,1,cavitation
2026-01-02 16:58:00,P-101,64.19868971838244,3.0313278781119135,5.08417454228335,100.4684857684121,11.725577706627517,1,cavitation
2026-01-02 16:59:00,P-101,66.24486218498139,2.6490603817042624,4.984733145390077,99.6921373515555,11.933109390245734,1,cavitation
2026-01-02 17:00:00,P-101,64.3804926945243,2.5852127266791487,4.98206448326963,98.3872168680634,11.952051991820078,1,cavitation
2026-01-02 17:01:00,P-101,63.33721819634896,3.25226710654552,4.997273032693914,97.35593898952541,12.167110090727297,1,cavitation
2026-01-02 17:02:00,P-101,65.47075865494966,3.1188791273709726,4.771031108008369,96.8093352845866,12.260118617460018,1,cavitation
2026-01-02 17:03:00,P-101,63.99552496070952,3.054551344734066,4.781673046613685,95.17725140570525,11.698361749056849,1,cavitation
2026-01-02 17:04:00,P-101,65.59927810632264,3.451662067603684,5.152242468732974,99.3259934359817,11.520977678808274,1,cavitation
2026-01-02 17:05:00,P-101,64.6989322903317,2.6942156392285104,4.7905418229849746,97.80246137623833,12.009606119176087,1,cavitation
2026-01-02 17:06:00,P-101,65.47908795801617,3.2512026531861355,4.6932801591919455,95.36783809986413,11.990293413952047,1,cavitation
2026-01-02 17:07:00,P-101,66.13254792237528,2.6966391594184613,4.927288659093334,97.19749981565427,12.028369112833886,1,cavitation
2026-01-02 17:08:00,P-101,64.00255602737384,2.6893951560302525,4.8816645663221205,101.33459268574317,11.924107797676056,1,cavitation
2026-01-02 17:09:00,P-101,64.54102992614378,2.7321680663102272,5.013587480021947,98.74683390709126,11.98444907714426,1,cavitation
2026-01-02 17:10:00,P-101,65.10350661195932,2.969593550700005,5.047951254379284,101.13787378172267,12.410108675212404,1,cavitation
2026-01-02 17:11:00,P-101,66.31211658436091,2.9747577961080034,5.0663612754455025,103.86225493724523,12.205188822833597,1,cavitation
2026-01-02 17:12:00,P-101,64.40468617312982,2.3280733793549486,4.999306976360421,97.74950648217637,11.828480868705425,1,cavitation
2026-01-02 17:13:00,P-101,64.42925068745268,3.5007005082008558,5.106489950235522,98.55052727026641,11.762134110529706,1,cavitation
2026-01-02 17:14:00,P-101,65.36126490101833,2.34237728667981,5.112504384126555,101.48016655160829,11.94688110143421,1,cavitation
2026-01-02 17:15:00,P-101,64.70808390394014,2.455285074218424,5.329326338962434,101.86592643575537,12.424667211271483,1,cavitation
2026-01-02 17:16:00,P-101,65.08745634545643,3.2938262385454284,5.191315014829396,100.41509372857043,11.913589097845833,1,cavitation
2026-01-02 17:17:00,P-101,63.78140819124421,2.9531592599595946,5.155443948281472,103.03964579058714,12.056595320046789,1,cavitation
2026-01-02 17:18:00,P-101,66.68127978807966,2.9224724286086747,4.95772009309108,99.08926887360138,11.77453958508597,1,cavitation
2026-01-02 17:19:00,P-101,64.03897070422299,3.1253602851141453,4.969238619391709,101.80244302569797,12.292845221176297,1,cavitation
2026-01-02 17:20:00,P-101,64.91508806664615,2.714213594837495,4.995789417276742,97.73828510442961,12.4312255745958,1,cavitation
2026-01-02 17:21:00,P-101,65.05182758212558,2.3658285450305074,4.921714874813708,102.85416626643412,12.19453102699815,1,cavitation
2026-01-02 17:22:00,P-101,66.57817441894584,2.691091648484804,4.803019607036461,101.65984858189013,12.120059778651,1,cavitation
2026-01-02 17:23:00,P-101,63.91776964450723,2.6024438181824143,4.84556139495698,94.94420015654845,11.944115673133574,1,cavitation
2026-01-02 17:24:00,P-101,66.3281536989441,3.1460396318584465,4.775083763574968,97.0601778785093,11.352975976402751,1,cavitation
2026-01-02 17:25:00,P-101,65.69414092527254,2.6774943263776305,4.794015170689631,99.11233619896892,12.220998670977275,1,cavitation
2026-01-02 17:26:00,P-101,65.33150093542012,2.5114143131432,4.712440310933775,95.62777544848598,11.994561689703817,1,cavitation
2026-01-02 17:27:00,P-101,64.24818244827432,2.8752570162561537,4.78335197426116,97.48374112834212,12.089723494721708,1,cavitation
2026-01-02 17:28:00,P-101,65.38096797510676,2.8181456628508195,4.922128280244492,97.75136224795729,11.81013745369075,1,cavitation
2026-01-02 17:29:00,P-101,64.33173240795306,2.3573025066734674,5.028937363428868,94.24504796976127,11.776304264722253,1,cavitation
2026-01-02 17:30:00,P-101,65.96738240659384,2.5610886061425813,5.062407197354269,100.73326190616196,11.885133510087764,1,cavitation
2026-01-02 17:31:00,P-101,64.30469637868813,2.8822356346007685,5.167697758501305,100.95775183268475,12.203865004935796,1,cavitation
2026-01-02 17:32:00,P-101,64.85614925130258,2.793869795328672,5.121340192594409,99.37906914933339,11.86669011716863,1,cavitation
2026-01-02 17:33:00,P-101,64.79553208680787,2.730788336754994,5.34015196708489,105.31718295818588,12.599376393046011,1,cavitation
2026-01-02 17:34:00,P-101,64.22019994149821,2.7371208993238167,5.284144351950017,99.21631540574148,12.02554577859949,1,cavitation
2026-01-02 17:35:00,P-101,65.48274405330567,2.602435140661977,5.25533728475822,103.5084156778423,11.724220499448307,1,cavitation
2026-01-02 17:36:00,P-101,65.40700846282007,2.2121889144677045,5.064843993871848,101.01486402246206,11.946603662230922,1,cavitation
2026-01-02 17:37:00,P-101,65.89396955628514,2.5763348013573713,5.097897059039406,100.3504809869707,11.81690349291085,1,cavitation
2026-01-02 17:38:00,P-101,63.374725908520745,2.59338136184334,5.124941147956486,102.60321867415058,11.496564987718196,1,cavitation
2026-01-02 17:39:00,P-101,66.01899250951807,2.8273829269521658,4.905187676552176,100.27518985586364,12.41913986911308,1,cavitation
2026-01-02 17:40:00,P-101,67.08836809044078,3.060066082164488,4.960984595567729,100.86377296211808,12.210022415388174,1,cavitation
2026-01-02 17:41:00,P-101,64.71569666973697,3.3280491275911253,4.862438996966959,100.69825398161464,12.1925238526963,1,cavitation
2026-01-02 17:42:00,P-101,66.5256125379567,3.1969696733653925,4.894555201663255,97.36819442822369,12.023734120673826,1,cavitation
2026-01-02 17:43:00,P-101,64.63793239043083,2.8112466357831005,4.960970694450909,95.87733662097592,11.62115352019672,1,cavitation
2026-01-02 17:44:00,P-101,63.82947567881249,2.8489547404520827,5.024840514237016,95.03135946066298,11.818508672153852,1,cavitation
2026-01-02 17:45:00,P-101,64.82212272953652,2.4188018713354236,4.823341578884464,96.70142269324302,12.166571708654905,1,cavitation
2026-01-02 17:46:00,P-101,65.80693120236839,2.810213476615135,5.07595166915789,104.3765988158516,11.92092007057041,1,cavitation
2026-01-02 17:47:00,P-101,64.10931683552322,2.600848341334692,4.812270605025109,100.33030418211102,11.44964505347107,1,cavitation
2026-01-02 17:48:00,P-101,64.46820570896237,2.908048792187256,4.915911989403144,96.71022431985439,11.871191590418896,1,cavitation
2026-01-02 17:49:00,P-101,65.43297962932539,2.3650187731411303,5.0447788499856605,98.09613752240145,11.895370208727114,1,cavitation
2026-01-02 17:50:00,P-101,65.03208121692188,2.890600541473035,5.1558158672196255,100.59506869556505,12.074082808827574,1,cavitation
2026-01-02 17:51:00,P-101,65.55864503194256,3.3139495082640575,5.116085378680188,103.26363756684536,12.22736667488293,1,cavitation
2026-01-02 17:52:00,P-101,65.27260554708576,2.6589820355783766,4.996786966623609,102.93700210257511,12.205854786197712,1,cavitation
2026-01-02 17:53:00,P-101,65.40931323506737,2.8831986526734736,5.0510687354654245,102.75818736259525,12.064032448565298,1,cavitation
2026-01-02 17:54:00,P-101,64.77700211804408,3.037234663224692,5.1139950135630174,102.15910692364086,12.307107666729278,1,cavitation
2026-01-02 17:55:00,P-101,65.0481026114479,2.69068404842763,5.342323741324642,102.19094287518935,11.656794644558948,1,cavitation
2026-01-02 17:56:00,P-101,64.31781076834055,2.999806891468157,5.152147172840465,101.56465551914904,12.149272932243244,1,cavitation
2026-01-02 17:57:00,P-101,66.04776978134765,2.750881076126374,5.090417796982049,97.8001587307516,12.042557208362368,1,cavitation
2026-01-02 17:58:00,P-101,64.3711825541985,2.9792244795208696,5.107010848953145,101.2967681419845,11.696505819130874,1,cavitation
2026-01-02 17:59:00,P-101,65.74087113864188,2.621804048660942,4.92156744017433,98.38262211020933,11.59448287150592,1,cavitation
2026-01-02 18:00:00,P-101,64.75167812855788,2.8613902829919255,5.063676758395835,100.92039703945593,11.846409243360446,1,cavitation
2026-01-02 18:01:00,P-101,65.17648157464325,2.994597593206175,4.781478884609648,104.01944040345941,12.037205915093471,1,cavitation
2026-01-02 18:02:00,P-101,64.69801613528769,3.357943235752521,4.725810026056092,99.52009639992879,12.234969440000626,1,cavitation
2026-01-02 18:03:00,P-101,64.12848575767724,3.2708511900362476,4.784417332267883,96.90065220594981,11.85320525652918,1,cavitation
2026-01-02 18:04:00,P-101,63.55137357107187,3.693841154444671,4.755292775380232,99.71375303801871,11.867954702890268,1,cavitation
2026-01-02 18:05:00,P-101,64.1172864205471,2.6868151788228527,4.8341283990041495,99.54071704108199,11.90386436855266,1,cavitation
2026-01-02 18:06:00,P-101,64.8743723885666,3.1269588765698932,4.889006817753988,99.07476013760024,12.333748677848313,1,cavitation
2026-01-02 18:07:00,P-101,65.19735359834081,2.9342470437179693,4.894922542638127,100.41901281218716,12.069625638194246,1,cavitation
2026-01-02 18:08:00,P-101,65.85214253888111,3.733136493452644,5.015170823991065,105.17005862899862,12.10959772063625,1,cavitation
2026-01-02 18:09:00,P-101,64.61808298747827,2.4390857953501985,4.852172327493785,98.3459452698694,11.936722388289375,1,cavitation
2026-01-02 18:10:00,P-101,64.44825707575903,2.181018188450401,4.923062292772184,102.05163781167694,12.384564217931938,0,normal
2026-01-02 18:11:00,P-101,63.76234989885673,2.1914896155189805,5.024571324826653,99.28657502660234,11.79130431914726,0,normal
2026-01-02 18:12:00,P-101,65.54302347893564,2.3278234216340743,4.972432897040246,102.2851462931961,12.397431461530909,0,normal
2026-01-02 18:13:00,P-101,66.12006139756565,2.311508881249007,4.868075459212251,99.3713462841688,12.03376446325544,0,normal
2026-01-02 18:14:00,P-101,66.00192299355673,2.1709036540552105,5.081791473921015,100.40839311576968,11.972146947979256,0,normal
2026-01-02 18:15:00,P-101,65.82628214486584,2.051258858767943,5.118479732982378,100.6871580462194,12.645839865870151,0,normal
2026-01-02 18:16:00,P-101,65.44442647369792,2.221241050800997,5.157202678562315,103.2629807386422,11.833979549709618,0,normal
2026-01-02 18:17:00,P-101,66.36091515024464,2.0901540793302367,5.046781203079527,103.18205853615493,12.007040316192896,0,normal
2026-01-02 18:18:00,P-101,65.1290697031647,2.004133222197081,5.038947615967549,98.88730482897168,11.65851133507815,0,normal
2026-01-02 18:19:00,P-101,65.6304136980949,2.0625241573713997,5.12480925805391,101.5219800184957,12.283774893188914,0,normal
2026-01-02 18:20:00,P-101,64.91260501963725,2.2603197345813233,4.948947749926193,100.0261013128068,12.423080272797124,0,normal
2026-01-02 18:21:00,P-101,64.06489164789619,2.3826402763844365,5.0784659367572695,98.9611722032942,12.386315861449985,0,normal
2026-01-02 18:22:00,P-101,64.58823778096364,2.2215819546187623,5.032800053772043,101.07683550405856,12.338292253408255,0,normal
2026-01-02 18:23:00,P-101,64.98402695868587,2.2242849522467156,5.082360462431736,100.92635302443288,11.978385473783996,0,normal
2026-01-02 18:24:00,P-101,65.08925168260296,2.3470253157405905,5.079177010295824,106.42895686257492,12.101558461504784,0,normal
2026-01-02 18:25:00,P-101,66.40359250706281,1.9974858888072855,5.128434537136424,102.47340003565836,11.656409557946237,0,normal
2026-01-02 18:26:00,P-101,65.25521646405537,2.2861955118398467,5.006721381390266,98.88394803869431,12.475486824956278,0,normal
2026-01-02 18:27:00,P-101,65.99646550912884,2.2052830701202812,4.886692463653833,100.54107884112268,12.133476884770795,0,normal
2026-01-02 18:28:00,P-101,64.64767739751086,2.2673942939063383,5.1535998649675685,103.74457343823906,11.9893479769298,0,normal
2026-01-02 18:29:00,P-101,64.9543802241586,2.1674470475878893,4.983293577282297,105.90960365600664,12.50930233192694,0,normal
2026-01-02 18:30:00,P-101,63.82261410813406,2.087575052387925,5.086158548143529,98.59138913240152,11.714550544782044,0,normal
2026-01-02 18:31:00,P-101,64.42320618726774,2.2189946432103977,4.973119231273719,98.03386617889444,12.0426714939225,0,normal
2026-01-02 18:32:00,P-101,65.47111085458785,2.404093676487241,5.149738091254091,105.56572124382738,12.123814353742112,0,normal
2026-01-02 18:33:00,P-101,65.10150954463148,2.3152418875844987,5.117109561129469,102.6328071940128,12.23865350079046,0,normal
2026-01-02 18:34:00,P-101,65.7497514054406,2.138501931268742,5.0358763241464235,100.14648862011936,11.988501273807053,0,normal
2026-01-02 18:35:00,P-101,65.0356887312628,2.0254190522555926,5.07049812682508,102.98153014149094,11.726713931466922,0,normal
2026-01-02 18:36:00,P-101,64.68563072083691,1.9941011392246533,5.000507013442151,96.66967240667456,11.918984265367746,0,normal
2026-01-02 18:37:00,P-101,66.84724200458254,2.37400749841618,4.858659102302045,101.97650828045316,12.321511283882437,0,normal
2026-01-02 18:38:00,P-101,64.95379963982003,2.0890054372725095,5.036003196991746,102.65367794798894,12.072306236976171,0,normal
2026-01-02 18:39:00,P-101,66.05440675236441,2.1764391375156293,4.949460252948636,103.87453870343872,12.310014941500434,0,normal
2026-01-02 18:40:00,P-101,64.57478987915526,2.345514990678186,5.013953465631663,100.025849413201,11.739393110977517,0,normal
2026-01-02 18:41:00,P-101,65.59208151506282,2.009382066787016,4.931087938691793,102.25233424024512,12.061004828889892,0,normal
2026-01-02 18:42:00,P-101,65.68304668969982,2.371651011434316,4.907774851274688,100.25710065727738,11.851585405946178,0,normal
2026-01-02 18:43:00,P-101,65.27323615498665,2.1828684678486736,5.154848505570078,102.64537454297648,12.266106446315472,0,normal
2026-01-02 18:44:00,P-101,63.12400563122818,2.063118998344533,5.089258135349312,100.37023442993768,12.018979923463627,0,normal
2026-01-02 18:45:00,P-101,65.10005778676587,2.180999866002254,5.013375635243905,101.3707042039438,12.213639545202469,0,normal
2026-01-02 18:46:00,P-101,66.0957899835737,2.1272161294025373,5.0169905776448624,100.22090856249406,12.27855486341429,0,normal
2026-01-02 18:47:00,P-101,65.53362767497337,2.266853751937583,5.0155676771397575,103.54009591991984,12.279107521377943,0,normal
2026-01-02 18:48:00,P-101,65.43173882011901,2.13160757292542,5.085386673833579,103.97965637552164,12.18766929983906,0,normal
2026-01-02 18:49:00,P-101,63.54419026370028,1.9608524110480017,4.964096514607291,101.81808639311951,11.804989527165734,0,normal
2026-01-02 18:50:00,P-101,64.45201352101223,2.1770796930649565,5.103379378211911,102.38801571824744,12.070943943880698,0,normal
2026-01-02 18:51:00,P-101,65.26903551362477,2.0297082698135687,4.97413509347321,99.43820407543396,11.84987352175906,0,normal
2026-01-02 18:52:00,P-101,65.31501436976386,2.22285685462039,4.984007360337465,101.75951200039628,11.966769370835832,0,normal
2026-01-02 18:53:00,P-101,65.96165875257361,2.056285026184413,5.024552661097388,102.28156196186002,11.974813321168238,0,normal
2026-01-02 18:54:00,P-101,64.87786948404498,2.140658824639581,5.0291711249726765,107.64628713667256,11.984407220404616,0,normal
2026-01-02 18:55:00,P-101,65.13136281360457,2.1977484795389106,5.028325757275484,100.20311693157652,11.516758860663796,0,normal
2026-01-02 18:56:00,P-101,65.01081355546813,2.174219223236275,5.010784715151493,105.37737222965642,11.994285404807751,0,normal
2026-01-02 18:57:00,P-101,64.28335554006898,2.239165350118903,5.0821250416236765,104.4643153398169,12.182274323175546,0,normal
2026-01-02 18:58:00,P-101,63.097185956660255,2.269361837578139,5.127811128178595,103.0530605065677,11.754547553840158,0,normal
2026-01-02 18:59:00,P-101,65.41873387841342,2.070288721620914,5.0027525159405135,106.0298250885167,12.184815311773407,0,normal
2026-01-02 19:00:00,P-101,65.36851094582198,2.220941442511502,5.022325910633584,103.27719472171977,12.573382947729334,0,normal
2026-01-02 19:01:00,P-101,64.64774124388572,1.8182447039947576,5.070219475410033,103.33130183671992,12.355703193914657,0,normal
2026-01-02 19:02:00,P-101,63.89861176964992,2.253923773059729,4.989794798226947,102.46633866254588,12.484875537156508,0,normal
2026-01-02 19:03:00,P-101,65.60337129541725,2.176349764841302,5.087534725030292,105.03890801641576,12.248949209725655,0,normal
2026-01-02 19:04:00,P-101,64.96165679972177,2.10378513576742,5.092466806168442,104.80348973163036,12.435982147695524,0,normal
2026-01-02 19:05:00,P-101,65.3896340904294,2.2309031197424445,5.100436596754936,101.37756546513916,11.860335781337229,0,normal
2026-01-02 19:06:00,P-101,66.4269053491085,2.3326820248595945,4.95160458921428,100.00837929010731,11.839166311947723,0,normal
2026-01-02 19:07:00,P-101,63.04004265199029,2.1120262898188824,4.947162461498055,102.25844807164933,11.382968390615112,0,normal
2026-01-02 19:08:00,P-101,64.57191126616624,2.1030712503120106,4.9862082802714855,101.08144714365852,12.32897978282033,0,normal
2026-01-02 19:09:00,P-101,65.01738590659808,2.2429138311485968,4.948291478890916,102.5711666054684,12.462215993119024,0,normal
2026-01-02 19:10:00,P-101,66.17081550390378,2.0405965205757455,5.097053430591463,105.18935742676634,12.017386411466171,0,normal
2026-01-02 19:11:00,P-101,63.68727098921766,2.1203034111085923,4.925217042004702,101.8157146018814,11.990983511457133,0,normal
2026-01-02 19:12:00,P-101,66.50522353023827,2.3412550981097824,5.213242081012611,102.6600767552396,11.891336774234446,0,normal
2026-01-02 19:13:00,P-101,65.18147096854135,2.216559788488514,5.132441639043044,102.8767410117144,12.181965618220804,0,normal
2026-01-02 19:14:00,P-101,65.08935784576221,1.9952337612201216,5.045726995417164,104.47209338491396,12.415395937873228,0,normal
2026-01-02 19:15:00,P-101,64.64682160151311,1.9600196788375024,5.052347067336793,98.29555078969554,11.513173530220604,0,normal
2026-01-02 19:16:00,P-101,64.71100846217426,2.2269526441074,4.884951713233529,101.58958623783924,12.15004721979574,0,normal
2026-01-02 19:17:00,P-101,65.84969145773366,2.3048866253999143,5.2342575560871705,103.23876895752056,12.027995125795831,0,normal
2026-01-02 19:18:00,P-101,64.21927239017711,2.015146549145244,5.005074126229284,105.22912952053233,12.18522248360764,0,normal
2026-01-02 19:19:00,P-101,65.34452062572218,2.2624891729504673,5.00893510708777,101.85749001997182,12.170473201017728,0,normal
2026-01-02 19:20:00,P-101,64.82121735155724,2.3559387866193084,4.899634018430272,90.43151044714959,12.362713357975224,1,blockage
2026-01-02 19:21:00,P-101,64.72576172007724,2.4314042676767227,5.078428109469805,96.90651618711348,12.6475994788527,1,blockage
2026-01-02 19:22:00,P-101,67.23561967131725,2.2394805524728536,4.996546255722508,92.97846560149904,12.670554841207569,1,blockage
2026-01-02 19:23:00,P-101,65.56365098417575,2.2737053884135165,5.0933195902340564,91.04969733169676,12.903389828581098,1,blockage
2026-01-02 19:24:00,P-101,65.67836045889705,1.9517235493918264,5.052919141362873,95.21970644603594,12.832201455667633,1,blockage
2026-01-02 19:25:00,P-101,66.27449209887371,2.458532648133347,5.041872372794575,94.66788585852653,12.653640732602577,1,blockage
2026-01-02 19:26:00,P-101,63.92980476096085,2.1176123867193133,5.047454429800914,92.63615323121431,12.230205227284877,1,blockage
2026-01-02 19:27:00,P-101,66.77511606452171,2.0810198869550733,5.084845870178101,89.96602405350232,12.439273160650297,1,blockage
2026-01-02 19:28:00,P-101,63.274123884565725,2.1876975335182034,5.007123334774659,95.61889348350331,12.972169208787065,1,blockage
2026-01-02 19:29:00,P-101,64.90426887225422,2.3901059897258663,4.995638388969513,97.06111098401955,12.875562972582873,1,blockage
2026-01-02 19:30:00,P-101,65.0931903530914,2.4795845276773876,5.181732998387264,95.16797567703865,12.783565147547066,1,blockage
2026-01-02 19:31:00,P-101,65.9816731893415,2.2381479215353037,5.294175190053216,91.68893940041875,13.22358213185001,1,blockage
2026-01-02 19:32:00,P-101,65.61782532424331,2.336588288724642,5.1474258168259235,92.40765924198298,12.975621862534958,1,blockage
2026-01-02 19:33:00,P-101,65.30778684362978,2.21077833396914,4.97976179593435,93.43292023291134,12.742283438967103,1,blockage
2026-01-02 19:34:00,P-101,65.36353529763224,2.075330638194692,5.045660613821035,94.48116940756626,12.593568738990085,1,blockage
2026-01-02 19:35:00,P-101,64.49212049083576,2.351759408165966,5.166264498097546,95.12353931250543,12.04848823739967,1,blockage
2026-01-02 19:36:00,P-101,64.21519528563599,2.1255086203273272,5.065968407970351,92.28231814870408,12.771663651688455,1,blockage
2026-01-02 19:37:00,P-101,66.01360819258709,2.384911802852572,5.213271603884228,93.77337172668494,12.734017511751714,1,blockage
2026-01-02 19:38:00,P-101,66.03959617339711,2.3665589794572224,5.14173744524283,93.76461511263078,12.839331626985182,1,blockage
2026-01-02 19:39:00,P-101,66.75899311278532,2.2806152183552943,5.218925599190462,96.3158582968202,12.775517360957425,1,blockage
2026-01-02 19:40:00,P-101,64.86657363425675,2.422076797404964,5.144381465208877,94.14595692372092,12.778298314107642,1,blockage
2026-01-02 19:41:00,P-101,65.76021347952243,2.452500523717802,5.2210148886162155,92.78742132717173,12.591724501543547,1,blockage
2026-01-02 19:42:00,P-101,65.08765027336834,2.1719694810905774,5.113953352971655,92.2407738097693,12.617687397475038,1,blockage
2026-01-02 19:43:00,P-101,66.62048511056207,2.1176328000874207,5.055684393579277,95.75167575994057,12.964649690204729,1,blockage
2026-01-02 19:44:00,P-101,66.5524591525548,2.003465398005178,5.290568288884554,92.42793783996385,13.327693592746643,1,blockage
2026-01-02 19:45:00,P-101,65.67628590045516,2.4700595396242897,4.951881491531273,91.07263890844983,12.808591190075898,1,blockage
2026-01-02 19:46:00,P-101,65.36142365759483,2.160045551958756,5.107218372177167,96.80409130859907,12.869510853194694,1,blockage
2026-01-02 19:47:00,P-101,66.4863105562647,2.3547026884835107,5.075902240901119,94.467150946472,13.207393875203348,1,blockage
2026-01-02 19:48:00,P-101,65.97302519481529,2.104080852259856,5.375177107586139,92.77297087451079,12.696585544550022,1,blockage
2026-01-02 19:49:00,P-101,65.0184000114426,2.392232889853042,5.234199959132377,91.38172686149312,13.075605375651959,1,blockage
2026-01-02 19:50:00,P-101,64.50217328174088,2.1121106095663484,5.254873723797041,92.5345218886704,12.950157734722616,1,blockage
2026-01-02 19:51:00,P-101,65.41680551988141,2.0736807788840323,5.103997287085768,91.43745593516768,13.316271764017223,1,blockage
2026-01-02 19:52:00,P-101,66.90579069297443,2.1819462444229845,5.396562702939296,91.88093713056668,13.022892518643545,1,blockage
2026-01-02 19:53:00,P-101,66.47183938380684,2.1453287691561163,5.186063283194139,92.44097866897805,13.012036511718255,1,blockage
2026-01-02 19:54:00,P-101,64.82115934651172,2.271344614808682,5.29781930003544,94.27418624108245,13.132021342162169,1,blockage
2026-01-02 19:55:00,P-101,64.87877624141869,2.210349658844652,5.1226032158536805,95.34403485815115,13.278116451559796,1,blockage
2026-01-02 19:56:00,P-101,66.9446288186589,2.3064121820510484,5.1586056699048575,91.51859419287997,13.578568439981037,1,blockage
2026-01-02 19:57:00,P-101,64.79585273249528,2.159751391630535,5.184181866425276,92.48504879760117,12.859903791426357,1,blockage
2026-01-02 19:58:00,P-101,66.19845109224053,2.117282642920502,5.117622159087346,90.22977775636961,12.938769987944452,1,blockage
2026-01-02 19:59:00,P-101,65.35011883166693,2.138492148334794,5.252844650843065,90.8851767803081,13.152510334768493,1,blockage
2026-01-02 20:00:00,P-101,67.01012142965428,2.4650709450911497,5.200288557503146,94.24404441426434,13.354001939922156,1,blockage
2026-01-02 20:01:00,P-101,64.97436839699047,2.223781393350666,5.206739022920631,90.68380496331142,12.910456256141593,1,blockage
2026-01-02 20:02:00,P-101,66.32788471671658,1.9283904610090503,5.354830044938381,88.47714646361936,12.357863830871281,1,blockage
2026-01-02 20:03:00,P-101,66.04962978824399,2.1569938913243214,4.895985810115143,87.44841817518324,13.389209274553869,1,blockage
2026-01-02 20:04:00,P-101,66.08500879178854,2.222233694077996,5.163871474015725,88.1344399174808,13.212129766320095,1,blockage
2026-01-02 20:05:00,P-101,63.977053837988045,2.401665456119658,5.264359770263415,88.58068717277375,12.682484558772156,1,blockage
2026-01-02 20:06:00,P-101,63.99999380506013,2.3190819290885236,5.313832974634739,89.86438959085069,12.974641967253694,1,blockage
2026-01-02 20:07:00,P-101,65.71577095272818,2.1091085634558633,5.113885879722724,87.99533080108674,13.609550224621236,1,blockage
2026-01-02 20:08:00,P-101,66.13585962946799,2.5126603487118446,5.170033393562726,89.38177388804506,13.344670517700425,1,blockage
2026-01-02 20:09:00,P-101,64.95745579266858,2.2149974784800293,5.257333940812433,92.39198972608463,13.582308157834891,1,blockage
2026-01-02 20:10:00,P-101,64.88293864720222,2.348914657687383,5.220828572647719,87.9171130595756,13.219699814972655,1,blockage
2026-01-02 20:11:00,P-101,66.26547005069322,2.07125611719057,5.144845113986983,93.09743175765453,13.176841139231671,1,blockage
2026-01-02 20:12:00,P-101,66.26355566113298,1.9163596896829165,5.16843216704265,90.20154913932656,13.213598062835317,1,blockage
2026-01-02 20:13:00,P-101,66.01633690262504,2.052407262562972,5.302980553378238,91.24334445238523,13.569551634813203,1,blockage
2026-01-02 20:14:00,P-101,66.36201734162624,1.8012429293548249,4.996095261200496,87.18893133387948,12.896602298186231,1,blockage
2026-01-02 20:15:00,P-101,65.1408318537096,2.4501257934519938,5.15358176018111,91.33677277771724,13.067478680271188,1,blockage
2026-01-02 20:16:00,P-101,65.7717020824147,2.2392594283313896,5.341529650121978,87.13637769199806,13.390324253156793,1,blockage
2026-01-02 20:17:00,P-101,67.30466610283838,2.0952999854079977,5.251108618598085,91.5520496176623,13.486845975250889,1,blockage
2026-01-02 20:18:00,P-101,66.09508585864201,2.2761798288369617,5.272189117066177,89.5714190839917,13.746330391428616,1,blockage
2026-01-02 20:19:00,P-101,66.08280086858653,2.2200814122824,5.155946216358193,89.56029641328487,13.295786409453108,1,blockage
2026-01-02 20:20:00,P-101,67.75708158088113,2.2743722158886666,5.095032941789464,85.68175168574348,13.31443160430928,1,blockage
2026-01-02 20:21:00,P-101,64.78109456558416,2.334975719931022,5.154599075658861,87.46859313961458,12.978466792930188,1,blockage
2026-01-02 20:22:00,P-101,66.87400921960736,2.1711154662182337,5.285413102879951,88.90181496021779,13.360968596904604,1,blockage
2026-01-02 20:23:00,P-101,67.18233045265491,2.077089016562385,5.142318361259413,85.30345621550524,12.99001298521868,1,blockage
2026-01-02 20:24:00,P-101,65.83629820024903,2.298597537357948,5.222023775444499,88.7615256826963,13.197646590233479,1,blockage
2026-01-02 20:25:00,P-101,66.5093456722341,2.2781687266753514,5.131765604762484,83.81092929615197,13.017600551124678,1,blockage
2026-01-02 20:26:00,P-101,65.36810348055742,2.227222686923465,5.297374120753856,90.24238674482731,13.618904805100104,1,blockage
2026-01-02 20:27:00,P-101,65.7135590176602,2.4704539548217506,5.233596329262553,86.33763725810833,13.501064644819973,1,blockage
2026-01-02 20:28:00,P-101,66.18967514696483,2.1313488308914574,5.182568611907627,90.21408009369632,13.095386003824277,1,blockage
2026-01-02 20:29:00,P-101,67.0363064629494,2.114396983191539,5.06314466251111,87.62006809133283,13.856557582193293,1,blockage
2026-01-02 20:30:00,P-101,67.30286010844627,2.283097820590511,5.040310713848147,85.52734001962693,14.015735641895933,1,blockage
2026-01-02 20:31:00,P-101,67.35815999042043,2.1250974928860287,5.199971269824547,88.53123157330273,13.613281275797295,1,blockage
2026-01-02 20:32:00,P-101,66.08006841801217,2.255967062980962,5.085327525493958,87.49755808269238,13.255008940526775,1,blockage
2026-01-02 20:33:00,P-101,67.4558924210859,2.137432512807555,5.4185043281327685,86.90090025504736,14.22119555163269,1,blockage
2026-01-02 20:34:00,P-101,65.78589583375528,2.1361316823953915,5.08672373390453,82.98163591422973,13.167372088341311,1,blockage
2026-01-02 20:35:00,P-101,66.72945440217124,2.424904880640234,5.090579183645829,82.80348594533874,13.384683978173145,1,blockage
2026-01-02 20:36:00,P-101,66.32505562052519,2.1582307971719956,5.1933856544177095,87.32028268188256,13.626141557869405,1,blockage
2026-01-02 20:37:00,P-101,66.63696752900908,2.119830708453409,5.1783721754095575,82.87428399967007,13.688452332902662,1,blockage
2026-01-02 20:38:00,P-101,66.58676193889771,2.3488025223768036,5.113176244471358,86.2660121326879,13.727685288328923,1,blockage
2026-01-02 20:39:00,P-101,64.9377282560574,2.070354777977046,5.166767950275965,85.6293832531133,13.414804069313544,1,blockage
2026-01-02 20:40:00,P-101,64.04962197922303,2.110461745671308,4.957445926592098,103.66982527920376,11.872298665779123,0,normal
2026-01-02 20:41:00,P-101,65.06804980823806,2.2674394165090845,4.993894629754942,101.6832365340546,11.965041640960104,0,normal
2026-01-02 20:42:00,P-101,63.568730303026726,2.302428566707252,5.172192912856535,101.60385856951412,11.79638391684914,0,normal
2026-01-02 20:43:00,P-101,65.71417019267646,2.3526073306943114,5.043250632173148,103.70156484484914,12.123003275291646,0,normal
2026-01-02 20:44:00,P-101,65.67541701996738,2.1076049110006503,5.12345859325343,102.88265541024276,11.94543061734216,0,normal
2026-01-02 20:45:00,P-101,65.14616327653282,2.257074395037157,5.068750285632549,102.8192177966298,11.711067085576456,0,normal
2026-01-02 20:46:00,P-101,64.26580091568252,2.164405531790806,5.120103614381386,103.09946225428078,12.406770314722149,0,normal
2026-01-02 20:47:00,P-101,66.04310545217447,2.1196956116136816,4.76663748364465,99.06346278521364,11.84748575269915,0,normal
2026-01-02 20:48:00,P-101,66.5464131585096,2.333966114716939,5.011858631001847,103.62152726937052,11.791611616837288,0,normal
2026-01-02 20:49:00,P-101,65.14050631857361,2.136909079573954,5.137629808906714,103.30589750546562,12.057112141542085,0,normal
2026-01-02 20:50:00,P-101,65.41550876008536,2.2342696086880633,4.954463884786384,100.02027506063308,12.017701143310909,0,normal
2026-01-02 20:51:00,P-101,65.0051983010031,2.1991454584534607,5.156376227959716,101.53783747701468,11.609518442915682,0,normal
2026-01-02 20:52:00,P-101,65.48049317023619,2.078534202219023,5.1379054225718965,101.9194210270475,12.140494547592866,0,normal
2026-01-02 20:53:00,P-101,64.82004640221132,2.3053928185818133,4.979477179694357,101.7007636984554,11.789233518781096,0,normal
2026-01-02 20:54:00,P-101,65.17475814285818,2.292534899083128,4.9858357966547455,102.6088878178454,12.50602383683306,0,normal
2026-01-02 20:55:00,P-101,65.83427019800045,1.9753571412758717,4.9666615879407265,104.77500553290844,12.274240294006436,0,normal
2026-01-02 20:56:00,P-101,66.88506862097684,2.2343616947809415,4.990098536843075,104.04660753921776,12.021423228649205,0,normal
2026-01-02 20:57:00,P-101,63.79617592087577,2.096772301449651,4.893684279390568,99.2291404524082,11.790582270992909,0,normal
2026-01-02 20:58:00,P-101,64.94326841220561,2.334938836735514,5.0649842031715995,103.06793087369591,12.065795999319972,0,normal
2026-01-02 20:59:00,P-101,64.17032966503159,2.0408892762384654,4.92803209641472,104.45158158824336,12.286745133043125,0,normal
2026-01-02 21:00:00,P-101,66.30151417958142,2.1607095463545236,5.073668369277776,102.53697279825582,12.069735651801372,0,normal
2026-01-02 21:01:00,P-101,64.55506989135806,2.246600479470364,5.089393085358407,103.91467896063874,12.063150667034948,0,normal
2026-01-02 21:02:00,P-101,63.91999256691853,2.2158399855404216,4.924367124973104,105.7263477387818,12.18638300486793,0,normal
2026-01-02 21:03:00,P-101,65.4947802572553,2.289583823077733,5.161165947923052,103.71804594167853,11.960576645441115,0,normal
2026-01-02 21:04:00,P-101,66.38678190188801,2.016705987940577,5.06246674586808,102.13780023148624,11.978332525233828,0,normal
2026-01-02 21:05:00,P-101,65.36667093895538,2.3777038009374327,5.096952415046654,103.69765733310648,11.589481610266944,0,normal
2026-01-02 21:06:00,P-101,65.2835945195837,2.277986886274364,4.957959779437354,101.86529955607767,12.299390544395424,0,normal
2026-01-02 21:07:00,P-101,65.37628601250795,2.3692878448460015,5.065701576356994,101.59112468791444,12.122433185717874,0,normal
2026-01-02 21:08:00,P-101,66.06422343945886,2.2964526839577912,5.098191887312563,100.80804113347982,11.830877272996036,0,normal
2026-01-02 21:09:00,P-101,64.54577418703191,2.229248486645799,5.038161415502717,104.6050087423091,12.612834007608082,0,normal
2026-01-02 21:10:00,P-101,64.91692480905525,2.046696526231197,5.158237833644081,99.80840369042114,12.016006230810731,0,normal
2026-01-02 21:11:00,P-101,64.58795569094508,2.126137094469245,5.048293643251557,104.47684724585224,11.875269524381768,0,normal
2026-01-02 21:12:00,P-101,64.17992311026583,2.4050245194559077,5.11504754232965,102.37846782934524,12.285538390247972,0,normal
2026-01-02 21:13:00,P-101,64.75966306170147,2.3690479424531308,5.008906077567355,98.54653729866622,12.0559081730873,0,normal
2026-01-02 21:14:00,P-101,65.95019462596561,2.1336502210350137,5.067308181487906,102.04664588593565,12.160044372949123,0,normal
2026-01-02 21:15:00,P-101,65.37563357656173,1.852097467886682,4.837066267183138,97.07728485939197,11.80587964461886,0,normal
2026-01-02 21:16:00,P-101,65.59042768578406,2.183849642595574,5.054625726823648,102.49414277664192,12.187448214243766,0,normal
2026-01-02 21:17:00,P-101,65.12675484757797,2.166672448206421,4.970993814630609,102.979182273119,12.023935895638296,0,normal
2026-01-02 21:18:00,P-101,65.47412608041795,2.176960668334538,4.93218222642986,99.9894090892075,12.138667635587684,0,normal
2026-01-02 21:19:00,P-101,64.18567047286217,2.24169254756235,5.153392581542044,101.38643267847657,11.565356866851635,0,normal
2026-01-02 21:20:00,P-101,64.76915700726695,2.3072411240196917,5.033025265410558,105.01268852555462,12.041912290021845,0,normal
2026-01-02 21:21:00,P-101,65.32651180608715,2.3404494977159693,4.920313275798119,100.05774222761586,12.432271041280526,0,normal
2026-01-02 21:22:00,P-101,65.13229930471041,2.242270924016856,4.960430605705393,98.91611359541034,11.775716544012235,0,normal
2026-01-02 21:23:00,P-101,65.24330787945011,1.9823022152083605,4.935581836071189,103.96178543849418,11.96789398878153,0,normal
2026-01-02 21:24:00,P-101,64.9031917030677,2.160788523161905,5.163590809560533,104.88800521048324,12.034649821702002,0,normal
2026-01-02 21:25:00,P-101,64.58779397342872,2.4627073608175256,4.953689963734885,100.93444232682054,11.724331735832456,0,normal
2026-01-02 21:26:00,P-101,67.34035755859918,2.221673574696766,5.071484502870972,102.9140508155478,11.535351330409371,0,normal
2026-01-02 21:27:00,P-101,65.74482729391521,2.2465630326594264,5.143868633321543,103.53800961847168,12.048493688923248,0,normal
2026-01-02 21:28:00,P-101,65.33611057126797,2.243837386586097,4.953326658917574,99.33388734147522,12.013981476264671,0,normal
2026-01-02 21:29:00,P-101,64.80592564875863,2.2489071106161864,5.040680923063162,99.81191284813396,11.981231118309356,0,normal
2026-01-02 21:30:00,P-101,64.66303090650376,1.9170272842770468,4.949671302485686,103.20781868780404,12.06001492014715,0,normal
2026-01-02 21:31:00,P-101,64.94861791868533,2.177914381179034,5.236456821013977,104.0795255484882,12.133145984167244,0,normal
2026-01-02 21:32:00,P-101,65.35813011006279,2.210936239583817,5.092896150801298,101.79857400319683,12.309667587983595,0,normal
2026-01-02 21:33:00,P-101,63.463123657629765,2.349713459520437,4.973355411126756,98.87639262276204,11.918680232200558,0,normal
2026-01-02 21:34:00,P-101,63.74195909197083,2.205404593388498,4.983905823178304,104.57325216494212,11.993676920676446,0,normal
2026-01-02 21:35:00,P-101,64.45638396613762,1.998154868268866,4.985882297254163,99.50020214813324,11.914724693221975,0,normal
2026-01-02 21:36:00,P-101,65.22190374877353,2.2586347236594446,4.971349238357708,99.85479361458292,12.14048049837668,0,normal
2026-01-02 21:37:00,P-101,64.9638552161076,2.122950258939507,5.167961435965599,101.1725871645639,12.38818433457273,0,normal
2026-01-02 21:38:00,P-101,66.16239057826817,2.051472422743803,4.9375471983107255,103.5589976087918,11.94973399347146,0,normal
2026-01-02 21:39:00,P-101,63.849431823008175,2.104319570969609,5.031997342114799,102.12132282515836,12.088373131511972,0,normal
2026-01-02 21:40:00,P-101,64.4472281369279,2.2711385716360666,5.010590261683471,101.20573070141675,12.120761281526493,0,normal
2026-01-02 21:41:00,P-101,66.13199734669827,2.340541843009383,5.003258638120977,101.26514621485668,11.789809884763494,0,normal
2026-01-02 21:42:00,P-101,65.1115945502435,2.258788979734233,4.9951918124233385,100.38811448184056,12.016747726258448,0,normal
2026-01-02 21:43:00,P-101,65.577864671931,2.2595916125453006,5.0045126613772535,101.37983261868924,11.674976514225154,0,normal
2026-01-02 21:44:00,P-101,66.40609484737597,2.2274025943356106,5.02151388791852,95.16686026119518,11.412743231901006,0,normal
2026-01-02 21:45:00,P-101,64.47677298615315,2.2161363262825824,5.044670322123878,99.59515664044837,12.079541301186516,0,normal
2026-01-02 21:46:00,P-101,64.88976157752577,2.279783307165456,5.039846697153552,100.63337682437287,11.923032619398487,0,normal
2026-01-02 21:47:00,P-101,64.77601902858667,1.9089920126180913,4.735391274836086,97.8110423807708,11.984901373328428,0,normal
2026-01-02 21:48:00,P-101,63.444712541775985,2.2143789703269054,5.032463959152584,100.84803692195314,12.020967363406506,0,normal
2026-01-02 21:49:00,P-101,64.64958762026097,2.06184712875355,4.863836407963172,99.6287556776778,11.744762658164383,0,normal
2026-01-02 21:50:00,P-101,65.74245573646766,2.3442490570256895,5.086815127017176,103.510951396631,12.094014966407846,0,normal
2026-01-02 21:51:00,P-101,65.34646159891767,2.1715901090574605,5.149043202713438,103.10834133077968,11.784974913669677,0,normal
2026-01-02 21:52:00,P-101,65.62227975421575,2.219590422930308,4.915830856747252,98.99299857543366,12.31753304676336,0,normal
2026-01-02 21:53:00,P-101,64.55901882934869,2.0018196268220794,4.974910082501151,99.5852540288568,11.648565034650714,0,normal
2026-01-02 21:54:00,P-101,64.45196014706956,2.319124448665801,4.949065262738199,99.70137191424392,11.942094839685172,0,normal
2026-01-02 21:55:00,P-101,65.89807709258328,2.260613443815906,5.087917636951472,98.90830948909284,11.706681387660971,0,normal
2026-01-02 21:56:00,P-101,64.66115723486762,2.2742101148750793,5.009242926336491,100.16406955147248,12.147527379884371,0,normal
2026-01-02 21:57:00,P-101,65.18076108117728,2.095624189007582,5.120465173171032,98.2198822725726,11.863738625356802,0,normal
2026-01-02 21:58:00,P-101,65.04805328280678,2.0968364108905164,5.007477178091505,97.43768418557131,11.793463845661837,0,normal
2026-01-02 21:59:00,P-101,66.26557600702901,2.238857233786423,5.028464547382667,100.90685329318008,12.240505985058292,0,normal
2026-01-02 22:00:00,P-101,65.79066965891865,2.1183526623678293,5.014287137285733,100.88305946775073,12.033849431951907,0,normal
2026-01-02 22:01:00,P-101,63.99119351936341,2.2556122075084195,5.045219344026848,97.97799760862613,12.068501039742776,0,normal
2026-01-02 22:02:00,P-101,63.96790528205818,1.9304339646027695,4.874385445082002,101.34003409416292,11.794869538695522,0,normal
2026-01-02 22:03:00,P-101,65.30163335661557,2.1213078410012423,4.989316846902488,98.24893304608467,11.596263755400663,0,normal
2026-01-02 22:04:00,P-101,64.95902581389048,2.4169224073254063,4.994208897493264,99.98126129915012,12.026239829484538,0,normal
2026-01-02 22:05:00,P-101,64.61692046626513,2.2503705360380093,5.068818946987299,101.07854408146775,11.952644733570349,0,normal
2026-01-02 22:06:00,P-101,65.86714951358955,2.2268461405429676,4.97832032082057,99.33364492904931,12.136618015984968,0,normal
2026-01-02 22:07:00,P-101,65.14525818633906,2.4376385193640555,4.919635850212147,100.27346049451612,11.988226701669843,0,normal
2026-01-02 22:08:00,P-101,65.04200538458754,1.9196905001283255,4.983531338287344,98.29432842937672,12.00009868768996,0,normal
2026-01-02 22:09:00,P-101,65.44829549771478,2.0802167393642703,4.902348456111259,98.89756984207264,11.561081462776867,0,normal
2026-01-02 22:10:00,P-101,64.87486303572751,2.173727998350609,4.834401137760449,98.84221147674477,12.437375579205908,0,normal
2026-01-02 22:11:00,P-101,66.21108281533144,2.297535601329822,5.035412986399338,97.72431878804984,11.890669067383486,0,normal
2026-01-02 22:12:00,P-101,64.42525174885411,2.3120399945174532,5.034600884487738,98.82759586721647,12.139224618601297,0,normal
2026-01-02 22:13:00,P-101,65.39450655343005,2.0796996074666336,4.997844331668112,96.0477056148626,11.672408250890973,0,normal
2026-01-02 22:14:00,P-101,66.15538607428142,2.3207944940763,5.085499951365512,98.12656776098468,12.020799508383876,0,normal
2026-01-02 22:15:00,P-101,63.74991750859148,2.1330714654225393,4.931829429077045,98.50319803013583,11.629384750022888,0,normal
2026-01-02 22:16:00,P-101,64.75283635913107,2.3488348175545277,4.8707589652341765,98.5248096655876,12.068761249532546,0,normal
2026-01-02 22:17:00,P-101,65.86039106356613,2.0694110198825646,4.979583082602251,98.51854647468949,11.866562873144224,0,normal
2026-01-02 22:18:00,P-101,65.91482520254745,2.18383130365739,4.96062540433109,98.8425428307562,11.972573910906576,0,normal
2026-01-02 22:19:00,P-101,64.9312766915028,2.149739068631488,4.931512816658718,99.8896474000324,12.171182929533495,0,normal
2026-01-02 22:20:00,P-101,64.29674501981901,2.3122838814329487,5.000058672623086,100.644660490211,11.71120473690126,0,normal
2026-01-02 22:21:00,P-101,65.66703307192019,2.1250518057690067,4.926682910901014,97.56113225973806,11.755711035138942,0,normal
2026-01-02 22:22:00,P-101,65.94960543763848,2.1952519459652393,4.817314350218554,96.41947728871013,12.006915388932994,0,normal
2026-01-02 22:23:00,P-101,64.23857777106524,2.2821059239539596,4.931777783420227,96.70719186837282,12.425771124687872,0,normal
2026-01-02 22:24:00,P-101,63.99645045633631,2.2603786899018115,4.886914660809994,97.7824674146303,11.89895343877354,0,normal
2026-01-02 22:25:00,P-101,65.21554479125534,2.3108517436053377,4.998720040625591,98.01881948967176,12.088348614171135,0,normal
2026-01-02 22:26:00,P-101,65.45857528656909,2.2197208206996075,4.9190038250172705,97.14866056765229,11.887716949564949,0,normal
2026-01-02 22:27:00,P-101,64.90772069557035,2.168182125635719,5.049556688163586,96.06261702323012,12.36743990938598,0,normal
2026-01-02 22:28:00,P-101,65.3412211144476,2.1327594078646652,5.105399473013301,97.70901876318716,11.4944651461543,0,normal
2026-01-02 22:29:00,P-101,64.42876171632182,2.2026895530488786,5.043857924278273,98.95074144373196,11.9921775044793,0,normal
2026-01-02 22:30:00,P-101,63.1426282922972,2.2092489935734494,4.873365884534994,99.744797909366,11.585957928890464,0,normal
2026-01-02 22:31:00,P-101,64.37910564750992,2.147117715430187,5.094485398601708,97.40697186913847,11.295566263439976,0,normal
2026-01-02 22:32:00,P-101,65.05228953953193,2.2025173883060476,5.10268898353796,97.66313475080588,12.00425955580363,0,normal
2026-01-02 22:33:00,P-101,64.75251722906911,2.014578186354632,4.967536088714244,96.60328478096083,11.93297299246569,0,normal
2026-01-02 22:34:00,P-101,64.02497286853058,2.2740645690668337,5.089450070520509,98.36159776936655,11.879638698645447,0,normal
2026-01-02 22:35:00,P-101,63.49720935845314,2.2154495420612568,4.922822612423079,96.6956623466814,11.874321347890504,0,normal
2026-01-02 22:36:00,P-101,64.89264377094815,2.358213801430241,4.845771051074829,99.5070725862796,12.759787036106202,0,normal
2026-01-02 22:37:00,P-101,65.62939878551666,2.1889285319134584,4.8867536465769446,94.75764016666722,11.77818542049216,0,normal
2026-01-02 22:38:00,P-101,66.02691759334853,1.994137245804584,5.114133407360729,97.5789338077148,12.054899104543964,0,normal
2026-01-02 22:39:00,P-101,65.87166818416678,2.1471736418902005,4.869408571792249,98.86949656811667,11.803743692140031,0,normal
2026-01-02 22:40:00,P-101,66.38439815119658,2.2432903509685143,4.986004835312195,98.6043132757676,12.255119278112925,1,overheating
2026-01-02 22:41:00,P-101,65.97139253365238,2.3243480041638622,5.038655035255101,103.59235237878843,12.409420351790228,1,overheating
2026-01-02 22:42:00,P-101,67.64239022837609,1.9940187695905194,4.947720152043095,98.875809156052,12.220378243663989,1,overheating
2026-01-02 22:43:00,P-101,68.03002100282374,2.3361533523952995,4.925901391683481,96.13831196704498,12.65950571871568,1,overheating
2026-01-02 22:44:00,P-101,67.56727960794993,2.3750711291709474,4.985039904958394,97.92599742194976,12.67831742119212,1,overheating
2026-01-02 22:45:00,P-101,65.57513280910553,2.1772233499946605,4.900379366283432,94.53523536382104,12.15034243425322,1,overheating
2026-01-02 22:46:00,P-101,66.42691872868494,2.2281392652488154,4.865211646393547,97.89763261669816,11.622509041221493,1,overheating
2026-01-02 22:47:00,P-101,67.33538660488446,2.168390139341019,4.980843861622873,96.3641306187396,12.121182445011867,1,overheating
2026-01-02 22:48:00,P-101,68.19279176678305,2.2143937491737553,5.084196776083774,99.83274494881758,13.038890154533835,1,overheating
2026-01-02 22:49:00,P-101,68.30716154823543,2.1627349517349623,5.038315011756732,96.87492102644586,12.242929416535848,1,overheating
2026-01-02 22:50:00,P-101,67.74666508310375,2.1673551247078646,4.912349431115049,97.71282685062344,12.581322629997448,1,overheating
2026-01-02 22:51:00,P-101,67.89938298735927,2.294972841840069,4.866381010767314,96.64792439975278,12.678515010701968,1,overheating
2026-01-02 22:52:00,P-101,67.62425178824192,2.1785741465975783,4.990962497370719,101.36975279431012,12.427070311265918,1,overheating
2026-01-02 22:53:00,P-101,68.0837829497425,2.146378268101184,5.097652395145016,97.22290743613632,12.20804756477917,1,overheating
2026-01-02 22:54:00,P-101,67.8183046498475,2.4194707225229184,5.0666897164397104,101.50418701229468,11.855419089630956,1,overheating
2026-01-02 22:55:00,P-101,68.18408054397136,2.420222540888156,5.050731150563261,99.44139764197227,12.654231873711758,1,overheating
2026-01-02 22:56:00,P-101,67.53812753881785,1.9777883679494257,5.058704497168802,98.75159410259626,12.221194495053396,1,overheating
2026-01-02 22:57:00,P-101,68.05985288409951,2.114247903747542,5.018657753585112,98.49964285836248,12.47706500326443,1,overheating
2026-01-02 22:58:00,P-101,68.26833486273064,2.267993617599994,4.994897088351328,98.5248404542242,12.136969836429394,1,overheating
2026-01-02 22:59:00,P-101,68.33863015859716,2.307734078852678,4.991557824814582,93.85732730827444,12.24462737811147,1,overheating
2026-01-02 23:00:00,P-101,68.71607375940071,2.117776215266629,4.92761364649627,97.13069348337112,12.438129123691866,1,overheating
2026-01-02 23:01:00,P-101,69.22579427453252,2.3776511445721655,4.88039224946737,99.35492903766756,12.613621367566134,1,overheating
2026-01-02 23:02:00,P-101,68.26560082736157,2.363767088467792,5.033273158136365,97.54334033664196,12.154322642304002,1,overheating
2026-01-02 23:03:00,P-101,67.97360995534979,2.3138458022850106,5.047095539564431,94.80764911044936,12.689794904313562,1,overheating
2026-01-02 23:04:00,P-101,69.06599741840301,2.3964031502944296,4.885446346293842,97.49049014423242,12.282765094334849,1,overheating
2026-01-02 23:05:00,P-101,67.3970238164119,2.311325469051524,5.075565319087134,100.98116004938612,12.218743456637013,1,overheating
2026-01-02 23:06:00,P-101,67.67558818202619,2.322103747631458,5.134908913860234,100.0447656789179,12.463883324088558,1,overheating
2026-01-02 23:07:00,P-101,68.73583970558916,2.3861675305545464,4.973874245743257,97.40539418838264,12.578052585211854,1,overheating
2026-01-02 23:08:00,P-101,69.08792489636863,2.427566594378542,4.928670933785948,99.41111085652874,12.568172472772924,1,overheating
2026-01-02 23:09:00,P-101,67.88616824748212,2.20258010335981,4.977385512273515,96.75440183913749,12.714280675284767,1,overheating
2026-01-02 23:10:00,P-101,68.40613102937246,2.2953498395109064,4.896550013042349,94.05927304984051,12.336175032016024,1,overheating
2026-01-02 23:11:00,P-101,68.27704365527067,2.1740638437710182,4.906642436987056,95.5980845783568,12.371858076113815,1,overheating
2026-01-02 23:12:00,P-101,68.45776464726993,2.3123594432897554,5.0401867010660775,100.55319756843544,12.374782748481582,1,overheating
2026-01-02 23:13:00,P-101,69.81931880062082,2.3205611179803385,4.8403040778452375,96.8602435847629,12.664193307797856,1,overheating
2026-01-02 23:14:00,P-101,69.6490353862565,2.0651326523567577,4.853512493973035,96.9026807772414,12.52765250612869,1,overheating
2026-01-02 23:15:00,P-101,68.97547239878214,2.205136584364335,4.969257306103102,96.77140356731864,12.294889313617768,1,overheating
2026-01-02 23:16:00,P-101,68.41727852471398,2.2589978862813482,5.009829311885417,101.16139949984117,12.150522274246075,1,overheating
2026-01-02 23:17:00,P-101,68.19697216422165,2.2517634628230963,5.03335945100603,100.58750848428348,12.86114364496036,1,overheating
2026-01-02 23:18:00,P-101,70.34379042691958,2.2913612524606872,5.1675783930230965,101.75603619444249,12.28743578606961,1,overheating
2026-01-02 23:19:00,P-101,69.50185435200828,2.323673868897175,4.978198061131073,96.9836938245008,12.45288581201442,1,overheating
2026-01-02 23:20:00,P-101,68.76774219141322,2.270774251730354,5.026621450227745,97.87676782009612,12.72746755163777,1,overheating
2026-01-02 23:21:00,P-101,69.67510294960289,2.167893279962036,4.864321335041864,94.23639698910344,12.216771020466535,1,overheating
2026-01-02 23:22:00,P-101,69.19282231177078,2.4321172062112772,5.063516466425061,100.2081453343738,12.247000245614352,1,overheating
2026-01-02 23:23:00,P-101,69.09954389422494,2.2203984498729756,4.906926184344811,94.90374535536652,11.994275441845156,1,overheating
2026-01-02 23:24:00,P-101,69.92142975409296,2.268725627690696,4.982296861676707,97.6583195070219,12.799656088813153,1,overheating
2026-01-02 23:25:00,P-101,68.86133908646127,2.0871496477757776,4.941452764865163,95.01606548706955,12.343417699294143,1,overheating
2026-01-02 23:26:00,P-101,69.42702357550844,2.322302472529681,5.04283073398465,96.01927951915278,13.410194743507805,1,overheating
2026-01-02 23:27:00,P-101,69.71061024537251,2.3052772695754107,4.85029461129939,95.50927356493898,12.385786874177523,1,overheating
2026-01-02 23:28:00,P-101,69.27139259472737,2.3724324750184054,4.776893687940495,95.95527787096977,12.360354185538284,1,overheating
2026-01-02 23:29:00,P-101,70.48242419463308,2.2530738190378283,4.9437299810201445,96.08045967871782,12.47685591331973,1,overheating
2026-01-02 23:30:00,P-101,71.28333806042005,2.0277550250986733,4.997985429165054,96.05029286126438,12.697833392782952,1,overheating
2026-01-02 23:31:00,P-101,69.26652738076652,2.0526222901064672,5.000202291957807,98.80207418932068,12.475906033055049,1,overheating
2026-01-02 23:32:00,P-101,68.66006085141987,2.3406125646282416,5.047723429461342,94.91470904682282,12.746453175624964,1,overheating
2026-01-02 23:33:00,P-101,68.47969076043513,2.127187146434611,5.010539812327068,97.55499983926948,12.410704095965611,1,overheating
2026-01-02 23:34:00,P-101,69.80045749881717,2.314339898318046,4.950289867332324,99.5397733881113,12.359179084091977,1,overheating
2026-01-02 23:35:00,P-101,69.40885512290669,2.2205193222842103,4.774644965544699,96.06785778758731,12.202957803354085,1,overheating
2026-01-02 23:36:00,P-101,70.15454318718457,2.1489610063473634,4.93750769146199,95.64926701976076,12.217648191865065,1,overheating
2026-01-02 23:37:00,P-101,70.28288421506548,2.2140403833539173,5.048390421493421,96.61537013127976,12.612457711884888,1,overheating
2026-01-02 23:38:00,P-101,68.93068567862997,2.1865552682777123,4.962912637846799,99.42764604601685,12.687237614528144,1,overheating
2026-01-02 23:39:00,P-101,68.83838332774229,2.261893341909036,4.976752122141761,97.44865010475397,12.622740023279775,1,overheating
2026-01-02 23:40:00,P-101,70.85953301686928,2.1789298609851744,4.9936159169305245,95.99070965859872,13.106179634870164,1,overheating
2026-01-02 23:41:00,P-101,70.55881652069671,2.207222954523647,4.898917213047899,98.01406029878846,13.143413711454379,1,overheating
2026-01-02 23:42:00,P-101,70.11149152749262,2.1895810625568783,4.998212450408141,94.83535786770356,12.614304899972785,1,overheating
2026-01-02 23:43:00,P-101,68.98024728315903,2.260270378884088,5.114937381066858,98.39676378667215,12.322834276741105,1,overheating
2026-01-02 23:44:00,P-101,71.0835676791904,2.3618038100045795,4.964633235231663,97.84583033831358,12.702680639547397,1,overheating
2026-01-02 23:45:00,P-101,71.43418318138836,2.234440640917874,4.8737552357912035,96.4080389537788,12.641844310348011,1,overheating
2026-01-02 23:46:00,P-101,70.79319943881936,2.3885515886906097,4.948091862553698,95.3419944715455,12.634497813360795,1,overheating
2026-01-02 23:47:00,P-101,70.05687153962228,2.425847460287979,4.7744671223561825,95.24178510448918,12.614605021336983,1,overheating
2026-01-02 23:48:00,P-101,71.0085508540547,2.33377565832345,5.007764599570752,98.0812338452623,12.744576099915449,1,overheating
2026-01-02 23:49:00,P-101,69.78454210082032,2.3026136849932444,5.030846793253849,99.46648430419629,12.766637417521105,1,overheating
2026-01-02 23:50:00,P-101,71.65230794198608,2.2727245201013924,5.091363946714221,95.7313043206576,12.71235066341086,1,overheating
2026-01-02 23:51:00,P-101,71.33139711473483,2.3522112531544606,4.963686041967519,97.92056253728492,12.93066740360712,1,overheating
2026-01-02 23:52:00,P-101,69.46295242746125,2.2762989002067804,4.960959602500458,92.82807754487408,12.937424841224257,1,overheating
2026-01-02 23:53:00,P-101,70.5127476798837,2.3520712624555555,4.889414071517485,95.8317119708357,12.55277426128205,1,overheating
2026-01-02 23:54:00,P-101,71.72899677623197,2.356967394028788,4.940867020374461,96.93811900164675,13.28576393227272,1,overheating
2026-01-02 23:55:00,P-101,70.78962866283982,2.184917818279143,4.829791496727387,95.18063316603632,12.58683502855401,1,overheating
2026-01-02 23:56:00,P-101,70.76559603687497,2.332329489825842,4.935689071475435,95.12722411780936,12.383699211382567,1,overheating
2026-01-02 23:57:00,P-101,70.47761942437225,2.1992893885522267,4.932229150910638,95.66538831921233,12.91840149838703,1,overheating
2026-01-02 23:58:00,P-101,71.81482424102474,2.2509161632055137,4.999801151674421,97.58651703873096,12.695161879573012,1,overheating
2026-01-02 23:59:00,P-101,70.90521392449244,2.202210595053583,4.916403560507081,96.6291310933692,13.004646757274537,1,overheating
2026-01-03 00:00:00,P-101,62.9448303264627,2.17867059025329,4.93196220155866,92.52945734806524,11.174966570166823,0,normal
2026-01-03 00:01:00,P-101,64.75544517353936,2.326131897609019,4.901000825490867,92.76712299394802,12.131127675189209,0,normal
2026-01-03 00:02:00,P-101,65.80172353906259,2.308773271496954,4.9314587371046,95.79786881685614,12.042009416515786,0,normal
2026-01-03 00:03:00,P-101,64.5155750292577,2.2205470790122823,4.985734187288675,97.9305201211632,11.562796466344146,0,normal
2026-01-03 00:04:00,P-101,66.14080015231006,2.24075875741341,4.918483399215256,91.5241563829895,11.376030410528111,0,normal
2026-01-03 00:05:00,P-101,65.4626912957736,2.3675432320995564,5.021135878561664,96.02419554375332,12.29879234233698,0,normal
2026-01-03 00:06:00,P-101,65.148981979593,2.1667509762805848,4.950109757368366,95.9761200098752,11.694938624421766,0,normal
2026-01-03 00:07:00,P-101,64.81159154625908,2.0554383694505223,4.970116375292191,99.81072032220315,11.785775397482938,0,normal
2026-01-03 00:08:00,P-101,64.67400460690104,2.3222147789004888,4.948234389832528,96.26989854395067,11.3215839327812,0,normal
2026-01-03 00:09:00,P-101,64.72793069093497,2.128760309635136,4.920949720311663,97.81228496589424,11.846673997576438,0,normal
2026-01-03 00:10:00,P-101,64.70344035518626,2.110316408805268,4.944563637794555,97.33565252798886,11.863139672130728,0,normal
2026-01-03 00:11:00,P-101,65.40983466192947,1.982598885894322,5.090485715878187,92.79930188323286,11.962852330689357,0,normal
2026-01-03 00:12:00,P-101,64.0946824940998,2.248972401121248,4.91303179976992,98.60461006255888,11.608368694830649,0,normal
2026-01-03 00:13:00,P-101,63.95734280650717,1.9826829187395552,4.9527796172151834,97.50721239255286,11.545144673716432,0,normal
2026-01-03 00:14:00,P-101,64.12375992774462,2.1127584391326057,4.950017327744477,98.10164208060516,12.055789921112272,0,normal
2026-01-03 00:15:00,P-101,66.79655735641828,2.2905926301263757,5.029693530315315,104.94672592948676,12.40008429569137,0,normal
2026-01-03 00:16:00,P-101,65.18238663667871,2.256394589706786,4.902857147334759,92.935629204503,11.39528078835562,0,normal
2026-01-03 00:17:00,P-101,65.35850489339126,2.1361593937197045,5.027972310945319,100.56331028476396,12.287277830117851,0,normal
2026-01-03 00:18:00,P-101,64.1163369230437,2.1791951831707173,4.828681387830128,96.54953959414716,11.90587164819612,0,normal
2026-01-03 00:19:00,P-101,65.58037514454212,2.105501319831544,5.060074359548222,97.71006417456609,12.204253260005643,0,normal
2026-01-03 00:20:00,P-101,64.86439055821172,2.128898339884456,5.0211646835764965,97.05580596051206,11.89411908843596,0,normal
2026-01-03 00:21:00,P-101,64.87483015017524,2.1948827058770792,4.863672597297146,96.31023241821968,11.258737493174603,0,normal
2026-01-03 00:22:00,P-101,64.15588335950767,2.131949850069241,4.778787443522247,96.03136253584388,11.842949030496309,0,normal
2026-01-03 00:23:00,P-101,65.2083432585794,2.180710216759587,4.900262387290532,97.8428158981844,12.20032043161335,0,normal
2026-01-03 00:24:00,P-101,64.50151055687789,2.004307371636276,4.922213340878699,94.1626657792868,11.601443468607677,0,normal
2026-01-03 00:25:00,P-101,64.33325652401365,2.329172920981462,5.19354164066905,98.71182887737876,11.8643636240945,0,normal
2026-01-03 00:26:00,P-101,65.52638027312742,2.25359489174073,5.007384352895203,96.39237956972612,11.847738011204038,0,normal
2026-01-03 00:27:00,P-101,63.41963235454701,2.2513734697918406,4.8051844858637,94.97916577982168,11.12449650342753,0,normal
2026-01-03 00:28:00,P-101,65.57520677818881,2.3702742597962105,4.908370067269381,96.3542507661456,12.308464416843735,0,normal
2026-01-03 00:29:00,P-101,65.45485910511272,2.089383229718305,4.993582810314862,99.78398052167016,11.768175495675813,0,normal
2026-01-03 00:30:00,P-101,64.30143678682913,2.1576366279454016,4.982443171029543,96.2148486685695,12.012879318175283,0,normal
2026-01-03 00:31:00,P-101,64.31129141525984,1.9685641489108625,4.875007005992368,98.01869148172013,11.918885460414552,0,normal
2026-01-03 00:32:00,P-101,64.8976201187362,2.5863558321809332,4.947766413522988,95.85656317611526,12.190101659373298,0,normal
2026-01-03 00:33:00,P-101,65.25245179285346,2.185402615222376,4.931103212525223,98.8514343534066,12.06705706120922,0,normal
2026-01-03 00:34:00,P-101,64.83891328097583,2.319797007293191,4.89894073297457,98.72414179827555,11.902993186068024,0,normal
2026-01-03 00:35:00,P-101,65.27031803041912,2.041854170462946,5.031450628000528,101.06829762646124,11.808670155664016,0,normal
2026-01-03 00:36:00,P-101,66.45462864230805,2.3250972261119274,5.032293382325356,97.03832084499298,12.110612300695324,0,normal
2026-01-03 00:37:00,P-101,64.39142892658002,2.3976111979354333,5.054738695736303,98.7455393579373,11.494005854749464,0,normal
2026-01-03 00:38:00,P-101,63.66392772679082,2.1972752730358365,5.022186459195679,97.62355511049694,12.09017925838388,0,normal
2026-01-03 00:39:00,P-101,65.55129951268914,2.0650143011923254,4.960598038532198,100.03876011834195,11.72640161566154,0,normal
2026-01-03 00:40:00,P-101,66.42423224431701,2.1930420048334085,5.017457495399845,96.0293514482765,12.193951458937455,0,normal
2026-01-03 00:41:00,P-101,65.31807376277472,1.933271001046859,5.014498620104624,98.97742650562812,12.00964768083452,0,normal
2026-01-03 00:42:00,P-101,64.15963924902422,2.199183369540774,4.981903527737953,97.1188177101792,12.074595473267904,0,normal
2026-01-03 00:43:00,P-101,64.8778973010291,2.2956424556697153,4.925074808792834,97.40102585289772,11.942527979043112,0,normal
2026-01-03 00:44:00,P-101,63.90275734971755,2.170406099811034,4.937594781980129,97.7344872167452,11.493940342717108,0,normal
2026-01-03 00:45:00,P-101,65.40514063654757,2.152260283609475,4.986685252987249,98.07742980972851,11.72714060344302,0,normal
2026-01-03 00:46:00,P-101,63.95456070311211,2.2677573020923014,5.1688183669502745,97.36284095914344,12.088982563177147,0,normal
2026-01-03 00:47:00,P-101,64.7531320143182,2.271637362106541,5.004573950111286,98.04745517039754,11.983087609451887,0,normal
2026-01-03 00:48:00,P-101,64.32419717932001,2.016769762543771,4.959078628007123,100.79737081871453,12.319168600887853,0,normal
2026-01-03 00:49:00,P-101,65.13741335401004,2.2151529562112136,4.929763969067738,99.63551246652936,12.089884014755173,0,normal
2026-01-03 00:50:00,P-101,64.60337770269952,2.479374595458726,4.954926365554168,99.42676945666643,11.741127611024329,0,normal
2026-01-03 00:51:00,P-101,65.02342238980717,2.025049638923106,5.142199409953104,96.80159341491792,11.70503176801738,0,normal
2026-01-03 00:52:00,P-101,64.97967735344145,2.1849743537435753,4.927647110337673,95.95876420133504,11.90449227367086,0,normal
2026-01-03 00:53:00,P-101,63.97534170338313,2.4035931503415076,5.069277419570852,99.67277768020294,11.41167231390606,0,normal
2026-01-03 00:54:00,P-101,65.66332049018133,2.352728373705006,4.965321282692142,99.53955423298508,12.404547098395298,0,normal
2026-01-03 00:55:00,P-101,65.01426337779412,2.145051885715449,5.028479117994747,100.75843546923772,12.13318974817152,0,normal
2026-01-03 00:56:00,P-101,64.29145359349295,2.23502084552792,5.029650738654676,96.63111167339784,12.205691999464152,0,normal
2026-01-03 00:57:00,P-101,66.60355639877554,2.1760984926281837,4.928310728591721,97.40629565765146,11.527037884527251,0,normal
2026-01-03 00:58:00,P-101,65.44095763059585,2.1177080706341695,4.894841885323304,94.61308176555258,12.149533743055391,0,normal
2026-01-03 00:59:00,P-101,65.06615062282862,2.214684630294337,5.104050554260825,97.13409787043985,12.471897663870132,0,normal
2026-01-03 01:00:00,P-101,65.9993497822642,2.1498023341760595,5.078162428625392,99.93949970337282,11.667965402256856,0,normal
2026-01-03 01:01:00,P-101,66.51508479680584,2.218733911231278,5.033663893667064,97.04101081718052,12.104080773241355,0,normal
2026-01-03 01:02:00,P-101,64.8752265444748,2.1091322786078157,5.055811343330823,99.2829239880989,11.97876520581479,0,normal
2026-01-03 01:03:00,P-101,65.09526544257193,2.023974247648656,5.0132584042723405,97.64923652074548,11.543368633560304,0,normal
2026-01-03 01:04:00,P-101,64.24336949684366,2.199267776098666,5.148491526771353,98.70694617173478,12.08442937811501,0,normal
2026-01-03 01:05:00,P-101,64.9151142628828,2.4099227441186044,4.961436116661399,95.79234525112258,12.082171158743014,0,normal
2026-01-03 01:06:00,P-101,64.76008543950996,2.1997812864662687,5.02905443753003,98.2873448153957,11.79833870629466,0,normal
2026-01-03 01:07:00,P-101,65.17042306954998,2.163028926859796,4.805568457901754,92.16414921892756,12.056403606631632,0,normal
2026-01-03 01:08:00,P-101,65.0731610437178,2.2663593792056433,4.912027312978624,97.80241679059222,11.517381652020466,0,normal
2026-01-03 01:09:00,P-101,65.23773120717824,2.15473520250303,4.853387865647169,94.94533856339716,11.474671120289504,0,normal
2026-01-03 01:10:00,P-101,65.21155746391344,2.4268443683542773,5.108411419443454,100.6486332762162,12.053608347183674,0,normal
2026-01-03 01:11:00,P-101,64.03180958563703,2.1995809597521374,4.794017753790962,99.82209659526222,12.001009217350934,0,normal
2026-01-03 01:12:00,P-101,64.16834738796334,2.2739497816485064,4.960130549345301,99.2315351165519,11.79780268139053,0,normal
2026-01-03 01:13:00,P-101,64.66028997528451,2.1216244829697373,4.774217327835692,101.3713856048542,12.243540177138598,0,normal
2026-01-03 01:14:00,P-101,64.78485276490078,2.2617013652053206,4.898126807542924,96.4629839181475,12.026613096098412,0,normal
2026-01-03 01:15:00,P-101,65.94908029160182,2.246568824636267,4.979596544130392,101.88724601089412,12.271152148060327,0,normal
2026-01-03 01:16:00,P-101,64.06080147784608,2.192113348456947,5.113678279889893,100.28885923863687,11.97788166832104,0,normal
2026-01-03 01:17:00,P-101,64.75012883815188,2.1442966782456896,5.0115659433798925,97.98357082421758,12.090152191721112,0,normal
2026-01-03 01:18:00,P-101,65.72696701654175,2.1190063073680285,4.940952385028269,100.7603706894586,11.91139854492626,0,normal
2026-01-03 01:19:00,P-101,64.92119066081774,2.254018899729439,5.0483694070838645,96.30923095053188,12.402731601037605,0,normal
2026-01-03 01:20:00,P-101,65.24994647071773,2.2606744370190115,4.970483686908776,96.90571065463948,11.704034877108688,0,normal
2026-01-03 01:21:00,P-101,65.0673446136878,2.2071127454484705,4.976712436266826,97.3707087570246,12.447445620075316,0,normal
2026-01-03 01:22:00,P-101,65.17967506059281,2.2312532083361245,4.879419329398316,97.56330500200752,11.935621136832578,0,normal
2026-01-03 01:23:00,P-101,64.63817169679001,2.1730689551037727,4.886216253549843,96.5417350662094,11.552374329594096,0,normal
2026-01-03 01:24:00,P-101,65.68407813924239,2.230626343121111,4.945340404346736,101.13481883423783,12.376064402649286,0,normal
2026-01-03 01:25:00,P-101,63.75500445280913,2.174827799420518,4.985766435097986,98.20495332456512,11.977623946835692,0,normal
2026-01-03 01:26:00,P-101,64.788005401452,2.211988585544551,5.000849690095793,99.4618831937339,12.196637520407076,0,normal
2026-01-03 01:27:00,P-101,65.33145066873008,2.535538920739921,5.10003319268224,97.65057796003164,12.235481318436596,0,normal
2026-01-03 01:28:00,P-101,65.40296782260015,2.234397568881291,4.98265113741894,95.18467239839136,11.940029060487998,0,normal
2026-01-03 01:29:00,P-101,66.12794734288438,2.2691337905968916,4.7774025188084055,99.40077743021745,11.83396311170332,0,normal
2026-01-03 01:30:00,P-101,64.72560500096775,2.2573659244468973,4.9717225229408,95.0711163911064,12.096061836150506,0,normal
2026-01-03 01:31:00,P-101,66.16918291549443,2.1666616694550695,4.87193365422349,98.79349627168928,11.963993765014328,0,normal
2026-01-03 01:32:00,P-101,64.49612001436682,2.358196090056822,4.8850167375591855,96.22944115281082,12.05834768923643,0,normal
2026-01-03 01:33:00,P-101,65.88325719223528,2.142602855423785,4.96478737591082,102.97609336489266,11.550850157498914,0,normal
2026-01-03 01:34:00,P-101,65.70899060843881,2.333483659258121,4.955531880268294,100.8598946149278,12.137542267700296,0,normal
2026-01-03 01:35:00,P-101,64.19678803297273,2.150839522316841,4.882832614630957,99.28445659941814,11.818887241696286,0,normal
2026-01-03 01:36:00,P-101,65.43059781684626,2.1079241010833143,5.032641446381965,101.63628861057822,12.46241606761198,0,normal
2026-01-03 01:37:00,P-101,64.99074778945506,2.247814602223445,4.861658919769309,97.45231025765858,12.079341144702031,0,normal
2026-01-03 01:38:00,P-101,65.52767068493439,2.0708401735170456,5.03121443808787,100.26810295078822,12.06800752498597,0,normal
2026-01-03 01:39:00,P-101,64.86541888477119,2.2697813464417225,5.175128649650608,99.61709634856771,12.110090388794587,0,normal
2026-01-03 01:40:00,P-101,64.65174258019701,2.0438934063598424,4.891470980297003,99.78197050117278,11.743848901816005,0,normal
2026-01-03 01:41:00,P-101,66.27962385537279,2.184762559988572,4.995591275744285,101.83521000914236,12.460870472906285,0,normal
2026-01-03 01:42:00,P-101,65.1296663893497,2.0542728245313095,4.806045130226117,100.79217192271146,12.521607762285573,0,normal
2026-01-03 01:43:00,P-101,65.69972632235884,2.5437235990040064,4.975339436521229,99.94142599588388,12.096471157513571,0,normal
2026-01-03 01:44:00,P-101,64.931852311054,2.0155415402322134,5.012328324070521,96.0910951860002,12.280333747723416,0,normal
2026-01-03 01:45:00,P-101,66.24662894910297,2.1903399415626876,5.032828773165421,97.51776346568391,11.783245854302384,0,normal
2026-01-03 01:46:00,P-101,64.3683750953797,2.3260768627756137,4.998484227981555,99.22951295588273,11.777606997120238,0,normal
2026-01-03 01:47:00,P-101,64.50916364891077,2.324426118269008,5.068129406510405,99.69883325296864,12.00119618477129,0,normal
2026-01-03 01:48:00,P-101,66.23057483812899,2.3035311913153103,5.176573520708321,97.28891578328984,12.02740273309067,0,normal
2026-01-03 01:49:00,P-101,64.65756400890872,2.1636227336165383,5.181084199786038,104.40998247910292,12.033802804062308,0,normal
2026-01-03 01:50:00,P-101,66.36651772488612,2.3728379585547676,4.984766209745371,102.65678840981424,12.214145699886547,0,normal
2026-01-03 01:51:00,P-101,65.75449942171717,2.314735300651426,4.892568355944306,100.86566748616453,12.10256739510329,0,normal
2026-01-03 01:52:00,P-101,64.7745654201584,2.21276160229514,4.965937772454234,99.84298857801386,11.745712963517652,0,normal
2026-01-03 01:53:00,P-101,63.59298886577798,2.2343226463511563,4.9173616634560675,99.31202847054546,12.109059108479292,0,normal
2026-01-03 01:54:00,P-101,65.04534037279514,2.171128659312732,5.014809630462888,97.87018266337172,12.15198754053153,0,normal
2026-01-03 01:55:00,P-101,65.09805004832718,2.0929350075875903,4.905170411630138,99.96658947844976,12.04186501375109,0,normal
2026-01-03 01:56:00,P-101,66.05341626247862,2.363413376536837,4.997821926650234,100.3647721257462,12.299105189587808,0,normal
2026-01-03 01:57:00,P-101,66.11785826125472,2.3383525242650127,5.041075207373174,97.40340830102696,11.617751300656572,0,normal
2026-01-03 01:58:00,P-101,64.5059208494761,2.1006457271752974,4.997873955656223,100.59296254815976,12.134776481977756,0,normal
2026-01-03 01:59:00,P-101,65.51973874594327,2.166394947026548,4.92081273200718,99.65178378270043,11.69698333688182,0,normal
