timestamp,pump_id,temperature,vibration,pressure,flow_rate,power,label,anomaly_type
2026-01-01 00:00:00,P-101,64.53870314493363,2.232511449881005,4.998901229602078,100.8940854754202,11.942070627858064,0,normal
2026-01-01 00:01:00,P-101,64.76732056401411,2.2244346695391655,4.9954609463437585,99.774685960558,11.90255775713997,0,normal
2026-01-01 00:02:00,P-101,64.49874338210198,2.0934384236230312,5.016630254706298,101.21296132051673,11.677260205089498,0,normal
2026-01-01 00:03:00,P-101,65.07819281397425,2.258692260286005,5.094401632675585,102.81213303603528,12.018345952740772,0,normal
2026-01-01 00:04:00,P-101,65.82602802130646,2.056461672540191,4.9444223504332525,99.67275620273236,12.13674850244632,0,normal
2026-01-01 00:05:00,P-101,64.40643784523292,2.1240233099810752,4.9377190398418005,99.69633292476868,11.7360435639277,0,normal
2026-01-01 00:06:00,P-101,65.75525808453345,2.012059762822675,5.1164024061504305,102.98390242004224,12.299213602811388,0,normal
2026-01-01 00:07:00,P-101,64.54229283749865,2.3616203299276113,4.9830771985904345,101.5462330522126,12.143941955783244,0,normal
2026-01-01 00:08:00,P-101,64.39075081481005,2.1701831652263883,4.905020701888656,99.34331766390504,11.833452865522943,0,normal
2026-01-01 00:09:00,P-101,65.53465856219005,2.4169823532264263,4.9779257944154915,101.18848903624824,12.007348743619875,0,normal
2026-01-01 00:10:00,P-101,65.7048540393611,2.292363037641223,4.970908562934131,99.40122544012112,12.30170112473184,0,normal
2026-01-01 00:11:00,P-101,65.5986805340213,2.2499828584923103,5.103052846350477,99.42054554096732,12.129325928930191,0,normal
2026-01-01 00:12:00,P-101,64.15288403930322,2.1423089282456145,5.0719164051541155,100.7178570287744,12.02329244184286,0,normal
2026-01-01 00:13:00,P-101,64.64754365579941,2.089697772607972,5.048945132434268,96.86186892700113,11.858319404417836,0,normal
2026-01-01 00:14:00,P-101,65.51116090349863,2.2495792509550077,5.029641663311772,97.22435083474969,11.932052339132822,0,normal
2026-01-01 00:15:00,P-101,64.98425394102784,2.187963084176851,5.059642003410469,99.34049463973976,11.877862127603732,0,normal
2026-01-01 00:16:00,P-101,64.13957267325428,2.0474984568266272,4.937363287980287,98.55290368409096,11.535637209378924,0,normal
2026-01-01 00:17:00,P-101,65.4509917109186,2.0658095926905475,4.9957479412677674,100.96500921425115,12.437385858534482,0,normal
2026-01-01 00:18:00,P-101,64.53352476537819,2.103918139511087,4.918588531687097,98.78826035987456,11.994712810636118,0,normal
2026-01-01 00:19:00,P-101,66.17230210172603,2.382766545414748,4.96430454425528,97.90387063928723,12.016745572203124,0,normal
2026-01-01 00:20:00,P-101,66.03272185546187,2.42459349521713,5.078962061157227,103.10747117917948,12.081642585400004,0,normal
2026-01-01 00:21:00,P-101,65.34210986466812,2.2147213761636912,5.010282461925166,100.08616319883082,11.855561535820009,0,normal
2026-01-01 00:22:00,P-101,65.87833169416133,2.2141716894596706,5.098177038019986,100.6373380692765,11.981935245888542,0,normal
2026-01-01 00:23:00,P-101,64.90888831708784,2.151142127332208,4.899845249650048,97.97443551059536,11.619354112878998,0,normal
2026-01-01 00:24:00,P-101,65.65254410412342,2.1242668632010107,5.030839234944995,99.58225503961184,12.442884950799016,0,normal
2026-01-01 00:25:00,P-101,65.88234413414581,2.328583727726377,4.920468120144409,100.78493162752616,11.776645549141303,0,normal
2026-01-01 00:26:00,P-101,65.07197052448745,2.3773457972549874,4.991958087309249,98.53657344670938,11.749703946631843,0,normal
2026-01-01 00:27:00,P-101,64.81704074718976,2.1087052238359636,5.064900056703815,101.30767171248613,11.951178310497305,0,normal
2026-01-01 00:28:00,P-101,63.977680468789075,2.2015087040551617,4.980717621145663,99.57328008233576,12.244813547440549,0,normal
2026-01-01 00:29:00,P-101,64.9485785662647,2.15531226798426,5.040102412795881,100.1523550509794,12.007472451381911,0,normal
2026-01-01 00:30:00,P-101,65.4446768382337,2.1476277231727243,4.928991378457242,99.6172641895548,11.741290766480551,0,normal
2026-01-01 00:31:00,P-101,65.74506733527544,2.3334943235265833,4.924114960672405,104.0573259146152,12.372587449589924,0,normal
2026-01-01 00:32:00,P-101,65.38658597049009,2.0755179800660315,5.046209820143809,100.72177465696628,12.167853365066083,0,normal
2026-01-01 00:33:00,P-101,64.67392841397613,2.2495924348880965,5.110730600858085,98.86498844727836,12.073636644861642,0,normal
2026-01-01 00:34:00,P-101,63.78902547697868,2.281276324649972,4.952998854104926,102.27219999168186,12.211312847984624,0,normal
2026-01-01 00:35:00,P-101,64.831191948524,2.2032799411800545,5.07172162040395,98.61680277964736,12.437376463505911,0,normal
2026-01-01 00:36:00,P-101,64.96786821825329,2.3082430552059177,5.0151689165084115,101.21292778912624,12.47340681268101,0,normal
2026-01-01 00:37:00,P-101,64.72051385538585,2.2060700622319582,4.8798232678334825,97.3321674351998,11.782621954455337,0,normal
2026-01-01 00:38:00,P-101,65.49989313545308,2.332893735363316,4.905708489782146,98.49138608767971,12.279518581192622,0,normal
2026-01-01 00:39:00,P-101,66.33073056353894,2.0523555719507636,5.013694575179224,101.25896410439792,12.114402561083716,0,normal
2026-01-01 00:40:00,P-101,65.13892174201106,2.1718227894209554,4.9942505481164785,102.2562908271166,12.167507888041047,0,normal
2026-01-01 00:41:00,P-101,64.75387326381397,2.180789991630974,4.920675029703791,101.2578938076867,11.699282647901937,0,normal
2026-01-01 00:42:00,P-101,64.82759646410626,1.932332477845314,4.889053103777178,100.7635853462956,11.988830407311228,0,normal
2026-01-01 00:43:00,P-101,65.0286987308064,2.0854445703354467,4.945249917178415,100.452027013327,11.850996092332496,0,normal
2026-01-01 00:44:00,P-101,64.50229935168585,2.1232903940969576,4.997115372363924,98.35487417807452,12.116257988320896,0,normal
2026-01-01 00:45:00,P-101,65.15040232997241,2.3030804014009036,4.996978263279,99.742631596122,12.20649504796422,0,normal
2026-01-01 00:46:00,P-101,65.15024235885244,2.112997304252742,4.967226090411096,100.23127474361016,11.592040972105044,0,normal
2026-01-01 00:47:00,P-101,65.166098651953,2.1215981253413565,5.043984628466974,102.98525248665698,12.085150601798857,0,normal
2026-01-01 00:48:00,P-101,65.39402287152112,2.292790933999106,5.090030736183161,101.72288657927726,12.276058898337167,0,normal
2026-01-01 00:49:00,P-101,65.24737255027185,2.0342588330433147,5.00711660007062,97.95277443402291,11.901247440558,0,normal
2026-01-01 00:50:00,P-101,63.91748132683104,2.000785784146069,5.008822407422788,101.7314014420059,12.19775477226065,0,normal
2026-01-01 00:51:00,P-101,65.44355185275636,2.167222055684421,5.0697313900524,100.4766349586152,12.084532142283871,0,normal
2026-01-01 00:52:00,P-101,64.58747289930531,2.0579301859334103,4.932540319558396,99.9729840713536,12.067521568531133,0,normal
2026-01-01 00:53:00,P-101,64.2930100007009,2.0596384084372885,5.0073961132961236,102.3140481064998,12.015158447581337,0,normal
2026-01-01 00:54:00,P-101,64.22939424887599,2.2513191433952824,5.016827266671054,103.09034221630804,11.8493941056621,0,normal
2026-01-01 00:55:00,P-101,65.23408391247112,2.282143882724284,4.942736106179215,102.93228342702145,11.863662473325638,0,normal
2026-01-01 00:56:00,P-101,64.90253180981111,2.284281337300329,4.96827627196904,99.76674633289448,12.134872892877896,0,normal
2026-01-01 00:57:00,P-101,63.91587374071011,2.3119237746365093,4.862173177017619,100.74203546802906,12.026152715144647,0,normal
2026-01-01 00:58:00,P-101,65.32114768545647,2.3253046440679355,5.153013380197348,101.91609168609416,12.02978030166138,0,normal
2026-01-01 00:59:00,P-101,64.06710004147195,1.9874661592877283,4.965350205717794,103.0969170908336,12.008129504260538,0,normal
2026-01-01 01:00:00,P-101,65.0747649714997,2.2431990346744173,5.116022567910464,100.49945787109712,11.953945967036764,0,normal
2026-01-01 01:01:00,P-101,65.23931986544058,2.1566729587576834,5.01315328505648,101.04873696561152,12.240844467865973,0,normal
2026-01-01 01:02:00,P-101,65.54598807551152,2.1218704865334974,5.033664354146626,99.41238648957086,11.915322778313522,0,normal
2026-01-01 01:03:00,P-101,66.05657025235814,2.244438622209978,4.9584979865781005,99.27139724626656,11.709928974727683,0,normal
2026-01-01 01:04:00,P-101,64.19554799122992,2.036409035217884,5.043633153463465,102.9078075026147,12.235964580186476,0,normal
2026-01-01 01:05:00,P-101,64.99257513273562,2.0279386410329527,5.084605232558374,103.90709577591834,12.076237540504607,0,normal
2026-01-01 01:06:00,P-101,64.8368257255663,2.265236550676178,5.060086246872119,101.35675778645262,12.046981906700134,0,normal
2026-01-01 01:07:00,P-101,65.42925591338677,2.265615015181049,5.087365695461562,103.31315581563577,12.420910335748976,0,normal
2026-01-01 01:08:00,P-101,65.16161518756185,2.2161224640391515,4.9959974012206265,102.17806909233686,12.061229961300004,0,normal
2026-01-01 01:09:00,P-101,64.79514229177346,2.1147854994765156,4.970236244291264,100.38614213656592,12.069420998720725,0,normal
2026-01-01 01:10:00,P-101,64.65417801474473,2.2676131848687016,4.910587735071897,102.218007784063,11.830755535262224,0,normal
2026-01-01 01:11:00,P-101,64.3046681121027,2.2715001369743133,5.080185359007999,104.35600282256132,12.086746194206649,0,normal
2026-01-01 01:12:00,P-101,65.7009782836315,2.2152582520838613,5.091196444938031,101.54299351453908,12.168195014477892,0,normal
2026-01-01 01:13:00,P-101,65.23626523017057,2.0751573258308387,5.157555549498801,104.44368319045456,11.822235748945388,0,normal
2026-01-01 01:14:00,P-101,65.57838952138458,2.1553997588919347,4.990677357086964,96.93152726663286,11.948114836622128,0,normal
2026-01-01 01:15:00,P-101,64.83833230604887,2.288365058581924,4.977807767965742,103.14613520693422,12.114542270736989,0,normal
2026-01-01 01:16:00,P-101,64.5952978832318,2.3352609437525405,4.899632618533589,101.8429348563851,12.06354553680904,0,normal
2026-01-01 01:17:00,P-101,64.38395478897141,2.1770445776372704,5.084591394529476,101.16747232136424,12.242455949372577,0,normal
2026-01-01 01:18:00,P-101,65.27655406958671,2.1799764335226346,4.89316249186451,101.89018515389374,12.123593257586515,0,normal
2026-01-01 01:19:00,P-101,64.40834889976172,2.193455602992359,4.957823869624715,98.16661550667789,12.240612844871626,0,normal
2026-01-01 01:20:00,P-101,66.14644316550377,2.2211821203968687,4.9979779856316435,101.3679463587699,11.84232048764429,0,normal
2026-01-01 01:21:00,P-101,64.18501128307753,2.145890865512657,5.019389798524702,102.42516581742726,12.099939887966489,0,normal
2026-01-01 01:22:00,P-101,65.2306371870788,1.916610992481776,5.047120881567633,104.4614699565124,12.150737455973362,0,normal
2026-01-01 01:23:00,P-101,65.95292293205729,2.311787457006805,5.018541935546864,100.88716066011342,11.812763921052388,0,normal
2026-01-01 01:24:00,P-101,65.46037503676327,2.387579373943887,4.834758898412015,100.3834326757512,12.202761980690804,0,normal
2026-01-01 01:25:00,P-101,65.28693329580886,2.158502343489624,5.010567105385682,100.95411916947734,12.493558236254882,0,normal
2026-01-01 01:26:00,P-101,64.40629144796004,2.097426756649297,4.879164227620877,103.52345178087084,12.10230233852936,0,normal
2026-01-01 01:27:00,P-101,64.16330251263939,2.193313088927651,5.076113368953726,102.48581038373555,12.17557852916682,0,normal
2026-01-01 01:28:00,P-101,65.51651525192939,2.183076203756604,4.970728275118401,100.9587036024654,12.045664803237027,0,normal
2026-01-01 01:29:00,P-101,65.95901439383516,2.297268279125605,4.877549918972419,102.85424897380538,11.942910535232729,0,normal
2026-01-01 01:30:00,P-101,64.60958666594811,2.193445562422668,4.964236509921194,102.12308373381704,11.699540456454107,0,normal
2026-01-01 01:31:00,P-101,64.24915837193748,2.1195432428929526,4.99719234121402,103.70976149569458,11.970138148251763,0,normal
2026-01-01 01:32:00,P-101,63.31231530375994,2.0578876759289715,5.0905513734987675,100.72024002699172,11.743215524619409,0,normal
2026-01-01 01:33:00,P-101,64.49661343967028,2.301890342830646,5.027882206290895,101.4117564368378,12.383173108716957,0,normal
2026-01-01 01:34:00,P-101,64.93185442388236,2.2606061380029088,5.037243574753455,101.31324286489144,12.016375347162096,0,normal
2026-01-01 01:35:00,P-101,66.00893754447516,2.302571123572758,5.0767062676950525,99.40207532996102,11.912878394089397,0,normal
2026-01-01 01:36:00,P-101,65.52693757475984,2.113398544905996,5.019136478010309,102.5866578165023,12.255430499452627,0,normal
2026-01-01 01:37:00,P-101,65.14645979457107,2.3779184649827387,5.07819968937854,102.54065321062711,11.851869375747636,0,normal
2026-01-01 01:38:00,P-101,64.70825963491716,2.02201196812432,5.068839704092573,102.09694261173335,11.909535470751091,0,normal
2026-01-01 01:39:00,P-101,64.64337188572203,2.2735234852188215,4.926770509822513,101.68233743723732,12.064084576966843,0,normal
2026-01-01 01:40:00,P-101,65.98120812436244,2.0167602588211406,5.098845380512778,99.5736530078689,12.192963388520765,0,normal
2026-01-01 01:41:00,P-101,65.18009592140065,2.1266372469624617,4.9143864151530305,101.38075397579796,12.141759628307698,0,normal
2026-01-01 01:42:00,P-101,63.666835984244635,2.3599338855011727,5.079590593098863,101.53749276354138,12.095789811409418,0,normal
2026-01-01 01:43:00,P-101,64.57529687798946,2.284633299633047,4.90107098994627,100.72661025296642,12.037421854636197,0,normal
2026-01-01 01:44:00,P-101,64.4900903010486,2.150855755217014,5.061052491183271,101.8965916012654,12.136944919143316,0,normal
2026-01-01 01:45:00,P-101,64.68981181763472,2.1532458298435535,5.159636632176245,102.93025907057324,12.128238353143049,0,normal
2026-01-01 01:46:00,P-101,65.35274116297563,2.2085592663738662,5.041231773112632,105.6140279071148,11.962426382258055,0,normal
2026-01-01 01:47:00,P-101,64.96015005579322,2.254841439528584,5.0075443273290015,102.5489222328722,12.085683511312796,0,normal
2026-01-01 01:48:00,P-101,64.9033754804014,2.3198251376915584,5.069870039074103,102.71392391219236,11.86667998558222,0,normal
2026-01-01 01:49:00,P-101,65.88181768214346,2.1575834712285293,4.998260675967387,102.13184278847646,12.08017179223446,0,normal
2026-01-01 01:50:00,P-101,64.50134294768172,2.033569225770488,5.115553806354615,98.8274297092618,11.868693302980208,0,normal
2026-01-01 01:51:00,P-101,66.41309801440062,2.238710385284744,5.035940704108815,102.24872466467068,12.575338064496693,0,normal
2026-01-01 01:52:00,P-101,64.5862669768615,2.1568417061066123,5.001787675486762,102.41995410622124,12.064619746436296,0,normal
2026-01-01 01:53:00,P-101,65.03066544999575,2.066815100633451,5.029783243367204,106.7603230319902,11.921961777707388,0,normal
2026-01-01 01:54:00,P-101,64.82877298383761,2.231087499628355,4.954644021941978,101.99504148540896,12.033015202426885,0,normal
2026-01-01 01:55:00,P-101,65.14701427706314,2.1863219777664353,4.985044511015403,102.89873600884272,12.19083382939286,0,normal
2026-01-01 01:56:00,P-101,65.43035410347062,2.246807712838189,4.9985327009604745,102.30798385165764,12.403912304780231,0,normal
2026-01-01 01:57:00,P-101,65.24368397028276,2.1061774158927093,4.968677390779574,100.28121259244736,11.890545897785678,0,normal
2026-01-01 01:58:00,P-101,64.44649319485164,2.241358991290267,4.998489081226285,104.45613504158833,11.81719845644292,0,normal
2026-01-01 01:59:00,P-101,64.36683341728803,2.079344804053526,5.184584949771136,103.76660636464644,12.27636559322559,0,normal
2026-01-01 02:00:00,P-101,66.57085429379767,2.1108031615685072,4.966402429523759,103.85090848780231,11.83940751345414,0,normal
2026-01-01 02:01:00,P-101,64.66332054161776,2.1731840468750585,5.01830356043395,100.80392792987185,11.936886749594658,0,normal
2026-01-01 02:02:00,P-101,65.4887391797266,2.3780962523062357,5.091271259802861,104.97947891196006,12.097860270256604,0,normal
2026-01-01 02:03:00,P-101,63.9495769976598,2.277858976797692,5.043553456101225,99.94458964103649,11.984410998571072,0,normal
2026-01-01 02:04:00,P-101,64.90363788121964,2.3174776674733706,5.031273349611869,103.53758449166416,12.243960426164792,0,normal
2026-01-01 02:05:00,P-101,64.9370569047667,2.343963303832062,5.047523109604344,106.4372289633656,12.056390012443693,0,normal
2026-01-01 02:06:00,P-101,65.29577554313954,2.558962727602397,5.038852891375462,100.72445669886956,11.966987850532735,0,normal
2026-01-01 02:07:00,P-101,63.2451658035071,2.2058458776303422,5.033665962982592,101.50094474841184,12.042174271862477,0,normal
2026-01-01 02:08:00,P-101,65.1469429959807,2.3464917034535326,5.008996443902912,102.7123562336638,12.111290278513671,0,normal
2026-01-01 02:09:00,P-101,64.27672833814954,2.3040132721989,4.907061244654643,101.63927446753534,12.068743668967644,0,normal
2026-01-01 02:10:00,P-101,65.23889574287229,2.3028113681131055,4.964912602608105,99.76672631714324,12.080202944558811,0,normal
2026-01-01 02:11:00,P-101,64.41373722979819,2.387406956974647,4.946677147652937,102.693565911246,12.249574879265728,0,normal
2026-01-01 02:12:00,P-101,64.47845646940513,2.162013865102326,4.959999625458406,100.67007939630484,12.09862920501934,0,normal
2026-01-01 02:13:00,P-101,64.89008241020541,2.1578961098304807,5.0367916936632255,103.44660669670378,12.194115305602956,0,normal
2026-01-01 02:14:00,P-101,64.21521499776345,2.2204598831202467,5.0346208392967,100.95093092169373,11.712083294301516,0,normal
2026-01-01 02:15:00,P-101,64.75119593304123,2.188620688341437,5.178705392092968,105.40736995024996,12.172266638340634,0,normal
2026-01-01 02:16:00,P-101,64.27067145200319,2.237149022620542,4.974572194615996,101.21906411392636,12.132473433018111,0,normal
2026-01-01 02:17:00,P-101,63.881100121255635,2.3645789830607087,5.0748285861262925,102.0604791657032,12.207602613885186,0,normal
2026-01-01 02:18:00,P-101,65.6564216226388,2.1515852749933395,5.0625734805259635,104.11562788153148,11.984998681599183,0,normal
2026-01-01 02:19:00,P-101,64.116125788424,2.164795811027434,5.095186682660753,100.44668457159672,11.881592682170172,0,normal
2026-01-01 02:20:00,P-101,64.8760360740609,2.216537231896212,5.071160484920219,103.08244745485254,11.977653288588856,0,normal
2026-01-01 02:21:00,P-101,65.5798113301742,2.187503257649281,4.979771208862182,105.03649087722243,12.25837750629494,0,normal
2026-01-01 02:22:00,P-101,64.67056444271252,2.016631201124131,4.8773929070003295,99.80061290507165,12.20079459813699,0,normal
2026-01-01 02:23:00,P-101,64.46700537377028,2.142371602427807,5.052155381943674,103.03670629669487,12.009609167442528,0,normal
2026-01-01 02:24:00,P-101,65.2440259565517,2.2798197469572212,4.994831132017425,103.18227018704522,12.277060568336768,0,normal
2026-01-01 02:25:00,P-101,65.77868353366625,2.349700566395391,4.972695144690203,104.1317106906744,12.148647282553153,0,normal
2026-01-01 02:26:00,P-101,64.23657590807083,2.084153095289319,4.916346546185942,100.50769855032578,11.990373801077286,0,normal
2026-01-01 02:27:00,P-101,64.89146050864777,2.082821085729385,5.014938280589543,100.36699957584416,11.96873314131173,0,normal
2026-01-01 02:28:00,P-101,63.964915275092594,2.2134275816227458,5.1424671259035595,103.69275869516235,12.260105033775302,0,normal
2026-01-01 02:29:00,P-101,64.80182943773022,1.9990016466692044,5.004364024323006,103.2971088522428,12.1640288289247,0,normal
2026-01-01 02:30:00,P-101,65.21537734503072,2.177576613996256,5.073544179056837,103.22252572815644,12.55184085737422,0,normal
2026-01-01 02:31:00,P-101,64.42058211177155,2.0236630087777003,5.026883121124917,103.40417656401492,11.931680368320984,0,normal
2026-01-01 02:32:00,P-101,64.75565791922334,2.3429292855510746,4.925396103350997,101.56528495882348,12.1505788891707,0,normal
2026-01-01 02:33:00,P-101,64.08137625401869,2.1226924449556503,5.08359653128892,103.2159737243191,11.990639009767271,0,normal
2026-01-01 02:34:00,P-101,65.02425656502525,2.3623297577913065,4.956710182362356,103.33386254442722,11.926158478935088,0,normal
2026-01-01 02:35:00,P-101,65.70149234746246,2.3130996879959382,5.016801278694749,101.52874145532,12.043688816252605,0,normal
2026-01-01 02:36:00,P-101,64.36137204069038,2.1438843337778226,5.037903935218861,106.18103642692324,12.212901588689103,0,normal
2026-01-01 02:37:00,P-101,64.83821157596728,2.120569547655544,5.099349777916856,103.6834357497258,12.694137783503791,0,normal
2026-01-01 02:38:00,P-101,65.32105090580333,2.180004950295597,4.932868528342231,100.69390978151787,11.983988130308894,0,normal
2026-01-01 02:39:00,P-101,65.75103622582974,2.185327024233603,5.067636864340312,104.0275970794174,11.894792166485583,0,normal
2026-01-01 02:40:00,P-101,64.0600741689848,2.238117271186167,4.952201606910354,101.09874254247627,12.087564419773166,0,normal
2026-01-01 02:41:00,P-101,64.78997482349017,2.1108810885110434,5.006993783173919,104.2771148036934,11.713385436601529,0,normal
2026-01-01 02:42:00,P-101,65.22960299613477,2.279847254395316,4.795064494938276,104.95285108660832,12.130194176077396,0,normal
2026-01-01 02:43:00,P-101,64.94945351636812,2.228337396388776,5.1604168052667925,101.39699052535389,12.045114772219648,0,normal
2026-01-01 02:44:00,P-101,63.494164243277595,2.1778552370995805,5.084688566194543,104.6149580896706,12.29736881927916,0,normal
2026-01-01 02:45:00,P-101,65.43198096297805,2.1409413581070367,4.982589389762794,103.63037137784664,12.303635591220967,0,normal
2026-01-01 02:46:00,P-101,65.9982392505907,2.182731001390906,4.9650079072503255,104.37338054336348,12.03048749251936,0,normal
2026-01-01 02:47:00,P-101,65.13158444782177,2.124681795909997,5.028444864046724,106.31402767482784,12.159298027318847,0,normal
2026-01-01 02:48:00,P-101,64.30202514139908,2.2026717638929703,5.074822076183168,102.46405087458072,11.920697360115287,0,normal
2026-01-01 02:49:00,P-101,64.60382825143458,2.201385121273004,4.883101998454677,101.55479432456214,11.821031318775326,0,normal
2026-01-01 02:50:00,P-101,66.18595395830539,2.2302290671281195,5.003248928528068,101.3159837878671,12.10145846951214,0,normal
2026-01-01 02:51:00,P-101,65.51759231046131,2.3681804305559786,5.138485547552104,101.45406164797176,11.788904739719833,0,normal
2026-01-01 02:52:00,P-101,65.41627757460292,2.1867852734761133,4.948513428570962,102.78896720887086,12.000743636151752,0,normal
2026-01-01 02:53:00,P-101,65.19924817246802,2.2967546430748116,5.041095686393099,103.54687336796432,11.90737140905908,0,normal
2026-01-01 02:54:00,P-101,64.64481367475811,2.231479059432684,5.188588805774636,103.43571187065932,12.21300799337783,0,normal
2026-01-01 02:55:00,P-101,65.04225733926188,2.195904553431656,5.088563470973099,104.43128568947454,12.493224590537531,0,normal
2026-01-01 02:56:00,P-101,64.88942684716719,2.1812356873315295,5.038517319009645,102.9702651575663,11.828790358166325,0,normal
2026-01-01 02:57:00,P-101,65.28597125750925,2.185974267890893,5.091140024100948,105.56754722573176,11.79642272019244,0,normal
2026-01-01 02:58:00,P-101,65.99808412892466,2.2299524105043846,4.996728883335681,102.478945678636,12.049390993289066,0,normal
2026-01-01 02:59:00,P-101,65.81050235348218,2.113620216571434,5.169530112685148,107.8555922713908,12.238807327333276,0,normal
2026-01-01 03:00:00,P-101,64.13564361580708,2.0601223556068766,5.012939560874609,104.08926624776242,12.166409848784332,0,normal
2026-01-01 03:01:00,P-101,65.12930394061345,2.2635677062991744,4.877095046335324,101.4237758946842,11.953449173793658,0,normal
2026-01-01 03:02:00,P-101,65.47579730044608,2.28945822623949,4.983033427490564,101.04246447663968,11.991146074534104,0,normal
2026-01-01 03:03:00,P-101,65.46832331402197,2.2821137660720483,4.9707460788039874,103.84174958953564,12.18875456979419,0,normal
2026-01-01 03:04:00,P-101,64.69085638273206,2.2269095823052343,5.006057530049749,102.57411109035692,12.285309511239674,0,normal
2026-01-01 03:05:00,P-101,66.80209384205958,2.2661993600950594,5.024508178466662,104.26440626023054,11.73692243374326,0,normal
2026-01-01 03:06:00,P-101,64.18432323495384,2.27299183979818,5.122156729892323,103.83371059059792,12.041223429911646,0,normal
2026-01-01 03:07:00,P-101,64.34085361125922,2.2838973475060276,5.077203334691535,102.8532843825028,12.128360290263297,0,normal
2026-01-01 03:08:00,P-101,65.10293427611079,2.108457057670446,5.033053156143139,101.46245720128611,11.860278495116436,0,normal
2026-01-01 03:09:00,P-101,66.49985576426319,2.1044686806887283,5.002414682457161,100.26208612504426,12.354096510104789,0,normal
2026-01-01 03:10:00,P-101,64.4349584188448,2.158684226387918,4.947750190254728,102.18702508747874,11.938528776578616,0,normal
2026-01-01 03:11:00,P-101,64.87192834953876,2.2033720790125133,4.892657995553713,104.53402621903106,12.127762249169477,0,normal
2026-01-01 03:12:00,P-101,65.77464664794871,2.184311402771173,5.041715690044686,103.37944892471918,12.212587887110034,0,normal
2026-01-01 03:13:00,P-101,64.95490760775887,2.0085044535446017,5.063156259156857,100.75313749067004,11.904337166959722,0,normal
2026-01-01 03:14:00,P-101,64.68798553176889,2.3613667511807805,5.0255005810870585,103.30839529141804,11.729937249181658,0,normal
2026-01-01 03:15:00,P-101,65.37641378246067,2.173595674966775,4.999472781327272,103.69125839223408,12.025006846383716,0,normal
2026-01-01 03:16:00,P-101,65.26397708367145,2.227195057660234,5.046590914524347,101.40757629593516,12.248115400063462,0,normal
2026-01-01 03:17:00,P-101,65.68059921284319,2.325690785039652,5.026925470769855,103.27587248135596,12.030897149083652,0,normal
2026-01-01 03:18:00,P-101,65.81280063549215,1.9624565853449851,5.149046149344654,103.10440559064776,11.923845307427635,0,normal
2026-01-01 03:19:00,P-101,65.27424593350548,2.157367063609058,5.095716593313172,100.94256093683924,12.213411270005722,0,normal
2026-01-01 03:20:00,P-101,65.20473420988486,2.1630148941721874,5.103605736477903,103.64401724862692,12.043165538254195,0,normal
2026-01-01 03:21:00,P-101,65.14555873754465,2.1670988924902104,5.0931345841986655,104.0093196203972,12.018247425881873,0,normal
2026-01-01 03:22:00,P-101,65.38036257051766,2.189785936208104,4.959179502340003,104.94912213516048,12.178364881987475,0,normal
2026-01-01 03:23:00,P-101,65.1412215446251,2.356754694702615,5.095369668986851,104.89601098431685,12.301030371453264,0,normal
2026-01-01 03:24:00,P-101,65.17177093930893,2.287022053609112,5.0315299652230046,100.51871481877444,12.49190415090974,0,normal
2026-01-01 03:25:00,P-101,65.84946497746091,2.303992938168393,5.055545751356131,101.30960203687496,12.204735282637731,0,normal
2026-01-01 03:26:00,P-101,66.10786351248952,2.218699226639233,5.073719995135529,103.9237331058615,12.349679986453516,0,normal
2026-01-01 03:27:00,P-101,64.02583591310105,2.0607193041983396,5.0708962011893,103.9202820039936,12.016415220322235,0,normal
2026-01-01 03:28:00,P-101,64.97587522443017,1.9885287508624063,5.228272313074829,103.9211660206357,11.912461359425176,0,normal
2026-01-01 03:29:00,P-101,64.66094977599442,2.059470788560702,5.093941253827638,109.92742507242733,12.310289022096644,0,normal
2026-01-01 03:30:00,P-101,64.84756316751692,2.2416559556432154,5.1057271658625245,104.01835492044708,12.141984630665332,0,normal
2026-01-01 03:31:00,P-101,65.23898435189138,2.2005882644770116,5.017359006099558,105.0328292818039,11.9352823301812,0,normal
2026-01-01 03:32:00,P-101,65.47225515962435,2.1832259458868837,5.102383801553106,104.703889068097,12.106057766062108,0,normal
2026-01-01 03:33:00,P-101,64.99871729088814,2.1713251069529025,5.1073211990926275,104.1568806776356,12.204569940672895,0,normal
2026-01-01 03:34:00,P-101,63.80690750145458,2.406952582575635,5.049653807659603,102.41439822601292,12.144510625784005,0,normal
2026-01-01 03:35:00,P-101,64.45364669702379,2.12695836369073,5.160300785643882,104.34534996775264,12.231218069709437,0,normal
2026-01-01 03:36:00,P-101,65.61973753327638,2.2970119739140364,4.953953264632529,101.5852587177758,12.105750707560762,0,normal
2026-01-01 03:37:00,P-101,63.20997598990304,2.1991916552278985,4.991364791582884,102.54702574996593,11.975009040644968,0,normal
2026-01-01 03:38:00,P-101,65.75786697889198,2.1923105437126784,5.035830771892217,102.09641658705728,11.96011237228195,0,normal
2026-01-01 03:39:00,P-101,65.28757024200424,2.311808983214278,5.0927968092151845,103.1140329471289,11.853630708815093,0,normal
2026-01-01 03:40:00,P-101,66.05530793537635,2.369086579112783,5.083854570908623,107.12945044179772,12.570838521090952,0,normal
2026-01-01 03:41:00,P-101,64.86765276351181,2.175670509738308,5.085985236804383,99.59821042486436,11.990636385669788,0,normal
2026-01-01 03:42:00,P-101,63.688348021851425,2.2831501630632216,4.995587672243742,104.19059632113844,12.080747278475185,0,normal
2026-01-01 03:43:00,P-101,65.21522739312397,2.2290167563458345,4.920642478922874,100.04829731870724,11.815690503270725,0,normal
2026-01-01 03:44:00,P-101,66.05604311992239,2.226745838372132,5.042542827495207,102.09738439376508,12.650053112278508,0,normal
2026-01-01 03:45:00,P-101,65.57741211394351,2.2177218303068207,5.04362204982955,104.90246691575096,11.93240840102795,0,normal
2026-01-01 03:46:00,P-101,64.57129159183584,2.1314323820701526,5.068534185087446,103.05337246623712,12.0058315888659,0,normal
2026-01-01 03:47:00,P-101,65.09592829932747,2.1739081864128065,5.008010431769561,100.99285921302162,12.11295314364786,0,normal
2026-01-01 03:48:00,P-101,64.7128934707912,2.1487064200816617,4.992600650747841,101.6402036091483,12.169248701423305,0,normal
2026-01-01 03:49:00,P-101,64.57806290128642,2.3027760834154076,5.036212331069259,104.14579610899196,12.315960294312896,0,normal
2026-01-01 03:50:00,P-101,65.76436088996383,2.2068636962969705,5.018043920876544,101.60244982410218,12.409595196276918,0,normal
2026-01-01 03:51:00,P-101,64.29169705481726,2.0782392326401657,5.011662757827149,103.3011448816532,12.20026587754174,0,normal
2026-01-01 03:52:00,P-101,64.37646884147401,2.1227933658382137,5.0156585447094875,102.98777879521276,11.87842720386305,0,normal
2026-01-01 03:53:00,P-101,64.2825298361282,1.8800902780942403,4.9890176632145184,101.72691968036024,12.000418565386452,0,normal
2026-01-01 03:54:00,P-101,64.12379147790126,2.1611167247312872,5.127494274552448,106.75277161615898,12.264149622987548,0,normal
2026-01-01 03:55:00,P-101,65.2822435220732,2.225144418781202,5.053865669810739,104.02841994953336,12.534497806787169,0,normal
2026-01-01 03:56:00,P-101,65.64910465423458,2.174286720567165,5.150328917062285,99.23562440104716,11.697507636346554,0,normal
2026-01-01 03:57:00,P-101,64.99771374668855,2.4114878509529074,5.043347683239212,103.20983646497191,12.336810394994204,0,normal
2026-01-01 03:58:00,P-101,64.05145765128357,2.2609413151372495,4.978201611155113,101.6761634078119,12.08626777614364,0,normal
2026-01-01 03:59:00,P-101,65.65075688475407,2.265021520614259,5.230894701436316,104.3947425195902,12.299408382633604,0,normal
2026-01-01 04:00:00,P-101,66.10354614826514,2.036569097473533,5.04322016863707,101.4266322197066,12.02240002326401,0,normal
2026-01-01 04:01:00,P-101,64.54868459258284,2.159963463534359,5.0957014849748585,102.63927498923609,11.910691723651816,0,normal
2026-01-01 04:02:00,P-101,64.78084676956738,2.161837381317218,5.0789195406106495,103.74723317864746,12.26259155123969,0,normal
2026-01-01 04:03:00,P-101,65.42707298778829,2.1318940033459532,5.08749973046675,104.3888958415908,12.262553080668848,0,normal
2026-01-01 04:04:00,P-101,66.12921406579076,2.128582919703578,5.044116871336296,100.66210877416228,12.214274656372814,0,normal
2026-01-01 04:05:00,P-101,64.68440743452626,2.021736233662714,4.944978798298212,102.21247178325376,12.063713226421886,0,normal
2026-01-01 04:06:00,P-101,64.11241012130897,2.0699578199841886,5.045241338653298,101.95143053239988,11.938578511308028,0,normal
2026-01-01 04:07:00,P-101,65.31833721115876,2.2768853536572604,4.923478953238449,101.6219244507966,11.73690033451913,0,normal
2026-01-01 04:08:00,P-101,65.63940542075905,2.1994240934540024,5.04746607235283,105.96714709017073,12.342889066333004,0,normal
2026-01-01 04:09:00,P-101,65.0705078436538,2.156962318272099,4.984302146707071,103.50953686665008,12.1900640024883,0,normal
2026-01-01 04:10:00,P-101,64.57488009545935,2.1923350624474947,5.030043387806719,100.50204747973078,11.821904897819133,0,normal
2026-01-01 04:11:00,P-101,65.65500024143785,2.3177281040178883,5.067535716764893,104.41468794512168,12.024725903694325,0,normal
2026-01-01 04:12:00,P-101,65.37956830895216,2.204574755629977,5.09941166267031,106.57314503167468,12.103842588559951,0,normal
2026-01-01 04:13:00,P-101,64.44503172273204,2.24769624837531,5.066133349576315,104.60225894838791,11.841470882055154,0,normal
2026-01-01 04:14:00,P-101,64.97466691844382,2.10879726925776,4.957515664986843,99.99934389118911,11.836443837414649,0,normal
2026-01-01 04:15:00,P-101,64.06147646520584,2.1312897318992565,5.000257837648542,101.852808190316,11.828818174348209,0,normal
2026-01-01 04:16:00,P-101,65.4694019387248,2.238091761882385,5.114376943547153,104.99492122593398,12.067351834400432,0,normal
2026-01-01 04:17:00,P-101,64.79286023830691,2.3850724632229428,5.089055570542837,101.43056031322293,11.895177309730776,0,normal
2026-01-01 04:18:00,P-101,64.63957367031767,2.3341529958220875,4.954654760075592,103.49295769794506,11.779387746765003,0,normal
2026-01-01 04:19:00,P-101,65.16303164055549,2.2793570990489944,4.933614817880984,104.07797521568688,12.526857302584505,0,normal
2026-01-01 04:20:00,P-101,65.1244255753358,2.226369155532775,4.959163190412916,101.00454472372456,12.280644487917582,0,normal
2026-01-01 04:21:00,P-101,65.55400167486401,2.336940893830877,5.098715477744924,102.5550947002666,11.920848956704,0,normal
2026-01-01 04:22:00,P-101,65.36985700774764,2.277827622291512,5.05321203889423,96.81701567814176,11.958994749674977,0,normal
2026-01-01 04:23:00,P-101,64.93591759254713,1.9749290690500705,4.943233089776635,100.79629214047168,12.10738178217841,0,normal
2026-01-01 04:24:00,P-101,65.60259042951154,2.106744758893815,5.043254628437783,102.17429736762392,12.303446091983412,0,normal
2026-01-01 04:25:00,P-101,65.207077385117,2.227710966274931,5.132124976256622,100.37147829368166,11.847423343478434,0,normal
2026-01-01 04:26:00,P-101,64.85737217764195,2.036693179585232,5.084514152310739,105.54423489039152,12.384748403508231,0,normal
2026-01-01 04:27:00,P-101,64.88078862718473,2.105881720100136,5.09970408837863,100.01988584123131,11.891015514395551,0,normal
2026-01-01 04:28:00,P-101,64.82894128701223,2.1214797816068023,5.08781231995539,101.79014600495724,11.786531899314994,0,normal
2026-01-01 04:29:00,P-101,65.40856703097019,2.1835430845647847,4.964340946521147,102.80548559571012,12.228991879734204,0,normal
2026-01-01 04:30:00,P-101,64.90588662046001,2.187765701466416,5.038223424489018,105.15221241338128,12.412718057225923,0,normal
2026-01-01 04:31:00,P-101,64.92697793408772,2.191744403598949,5.002042601208645,99.96097877282152,12.516411157890785,0,normal
2026-01-01 04:32:00,P-101,66.2442916071448,2.2784849638397717,5.053556122465343,104.62667853038496,11.898855302893509,0,normal
2026-01-01 04:33:00,P-101,65.68640879289235,2.1821154111414316,5.0895300284560205,102.53870017153208,12.21594494216212,0,normal
2026-01-01 04:34:00,P-101,64.4847008994364,2.1591474246571907,5.0360149984814635,100.7407065122185,11.940260946607848,0,normal
2026-01-01 04:35:00,P-101,65.46087180425022,2.0753410933785386,4.827727884841347,103.32619509058152,12.256457594822251,0,normal
2026-01-01 04:36:00,P-101,65.00380854042567,2.29407816279856,4.936496672632068,102.83954917485592,11.791088564999429,0,normal
2026-01-01 04:37:00,P-101,65.18068345695951,2.1244131278098752,4.860758647703445,101.38753117517676,11.78907198011559,0,normal
2026-01-01 04:38:00,P-101,65.06205159885086,2.088186080100849,5.038076495898444,102.5800929052571,11.922227822524416,0,normal
2026-01-01 04:39:00,P-101,65.79714144194075,2.2240374829012235,5.0343067442042555,101.7472608741512,12.068210635358152,0,normal
2026-01-01 04:40:00,P-101,65.20740704851382,2.121334882274879,5.046139569148521,102.6313822045771,11.95072521282964,0,normal
2026-01-01 04:41:00,P-101,65.04362825249412,2.157003115315816,4.968924642459458,103.60496211994814,12.239959732381129,0,normal
2026-01-01 04:42:00,P-101,65.8044722828845,2.240365835471398,5.099728922803629,105.25388424452292,12.36299545098727,0,normal
2026-01-01 04:43:00,P-101,65.19525173879816,2.1723364761467363,5.051706026375539,100.1567651622742,12.1246184631173,0,normal
2026-01-01 04:44:00,P-101,65.25748042501098,2.4515631487811604,4.974238816410722,106.20992511150835,12.510055281277424,0,normal
2026-01-01 04:45:00,P-101,65.2210655795896,2.194454390007925,4.885799253433596,98.84219275350172,12.04843110849612,0,normal
2026-01-01 04:46:00,P-101,64.87568618462304,2.2545303418663423,5.020671562473623,102.06807805095094,11.818662999460496,0,normal
2026-01-01 04:47:00,P-101,65.13698121250722,2.0208001572004393,5.159279341164824,103.38545820118894,12.374239048743336,0,normal
2026-01-01 04:48:00,P-101,64.60586949425999,2.11247462703198,5.147155242856409,102.81732509025043,11.963488505586312,0,normal
2026-01-01 04:49:00,P-101,64.58781430252289,2.100002687111576,5.051194210279386,101.1755905048022,12.21735141508118,0,normal
2026-01-01 04:50:00,P-101,64.48110992132992,2.1194398188175665,4.967966211450965,101.90659784615698,12.37194477869573,0,normal
2026-01-01 04:51:00,P-101,64.14165268375496,2.246861435974907,5.075863423708897,101.37844375446966,12.13269091478017,0,normal
2026-01-01 04:52:00,P-101,64.33594210296562,2.293014608248094,4.980225067927285,101.1894766463918,11.736452536758824,0,normal
2026-01-01 04:53:00,P-101,64.86197321835715,2.231634112264668,4.983914166876961,103.76396594441272,11.929276545030422,0,normal
2026-01-01 04:54:00,P-101,65.1896645134482,2.191351318770058,4.878537533383189,102.86152115967292,12.350394528167216,0,normal
2026-01-01 04:55:00,P-101,64.82185381365584,2.136708390951821,5.0167240564527145,100.95573025683788,11.994847370576574,0,normal
2026-01-01 04:56:00,P-101,63.514327828272634,2.316563986187841,4.993971142140825,103.80618565804409,12.130100276729754,0,normal
2026-01-01 04:57:00,P-101,66.10519925066599,2.4164647589149673,5.033988611318428,102.72384847514324,12.23348033748702,0,normal
2026-01-01 04:58:00,P-101,65.79293875264997,2.2234171902236515,4.875220268335403,103.61753070719968,12.247790493632056,0,normal
2026-01-01 04:59:00,P-101,65.34360798861663,2.300092201872926,5.04460034180324,103.27124747223812,12.153897386644235,0,normal
2026-01-01 05:00:00,P-101,66.23186800907514,2.233422643198464,4.8361128117609855,100.62912932389992,11.977140205472905,0,normal
2026-01-01 05:01:00,P-101,64.35433735068638,2.27436466516665,5.087118501778379,101.09626840495802,11.970354363002269,0,normal
2026-01-01 05:02:00,P-101,66.32305434840679,2.094527953046118,5.070861055179444,103.43286687899882,12.274565771428234,0,normal
2026-01-01 05:03:00,P-101,64.44463962937097,2.15941823247251,5.012187667985114,103.16942019848356,12.205796512168064,0,normal
2026-01-01 05:04:00,P-101,65.15833684510697,2.239907766137997,5.059550574692252,102.0160184486506,12.00902055333596,0,normal
2026-01-01 05:05:00,P-101,64.2713533116011,2.3326031027440086,4.954010716879098,102.24759152655464,12.283850208395268,0,normal
2026-01-01 05:06:00,P-101,65.0458665347507,2.1223369061387327,5.0482546296225275,104.31883435294849,12.103758207562498,0,normal
2026-01-01 05:07:00,P-101,65.20122742940404,1.9909808552622832,5.065001380700316,100.9367198008093,11.8577691591574,0,normal
2026-01-01 05:08:00,P-101,64.8774948001011,2.147664244823141,4.813086861384373,102.96871088207703,11.93726718668164,0,normal
2026-01-01 05:09:00,P-101,65.41233214436963,2.2951058492303726,4.984716832206117,101.60225373835438,11.852319444888678,0,normal
2026-01-01 05:10:00,P-101,65.06163412978587,2.0412989823334033,5.01398009068227,101.55651797918156,11.99221353605471,0,normal
2026-01-01 05:11:00,P-101,64.78782686827982,2.0968676041268655,5.0253411060355795,103.90816592777828,12.363989833500586,0,normal
2026-01-01 05:12:00,P-101,64.6108939054293,2.213228722833777,5.135977341810164,103.39802139742451,11.940921605716634,0,normal
2026-01-01 05:13:00,P-101,65.57555020064854,2.1939407316893775,4.954910678566891,103.35837573114928,12.1384464241381,0,normal
2026-01-01 05:14:00,P-101,64.57346811956134,2.2592638411765655,4.998774751177684,104.22558982188492,11.995429825531064,0,normal
2026-01-01 05:15:00,P-101,65.59668872993632,2.077318958140713,4.884840055787093,101.89508876286848,12.004790854631768,0,normal
2026-01-01 05:16:00,P-101,65.72125526384933,2.159101294698399,5.136382430682019,103.06623650928988,11.789978852881646,0,normal
2026-01-01 05:17:00,P-101,63.91314476579101,2.3192681146764227,4.995375358928762,101.26156689113778,11.993739360902826,0,normal
2026-01-01 05:18:00,P-101,65.74788275631913,2.0820224497304305,4.993158978942,102.38476011045684,12.032801727352714,0,normal
2026-01-01 05:19:00,P-101,66.39335001982542,2.3538712600123257,5.011807269146693,101.54810569084428,12.154500759532468,0,normal
2026-01-01 05:20:00,P-101,65.1997805678947,2.0973700869098115,5.063915992928766,101.93794849386433,12.102794637467005,0,normal
2026-01-01 05:21:00,P-101,65.33508025478181,2.27872964737664,5.052470660233588,102.81552219874594,11.84478724097197,0,normal
2026-01-01 05:22:00,P-101,65.75259563244926,2.1716803971626075,5.187874080212093,100.2522185263096,12.224406204597996,0,normal
2026-01-01 05:23:00,P-101,64.89311352575776,2.0937579777360025,5.08649533867263,105.47198264843662,12.2062200874975,0,normal
2026-01-01 05:24:00,P-101,65.13106158939404,2.1517477460383883,4.966187008426734,99.87541884685692,12.035941268841205,0,normal
2026-01-01 05:25:00,P-101,64.13967983856645,2.2537968654260676,4.955516740333733,99.48117119604088,11.9825986652042,0,normal
2026-01-01 05:26:00,P-101,65.09305226151534,2.1996505425636266,5.009823553593769,103.73166802629451,12.008398551344392,0,normal
2026-01-01 05:27:00,P-101,65.37106829427215,2.3172521408132716,4.925394589867138,103.05231745912263,12.135129991723426,0,normal
2026-01-01 05:28:00,P-101,65.39747156400134,2.350655788847674,5.03009945508072,102.73089605563086,12.177044568854642,0,normal
2026-01-01 05:29:00,P-101,65.59878824060003,2.070984038640969,5.082028356630607,102.71855891959828,11.732177629318835,0,normal
2026-01-01 05:30:00,P-101,64.47489256637942,2.0719175406138253,4.972519062986607,101.5454515030234,11.938611377621484,0,normal
2026-01-01 05:31:00,P-101,64.63524846840888,2.067399806666104,4.942806394321919,99.93229982618064,11.9469796007047,0,normal
2026-01-01 05:32:00,P-101,66.26747922803898,2.1141260421831523,5.122751884760594,101.6635724519998,12.10114129469885,0,normal
2026-01-01 05:33:00,P-101,64.98884133541492,2.320313426751842,4.903025234223602,100.28790551870831,12.247299366746676,0,normal
2026-01-01 05:34:00,P-101,65.11003681574846,2.2537521783804384,4.887668628901081,103.24159152544917,11.942899582844118,0,normal
2026-01-01 05:35:00,P-101,64.93419832819812,2.142954940458559,4.931308468322553,101.201160437787,11.936442443770042,0,normal
2026-01-01 05:36:00,P-101,64.42960341887131,2.194740707334238,4.891763370482086,99.95936606807862,11.896274159913048,0,normal
2026-01-01 05:37:00,P-101,66.00807083964604,2.3350336193813215,5.0354965710336845,100.8460746546364,11.865076721618182,0,normal
2026-01-01 05:38:00,P-101,64.65523522122876,2.3906000724095873,4.996221345573309,102.14706606047784,11.994974682791884,0,normal
2026-01-01 05:39:00,P-101,64.32508686373953,2.232546713818455,4.988304096133923,100.36821892855924,12.16520701185437,0,normal
2026-01-01 05:40:00,P-101,64.6320110703433,1.9254995673769844,5.079525140260225,99.88197478719908,11.785692144543102,0,normal
2026-01-01 05:41:00,P-101,63.74752362138744,2.2352867120484596,4.969402288145594,101.7795728426988,12.138950064311546,0,normal
2026-01-01 05:42:00,P-101,64.47601794370405,2.2819725039190644,5.071863832197829,101.76075733756343,11.712442274123235,0,normal
2026-01-01 05:43:00,P-101,64.33547701194841,2.218435871648742,5.109653796233156,100.3861200288932,11.899316001578356,0,normal
2026-01-01 05:44:00,P-101,65.38277378279562,2.2705309401812332,4.972398314384866,100.42946892458224,11.94698620769387,0,normal
2026-01-01 05:45:00,P-101,64.69709444693856,2.2511138177491783,5.068328290887503,101.67366909985604,12.385182007578493,0,normal
2026-01-01 05:46:00,P-101,65.54343030503532,2.0726906293271363,4.969352658734173,98.62799126112014,11.903879276883067,0,normal
2026-01-01 05:47:00,P-101,65.74106331027694,2.092181724067297,5.0514828289459395,98.67959599270844,11.52013918509107,0,normal
2026-01-01 05:48:00,P-101,65.36677330787998,2.1517715629204743,4.888978197606161,99.89824407364996,11.597169540837248,0,normal
2026-01-01 05:49:00,P-101,64.87062825428319,2.3077564083429487,4.892669924744058,100.78557819028325,12.030373262977832,0,normal
2026-01-01 05:50:00,P-101,65.15261906387323,2.1303709807124633,4.9896880991081884,101.70768391517169,12.173984688613132,0,normal
2026-01-01 05:51:00,P-101,64.07475152193422,2.253132175662805,4.975594142407666,103.78188790418506,12.188547808651002,0,normal
2026-01-01 05:52:00,P-101,64.95257900555535,2.2348876134143087,4.990311972138085,102.64816097981766,12.112958850554728,0,normal
2026-01-01 05:53:00,P-101,64.53041587040002,2.3688712550385933,4.992578570483988,100.79454312552876,12.256288213266997,0,normal
2026-01-01 05:54:00,P-101,65.42431581354514,2.192746726849697,5.0606629007996675,101.02619535711294,11.922867616565965,0,normal
2026-01-01 05:55:00,P-101,66.72688767423708,2.03076400059845,4.9638017426492285,99.23379831488442,12.155996060651898,0,normal
2026-01-01 05:56:00,P-101,65.22096336764861,2.252810395548606,4.95215860941588,100.98289011594956,11.703083726473205,0,normal
2026-01-01 05:57:00,P-101,63.64739405008478,2.4071352522382936,4.980138344780191,100.47442811533146,11.83324327687233,0,normal
2026-01-01 05:58:00,P-101,64.65501025642406,2.258645178123035,4.961686287045567,101.552645663203,11.685171090909726,0,normal
2026-01-01 05:59:00,P-101,65.05471429007959,2.1183875766573816,4.929223766887115,99.46041520315056,11.92884339596056,0,normal
2026-01-01 06:00:00,P-101,65.0730937256525,2.093669571994484,4.905707570137201,101.86187470875896,12.0466039978095,0,normal
2026-01-01 06:01:00,P-101,64.57142578400416,2.1100121812949575,5.041498907367857,103.66354392323814,12.132726616142447,0,normal
2026-01-01 06:02:00,P-101,65.1709781708551,2.4016498781114715,4.967054127622952,100.68635270847456,12.032967251831662,0,normal
2026-01-01 06:03:00,P-101,64.14406359780418,2.1617460150109165,5.083466059326042,101.58265475796148,11.8619689765765,0,normal
2026-01-01 06:04:00,P-101,64.39432441242936,2.134708812865729,4.9194745985878505,102.07923250319767,12.024328806213289,0,normal
2026-01-01 06:05:00,P-101,65.31591450749212,2.1722873116386716,4.962975396148655,100.09212450020073,11.703274401284872,0,normal
2026-01-01 06:06:00,P-101,64.44779227716751,2.180649109681074,5.13885336161766,101.19498561715488,12.308495363541097,0,normal
2026-01-01 06:07:00,P-101,65.33689483009557,2.355285868724534,4.942142678211212,100.79153444080622,11.963020818644589,0,normal
2026-01-01 06:08:00,P-101,64.08530632784877,2.095747425912679,4.992661538742095,100.92188663888246,11.929879375357736,0,normal
2026-01-01 06:09:00,P-101,66.25134662695709,2.3299740148794683,4.908208996917817,99.33180757155928,12.297742292835595,0,normal
2026-01-01 06:10:00,P-101,64.41758406434387,2.2031645826629953,4.913054618157669,100.74445440523382,11.773884325447169,0,normal
2026-01-01 06:11:00,P-101,64.79235053795644,2.313586515300332,5.124049776064629,101.57380072484912,11.82209659893908,0,normal
2026-01-01 06:12:00,P-101,65.17246132325928,2.3534119276363215,5.044637646666807,103.2664882182207,11.878750581572907,0,normal
2026-01-01 06:13:00,P-101,64.6525316132027,2.2107665156574146,5.032938546340807,102.35810276641728,12.05716880665262,0,normal
2026-01-01 06:14:00,P-101,65.17051103702168,2.177327600448693,4.926098766637768,104.48409030959031,12.22084903521523,0,normal
2026-01-01 06:15:00,P-101,65.41740162991125,2.2115801413548732,5.01715235069608,99.20404535284987,12.124056454209065,0,normal
2026-01-01 06:16:00,P-101,65.82682764479539,2.213657680647272,5.1023427471181115,102.1323210898544,12.578368696194625,0,normal
2026-01-01 06:17:00,P-101,65.36613753907751,2.0173506922198516,5.089153372819083,100.8689978561086,11.576183444843108,0,normal
2026-01-01 06:18:00,P-101,64.97773773186358,2.3654668411882587,5.091357651878731,104.45743258063004,12.255470095243783,0,normal
2026-01-01 06:19:00,P-101,64.85558525486532,2.218966605508822,4.911312245828994,99.03762362606732,11.859702594267574,0,normal
2026-01-01 06:20:00,P-101,66.47492844512561,2.077748125198819,5.011496679995462,98.9578040791953,11.851451092598104,0,normal
2026-01-01 06:21:00,P-101,65.56739850605312,1.9875300236019984,5.0404020526322775,99.36711053989151,11.85705889054597,0,normal
2026-01-01 06:22:00,P-101,64.30149750605189,1.9558895490109676,4.840385862964328,96.59969139205508,11.716236807600058,0,normal
2026-01-01 06:23:00,P-101,65.17716559712368,2.2898678483174435,4.916040478361818,99.4530049765543,12.32049511621732,0,normal
2026-01-01 06:24:00,P-101,64.83071816223907,2.143652094867277,5.052266621621003,99.00956090989628,12.138746292699668,0,normal
2026-01-01 06:25:00,P-101,64.92020133703332,2.155443486227582,5.067556414447342,100.62332100803069,12.023338825952395,0,normal
2026-01-01 06:26:00,P-101,64.30531506890539,2.260756788901385,4.9010428245432225,100.94436368967204,12.29853406118756,0,normal
2026-01-01 06:27:00,P-101,64.66504311929693,2.140714409721,5.092480310928579,103.68288087797374,11.807980633279438,0,normal
2026-01-01 06:28:00,P-101,66.10528931579412,2.246398505973133,5.026602116427657,101.99308784869044,11.793651609194528,0,normal
2026-01-01 06:29:00,P-101,65.21575639574607,2.191167183600756,5.046874951994515,99.22043251720144,11.541019429077108,0,normal
2026-01-01 06:30:00,P-101,63.31727749111986,2.1843336024185978,4.941765816147189,98.61823087875648,11.818664018338035,0,normal
2026-01-01 06:31:00,P-101,65.8137111893913,2.045335350204296,5.056136199418715,101.0973354665052,12.065259769336109,0,normal
2026-01-01 06:32:00,P-101,65.6924847840987,2.1162240751227137,5.037187532073501,97.8119517859508,11.95493026916499,0,normal
2026-01-01 06:33:00,P-101,64.81326398731692,2.265602043429096,5.010021317700852,103.46147631827516,12.133712671760232,0,normal
2026-01-01 06:34:00,P-101,65.39122259676346,2.123226537748379,5.023885793926403,102.26431156942724,11.7857179808696,0,normal
2026-01-01 06:35:00,P-101,64.48998060932344,2.326090109447548,4.947336118669562,99.27326327348874,12.138828846727469,0,normal
2026-01-01 06:36:00,P-101,64.67971890701475,2.432969860695097,5.08572062765672,97.0105901248708,11.958243207393924,0,normal
2026-01-01 06:37:00,P-101,66.05169925460201,2.274512143817459,5.016657459927183,102.50764956799858,12.221840343333156,0,normal
2026-01-01 06:38:00,P-101,64.68921209907343,2.3339502319923726,4.933867799542404,99.84095023048076,11.616676071396412,0,normal
2026-01-01 06:39:00,P-101,63.83012090601939,2.2772666079770514,4.972408496670951,102.25163106421836,12.129847103686108,0,normal
2026-01-01 06:40:00,P-101,64.84557465564669,2.133627712070445,4.980174244221649,97.13003021417012,11.6763478584416,0,normal
2026-01-01 06:41:00,P-101,64.90952933111525,2.2155136563675524,5.041708814584645,98.89756325601708,11.88746224717024,0,normal
2026-01-01 06:42:00,P-101,65.81594943842664,2.4055617938479044,4.9061152879150365,99.96231670755726,12.105742480953994,0,normal
2026-01-01 06:43:00,P-101,65.01584102748205,2.148390037516433,5.129475057948729,100.0138857742757,12.018635294479454,0,normal
2026-01-01 06:44:00,P-101,64.65686802265733,2.088169730122882,5.012563769324923,99.09564987410296,11.802561500267224,0,normal
2026-01-01 06:45:00,P-101,65.69026079485815,2.0878347634550867,5.042685422417342,101.0033504309483,12.031355144165332,0,normal
2026-01-01 06:46:00,P-101,64.94964429974598,2.163519135744675,4.972566370682183,97.9369638749824,11.631801853200743,0,normal
2026-01-01 06:47:00,P-101,64.58858207176102,2.1083495699675496,4.997136791586822,99.57886638722432,12.21741947079639,0,normal
2026-01-01 06:48:00,P-101,65.73667421906148,2.365793463281946,4.989901786130016,100.02816057849348,11.959788013455553,0,normal
2026-01-01 06:49:00,P-101,65.21167678694066,2.231440983745386,5.0783868072676395,100.71410894351226,12.245133257156432,0,normal
2026-01-01 06:50:00,P-101,64.97602271992537,2.2942150128713337,5.009900293812029,101.04552949337646,11.926059547382089,0,normal
2026-01-01 06:51:00,P-101,65.05501637917074,2.163204995199535,5.03086136666747,97.71678513729807,11.826788356437625,0,normal
2026-01-01 06:52:00,P-101,64.21861331381812,2.0762143093945498,4.939193368892524,96.95626955272031,11.75585072925404,0,normal
2026-01-01 06:53:00,P-101,64.73929469227893,2.0784628508046556,5.033635286102183,101.99404491203218,12.23505613369958,0,normal
2026-01-01 06:54:00,P-101,64.95549261420535,2.1038481312695083,4.946415198786141,100.26896228829013,11.866182637183009,0,normal
2026-01-01 06:55:00,P-101,64.90074145494218,2.2378694473121823,5.068158096696714,98.30011204182468,12.077922447737777,0,normal
2026-01-01 06:56:00,P-101,65.82567555647404,2.251827962621738,4.965798431702138,102.41607385524765,11.995991736123573,0,normal
2026-01-01 06:57:00,P-101,65.00098930170469,2.244282521298113,4.975339942163181,99.80885032614748,11.5990728498061,0,normal
2026-01-01 06:58:00,P-101,65.53361589294138,2.048610256562126,4.994953083483189,101.70003123550214,11.93693812350777,0,normal
2026-01-01 06:59:00,P-101,64.9201623230998,2.1901368348530874,4.97197856251131,99.67551596484742,11.754443836072854,0,normal
2026-01-01 07:00:00,P-101,65.72298115522425,2.10155309014382,5.082975132557674,103.2400428696669,12.103981830826475,0,normal
2026-01-01 07:01:00,P-101,65.2030685565306,2.2338237984450866,5.004504486235346,102.66705297669118,11.841930042165837,0,normal
2026-01-01 07:02:00,P-101,65.06342038348747,2.2541587990337417,5.08793548945687,99.03607723189944,12.156277337099906,0,normal
2026-01-01 07:03:00,P-101,64.99769405934428,2.0835059029736582,4.954805198630271,101.20984546593826,12.018080191907542,0,normal
2026-01-01 07:04:00,P-101,64.37347826731548,2.2961016320801604,5.017851750550951,100.5995327654961,11.982466784013134,0,normal
2026-01-01 07:05:00,P-101,65.39512945902759,2.4413833502601374,4.964477639123216,101.87826583750984,12.187526402682812,0,normal
2026-01-01 07:06:00,P-101,65.01671555472797,2.288380560292937,5.0060158536260655,97.65477588488628,12.12242466336176,0,normal
2026-01-01 07:07:00,P-101,64.67863482541794,2.1842799788489726,5.004918292596958,100.60347734853327,12.014084570102067,0,normal
2026-01-01 07:08:00,P-101,65.67834884075687,2.163676708505199,5.001653000392503,101.25073435213965,11.88328197065433,0,normal
2026-01-01 07:09:00,P-101,64.02282879384074,2.1602900830524496,5.044761898893558,96.15686512383108,11.529912030492508,0,normal
2026-01-01 07:10:00,P-101,64.64763707012561,2.1150419755687784,4.925894054882481,97.16979858563388,11.77788400616198,0,normal
2026-01-01 07:11:00,P-101,65.57867697686542,2.2150295109690608,4.997117630008588,95.6061568975327,11.744742257596387,0,normal
2026-01-01 07:12:00,P-101,65.19965841269094,2.0855329981523143,4.9338627864778175,98.76899803650524,11.984481431693617,0,normal
2026-01-01 07:13:00,P-101,64.9502198487269,2.0088962958203465,5.013115043421564,100.52270794103374,11.946651862003408,0,normal
2026-01-01 07:14:00,P-101,65.2313901583019,2.229758780210419,4.935435962463126,101.91262354387672,12.194965300726588,0,normal
2026-01-01 07:15:00,P-101,65.06656039937198,2.196402299513609,4.946814292310132,99.31904925516038,11.856974823400671,0,normal
2026-01-01 07:16:00,P-101,64.03216907720551,2.1449401106181503,5.015195333449006,102.09453466391064,12.05142780654673,0,normal
2026-01-01 07:17:00,P-101,64.82074945457641,2.0771897297449744,5.093587878882913,96.6562437170298,12.13648480015027,0,normal
2026-01-01 07:18:00,P-101,66.03321064206216,2.2269711531632,4.967574177266822,96.0517906334638,11.949918761794908,0,normal
2026-01-01 07:19:00,P-101,64.55668838722924,2.09929667612403,5.105780784732196,98.9954002621526,11.957854499526864,0,normal
2026-01-01 07:20:00,P-101,64.74849303155887,2.1810071295679445,5.013065298668024,99.76426682496592,11.872539116361942,0,normal
2026-01-01 07:21:00,P-101,64.59303335087378,2.370221396501188,4.962821288405613,98.99171855188588,11.84310527721358,0,normal
2026-01-01 07:22:00,P-101,64.83461912277258,2.2526822932923234,5.060823476235386,95.30685196533378,11.689082908369624,0,normal
2026-01-01 07:23:00,P-101,64.57097816680103,2.0573733631517546,5.019046936180032,98.84557026348926,11.857165734748095,0,normal
2026-01-01 07:24:00,P-101,65.33395386706758,2.074523058974751,4.921366899811765,96.6357411383554,12.050205401899523,0,normal
2026-01-01 07:25:00,P-101,65.11447566287316,2.2136072744040316,5.034610596324637,100.1670594166616,11.960634128241391,0,normal
2026-01-01 07:26:00,P-101,65.40411608423506,2.051189090013012,4.975512890622833,99.59945231163655,11.718028955472851,0,normal
2026-01-01 07:27:00,P-101,64.41153082349543,2.010643746907227,4.833025445319487,97.22578390514784,12.270407375766393,0,normal
2026-01-01 07:28:00,P-101,64.77986824135905,2.2533617217277215,5.045224780055992,97.97066589073992,12.00311301495123,0,normal
2026-01-01 07:29:00,P-101,64.7229495253589,2.2171986309642904,5.046317073364175,96.96716894692403,11.627626388305089,0,normal
2026-01-01 07:30:00,P-101,65.25200190359277,2.2400119945033623,5.1160472153775896,98.73912732781302,11.873804034386223,0,normal
2026-01-01 07:31:00,P-101,64.49793773630557,2.227849976980663,5.035044789589045,100.54947311353769,12.038661469971814,0,normal
2026-01-01 07:32:00,P-101,65.683356038468,2.20354676491277,4.95293185476114,97.03424944469168,12.251945902000228,0,normal
2026-01-01 07:33:00,P-101,65.69039191764246,2.124549349095878,5.05539178932996,99.6942529413459,11.769205096588603,0,normal
2026-01-01 07:34:00,P-101,64.40257125310849,2.256795014216979,5.037597357683467,97.81099321111428,12.129537940204616,0,normal
2026-01-01 07:35:00,P-101,64.75072358994505,2.3609644598834727,5.087848179712704,97.31684968931548,12.199402776073931,0,normal
2026-01-01 07:36:00,P-101,64.59480379676748,2.1430838737879223,4.982176141159215,98.53000747738658,11.830169363306684,0,normal
2026-01-01 07:37:00,P-101,66.65842351350854,2.091911405318389,4.956788932671107,96.83794607508388,11.84963565848047,0,normal
2026-01-01 07:38:00,P-101,64.62370122857719,2.0754179205688548,4.926748028024976,97.68361374080732,11.723246562749466,0,normal
2026-01-01 07:39:00,P-101,66.0394945388048,2.1075027482555777,5.002651185384031,96.5028839313267,11.85439428972374,0,normal
2026-01-01 07:40:00,P-101,64.19696050924702,2.222576573140901,4.91336702062415,102.17453374003088,12.05791801733234,0,normal
2026-01-01 07:41:00,P-101,64.38904816019333,1.9897311051532345,5.041131628799807,98.68055126994273,12.092346537714755,0,normal
2026-01-01 07:42:00,P-101,64.60205529601983,2.249442555782794,5.014515504958921,97.33670464283163,12.138137833489038,0,normal
2026-01-01 07:43:00,P-101,64.38702146706821,2.257159246116294,5.030560860869184,98.96059466970982,11.819198627166964,0,normal
2026-01-01 07:44:00,P-101,64.67085482742779,2.002476621677806,4.993201251437643,98.35254848825136,11.55711144180234,0,normal
2026-01-01 07:45:00,P-101,64.51823913914336,2.0996756673336496,5.088672387290669,98.13639099634932,11.939842774035233,0,normal
2026-01-01 07:46:00,P-101,64.48397639439554,2.2098593470900276,5.05723078312769,99.61912405478095,12.047281227637155,0,normal
2026-01-01 07:47:00,P-101,65.7689615672715,2.1874764292054265,4.956071769390251,99.85671727865504,12.04558505589666,0,normal
2026-01-01 07:48:00,P-101,65.74653745102195,2.246371929271247,4.933937203391665,97.51797368704996,11.86020456110969,0,normal
2026-01-01 07:49:00,P-101,65.59864515037627,2.1837837380120564,4.91258452778082,97.41616947198445,11.94743550409232,0,normal
2026-01-01 07:50:00,P-101,65.42502327584975,2.33612540464549,5.017963945804083,97.9374112509792,12.241211299199824,0,normal
2026-01-01 07:51:00,P-101,65.02682893603989,2.164059739327996,4.872680324518737,94.26900490055336,11.904416980809104,0,normal
2026-01-01 07:52:00,P-101,64.60527860619955,2.093507964771727,5.032489207081891,95.66517570310562,11.795281586092552,0,normal
2026-01-01 07:53:00,P-101,64.35418078996227,2.0906538897227493,5.100938622298296,100.83304907141078,11.924951908723123,0,normal
2026-01-01 07:54:00,P-101,65.23785321321203,2.2737646801831164,4.951607595476548,101.31387343030792,12.00544573137369,0,normal
2026-01-01 07:55:00,P-101,64.329504798685,2.2135180632060245,4.965861846875897,97.8850244297397,12.26389872525832,0,normal
2026-01-01 07:56:00,P-101,64.33431164656858,2.2611270472762426,4.9946789926948085,99.351552399944,11.94388643009308,0,normal
2026-01-01 07:57:00,P-101,65.73598094203942,2.2597793728379236,5.050424468492632,98.85456472597556,11.961678072875124,0,normal
2026-01-01 07:58:00,P-101,66.24173810899426,1.9987368697950336,5.150823733283588,103.8169696990896,12.018046376785426,0,normal
2026-01-01 07:59:00,P-101,65.33541612534918,2.095108801102339,4.8847254853754265,100.27099528762275,12.227926530117076,0,normal
2026-01-01 08:00:00,P-101,65.83545287889744,2.1112238650817243,4.957791275557704,98.0063925784572,12.33215922830265,0,normal
2026-01-01 08:01:00,P-101,64.83496697931285,2.117795682368131,4.946355471492907,96.49766401821311,11.985052530432672,0,normal
2026-01-01 08:02:00,P-101,64.08703080975735,2.1529952137097017,4.855024469633528,95.3071359475587,11.875768659183846,0,normal
2026-01-01 08:03:00,P-101,65.3852213190856,2.2984646471169787,4.951504173564265,98.546187491555,11.963742191381495,0,normal
2026-01-01 08:04:00,P-101,65.16953498363459,2.2969335979251393,4.997942301079836,96.79984749752931,11.42713406716873,0,normal
2026-01-01 08:05:00,P-101,65.05236306600743,2.1713713176637324,4.936319091549178,95.58266147479468,12.016510017100805,0,normal
2026-01-01 08:06:00,P-101,64.81993223016462,2.17229777420272,4.861480926591045,96.96044083935634,11.93564650837986,0,normal
2026-01-01 08:07:00,P-101,65.615091949299,2.1282743502481325,5.162777340932154,96.15915520714596,11.970443066346524,0,normal
2026-01-01 08:08:00,P-101,64.32127929591206,2.2045765717398464,5.029878280303138,101.12458297388456,11.891445050399795,0,normal
2026-01-01 08:09:00,P-101,64.4665247738599,2.216764334003546,5.004384428790544,99.65658396830769,11.912806143253812,0,normal
2026-01-01 08:10:00,P-101,64.29535072860722,2.2750041221289687,4.903518205591703,98.03730510063951,11.85891416571855,0,normal
2026-01-01 08:11:00,P-101,65.1340718734397,2.2888540951955596,5.025226420710656,100.69769893726668,12.225255564932608,0,normal
2026-01-01 08:12:00,P-101,64.24698729082361,1.964544509029624,4.970058308695043,98.15532735779476,11.868907853413225,0,normal
2026-01-01 08:13:00,P-101,64.66373427665017,2.197144555977441,4.832284762478875,96.44814013689532,12.30997626852882,0,normal
2026-01-01 08:14:00,P-101,64.57900640476821,2.342724005399398,4.932307977184552,100.72258579855604,12.10785005775969,0,normal
2026-01-01 08:15:00,P-101,64.73010997412459,2.1447034089999826,5.044981179657512,98.93363584203357,11.71287254326186,0,normal
2026-01-01 08:16:00,P-101,63.98304118315625,2.3081909902156252,5.0968743915442944,96.07931560442633,11.8566702094824,0,normal
2026-01-01 08:17:00,P-101,64.98572567119011,2.1612453830121257,5.001567944940475,97.5866366587462,11.797264075331103,0,normal
2026-01-01 08:18:00,P-101,65.61867016196301,2.1955406654905927,5.040577317021841,96.33614875413048,11.45120796865991,0,normal
2026-01-01 08:19:00,P-101,65.15179920298685,2.0935943377293373,4.943160790468691,95.40636620695162,12.182085174231306,0,normal
2026-01-01 08:20:00,P-101,66.04630961411722,2.0951552436715053,4.989399761172331,99.54579924199732,12.12700248570392,0,normal
2026-01-01 08:21:00,P-101,65.91806319423169,2.278373657044781,5.089358875894069,101.29903439607062,12.14561249546198,0,normal
2026-01-01 08:22:00,P-101,65.46805213140736,2.2838988966710674,5.069676404980923,95.32819947383598,11.89292671627502,0,normal
2026-01-01 08:23:00,P-101,64.93965223843452,2.190197912416683,5.07950312142737,98.84263528847768,11.688875544915842,0,normal
2026-01-01 08:24:00,P-101,64.94551239627047,2.0693489636116977,4.891773959656227,96.64193749331648,11.802534696888408,0,normal
2026-01-01 08:25:00,P-101,65.52305667747062,2.2074189499960934,4.964514945487098,96.92020678091647,12.075962358384295,0,normal
2026-01-01 08:26:00,P-101,64.63733407707767,2.313371493010889,4.9865747044276825,96.7147976514342,11.691199923586526,0,normal
2026-01-01 08:27:00,P-101,63.559344071079,2.3494846538089313,4.943923887002487,96.21013444480144,11.37995017009388,0,normal
2026-01-01 08:28:00,P-101,65.28119377469706,2.1639167655708524,5.005520085253185,97.83700572140933,11.889688970086093,0,normal
2026-01-01 08:29:00,P-101,64.21538602747319,2.0283652877663263,5.019824820352872,96.23844435360458,11.85880181980263,0,normal
2026-01-01 08:30:00,P-101,64.36525648691612,2.2829675925543205,5.052252726532896,98.20560438960362,11.973280814971051,0,normal
2026-01-01 08:31:00,P-101,65.02607964974966,2.1753675856176313,5.094142128280629,97.61312176251228,12.074097381578277,0,normal
2026-01-01 08:32:00,P-101,64.95401395121321,2.29611493519873,4.949522660542392,97.25835378731308,12.045271776065634,0,normal
2026-01-01 08:33:00,P-101,64.0586836731394,2.2254252587582837,4.864916660249333,96.03989817880844,11.93295090641304,0,normal
2026-01-01 08:34:00,P-101,65.15577217787371,2.117164464988063,4.991281625410632,96.620520382962,12.137721889106205,0,normal
2026-01-01 08:35:00,P-101,65.51120230574811,2.1924771819160447,5.121904306321377,99.00375341384412,11.66631864625266,0,normal
2026-01-01 08:36:00,P-101,64.28647615829692,2.3331079143019684,4.951923548809184,98.5311859005968,12.056851939913384,0,normal
2026-01-01 08:37:00,P-101,65.82745530922688,2.1851235890090113,5.006634963386461,95.85556749920008,12.00097469764339,0,normal
2026-01-01 08:38:00,P-101,63.87580691747019,2.0839386783759943,5.026499647216198,97.77974417431132,11.685479868013292,0,normal
2026-01-01 08:39:00,P-101,66.25992313535407,2.027839862170386,5.0027946424767125,98.93936991625895,11.66760697575129,0,normal
2026-01-01 08:40:00,P-101,64.62342897619645,2.110297617714758,4.946164925581627,94.56801951085669,11.68785216003058,0,normal
2026-01-01 08:41:00,P-101,65.0329839884381,2.1519387098801177,4.920732185577318,98.53722299778153,11.823808401430387,0,normal
2026-01-01 08:42:00,P-101,63.78462223518651,2.2836506629976925,4.803811935746784,96.3528280816224,12.041268735149158,0,normal
2026-01-01 08:43:00,P-101,64.90146498045533,2.081269750208595,4.907762011027568,98.5591560494051,11.833866924743935,0,normal
2026-01-01 08:44:00,P-101,65.04809038308885,2.343898270581194,4.934127627516179,96.1448917953998,11.713077050205753,0,normal
2026-01-01 08:45:00,P-101,64.84087670627662,2.0544998730806,5.019387621938552,94.25680338189623,11.705377354117974,0,normal
2026-01-01 08:46:00,P-101,64.65521307934766,2.435573269762164,4.938411050912459,94.5630015277055,12.060616512662008,0,normal
2026-01-01 08:47:00,P-101,64.3600919577074,2.3697357293612153,4.939330922098666,97.56627224229366,11.9295968421442,0,normal
2026-01-01 08:48:00,P-101,65.70060715655349,2.2102040368078555,4.916976186329186,97.93451672659262,11.902185296726396,0,normal
2026-01-01 08:49:00,P-101,64.9685045968532,2.0293426418492735,5.004243402294339,95.82669942986756,11.852799883155816,0,normal
2026-01-01 08:50:00,P-101,66.0771445004325,2.2031039315956544,5.081000460977513,98.591545932737,12.216158444847414,0,normal
2026-01-01 08:51:00,P-101,64.54695511749993,2.1486494639861085,5.018831613843929,94.43911133132072,11.683338994618971,0,normal
2026-01-01 08:52:00,P-101,64.78110674762881,2.0798539403601364,5.015418781797322,97.298830281423,12.182066566630713,0,normal
2026-01-01 08:53:00,P-101,65.49474432036013,2.2250561697387568,4.848967412941866,95.22603051886712,11.898880175350314,0,normal
2026-01-01 08:54:00,P-101,63.89415532281714,2.111817292513803,4.937590807627351,96.22080046264152,11.854540137484175,0,normal
2026-01-01 08:55:00,P-101,64.35972406142109,2.1454780147830976,5.110989591893788,97.46782958715116,12.424214987201392,0,normal
2026-01-01 08:56:00,P-101,65.59560499406841,2.1661738237072043,5.0367598934576385,95.8223359023573,11.663542179111,0,normal
2026-01-01 08:57:00,P-101,64.17849484915311,2.135680763203509,4.859050875978698,96.66761012551292,11.829291151851988,0,normal
2026-01-01 08:58:00,P-101,63.722526970058226,2.3969482479972752,4.987708965039251,99.16003016631991,11.728314657156798,0,normal
2026-01-01 08:59:00,P-101,66.24235823026868,2.149607457616751,4.988410433223078,96.29935429368048,12.079473022917648,0,normal
2026-01-01 09:00:00,P-101,64.19998962964348,2.2561990840836437,4.934961169879686,98.83122622915216,12.302774573604902,0,normal
2026-01-01 09:01:00,P-101,65.1870425879037,2.222251103962796,4.791184655922402,95.2828937421022,12.192471368543996,0,normal
2026-01-01 09:02:00,P-101,65.11230721831713,2.242978090302614,4.989513331080807,98.25956479296566,12.19257669441817,0,normal
2026-01-01 09:03:00,P-101,63.158107972193925,2.241196426417743,4.943761503625044,99.89045816584748,11.957189651416233,0,normal
2026-01-01 09:04:00,P-101,64.72546093331154,2.276618091331541,4.873496665687801,92.83655874237284,11.712048566773214,0,normal
2026-01-01 09:05:00,P-101,65.13081889778296,2.208284640204325,4.933583964991627,95.8411590186779,11.541000816061525,0,normal
2026-01-01 09:06:00,P-101,65.35500970543968,2.2367419917689086,4.97368788596435,98.30451999901864,12.356310307006916,0,normal
2026-01-01 09:07:00,P-101,65.5874692266128,2.205868367662874,4.96827117267057,96.89069682572676,12.000516520401495,0,normal
2026-01-01 09:08:00,P-101,64.69179904826827,2.1797203179610665,4.917268694025624,97.9147986950164,11.839052579876595,0,normal
2026-01-01 09:09:00,P-101,65.51566991693562,2.1148250152140142,4.946088235160499,96.15029022348844,12.150120084502046,0,normal
2026-01-01 09:10:00,P-101,64.45637693128388,2.182992113747801,4.850822594270981,97.38422301991736,11.72697378724552,0,normal
2026-01-01 09:11:00,P-101,64.07952143921571,2.2237067672275836,4.991164846469505,96.93921118937388,11.989500742525752,0,normal
2026-01-01 09:12:00,P-101,64.13717563806674,2.2380106364869405,4.793187503599348,99.3126782533229,11.94485452074152,0,normal
2026-01-01 09:13:00,P-101,64.06976602862399,2.2203299429562815,4.956336098854776,97.6600404485129,12.057536641431447,0,normal
2026-01-01 09:14:00,P-101,65.62869493472833,2.1735575335807527,5.042356557749844,97.80135269924575,11.921325873140148,0,normal
2026-01-01 09:15:00,P-101,63.87662476499288,2.1784174434953756,4.890286626422883,96.44404745321212,11.60313584537412,0,normal
2026-01-01 09:16:00,P-101,65.14456209065192,2.1407995623140494,5.013146779154087,96.29966648980684,11.904105269228213,0,normal
2026-01-01 09:17:00,P-101,64.86267378086752,2.2353823427594675,5.0448098775468635,96.39085876984012,12.101498591470277,0,normal
2026-01-01 09:18:00,P-101,64.90888673553519,2.175099555297514,4.747164581123166,97.8717577797983,11.930309452223153,0,normal
2026-01-01 09:19:00,P-101,65.90276528757283,2.2199327276132363,4.953368870256168,96.39642735064702,12.046915844837228,0,normal
2026-01-01 09:20:00,P-101,64.61735361184493,2.2889181786850967,4.775380112001302,97.66842519352808,11.720946858671033,0,normal
2026-01-01 09:21:00,P-101,65.40489402814475,2.129904453394325,5.0004789980160815,100.8753589206048,12.021008608964172,0,normal
2026-01-01 09:22:00,P-101,64.96705722347023,2.2531142289564787,4.986504469449128,98.70064542178206,11.836117271635748,0,normal
2026-01-01 09:23:00,P-101,64.91713522905505,2.2051435914418285,4.791611310423351,96.53893894371092,12.045564336332273,0,normal
2026-01-01 09:24:00,P-101,66.48963803223961,2.401508857259609,5.127551725374233,99.28130400286426,11.984737432538328,0,normal
2026-01-01 09:25:00,P-101,64.07340305813018,2.1795442749073826,4.983802092726426,96.37809861920029,12.02935769384333,0,normal
2026-01-01 09:26:00,P-101,65.84517131046911,2.270343386021937,4.874945395567322,93.43770358130648,12.020673192670769,0,normal
2026-01-01 09:27:00,P-101,65.4255768333371,2.2014110669777263,5.0554330032678765,95.28564433429796,11.996893045053216,0,normal
2026-01-01 09:28:00,P-101,64.64155870700695,2.0558266867135213,4.811575325142713,93.72682505876756,11.866428438621757,0,normal
2026-01-01 09:29:00,P-101,65.95196761947861,2.1356922999499783,4.878515590736918,96.45575630832002,11.694030237547318,0,normal
2026-01-01 09:30:00,P-101,63.76825185407492,2.284564073643122,4.810198546556588,97.11604332134816,11.912924077507064,0,normal
2026-01-01 09:31:00,P-101,64.62453354812695,2.1525799111244694,5.127023833769613,100.09506700118595,11.896233929632412,0,normal
2026-01-01 09:32:00,P-101,64.16583963961887,1.972414719646756,4.999871435872633,97.66071898695924,11.861008778267934,0,normal
2026-01-01 09:33:00,P-101,65.20670146357985,2.1898708081833673,5.012886317637892,96.67281923484968,11.82527774689544,0,normal
2026-01-01 09:34:00,P-101,64.19274379094337,2.081193279543759,5.006622702516943,98.555261614265,11.760672733471502,0,normal
2026-01-01 09:35:00,P-101,65.07179267046952,2.189216185269691,4.970939749305882,93.07760060257613,11.400860300250486,0,normal
2026-01-01 09:36:00,P-101,64.80555738308334,2.346742257096071,4.980237884496813,97.47724445240937,11.790688723906728,0,normal
2026-01-01 09:37:00,P-101,64.68553839926079,2.2766164124502613,5.003328208611,98.43637146214792,11.99176703424927,0,normal
2026-01-01 09:38:00,P-101,65.09927209292262,2.3361400266455363,4.951364408326927,94.38321677913196,11.56186109428846,0,normal
2026-01-01 09:39:00,P-101,64.81703813080883,2.142893619154816,4.9483932686725804,99.09946950624298,11.976120532481614,0,normal
2026-01-01 09:40:00,P-101,64.40069154108629,2.1980609882449804,4.973198551552018,97.64622851170454,12.30944054021333,0,normal
2026-01-01 09:41:00,P-101,66.85350753584721,2.099283819471734,4.982009842715768,96.28582225874504,12.093185978812798,0,normal
2026-01-01 09:42:00,P-101,64.77916306872083,2.142546711231965,4.989427802227065,98.16893638584165,12.273776393399356,0,normal
2026-01-01 09:43:00,P-101,63.59762950225696,2.111777277269184,4.907695431476768,101.11394790194998,12.111644012445044,0,normal
2026-01-01 09:44:00,P-101,64.50654719841934,2.0754889998488903,4.879361084749029,97.35101515516186,12.154032419252143,0,normal
2026-01-01 09:45:00,P-101,64.09900233411197,2.327755054710763,5.050474817218906,97.46759168447583,11.779234804440716,0,normal
2026-01-01 09:46:00,P-101,65.45189914063666,1.9810787693785363,4.940423091932782,96.19126751446204,11.756869972029463,0,normal
2026-01-01 09:47:00,P-101,64.96993640325654,2.3096838532829698,4.995789811389297,95.4859037096782,11.316749070062851,0,normal
2026-01-01 09:48:00,P-101,65.32652664939438,2.3323045585755264,4.908630792079137,98.5079185759704,12.192466652087573,0,normal
2026-01-01 09:49:00,P-101,64.81974557462398,2.2568661449671215,4.851582168473595,95.47023798388524,12.172171935480534,0,normal
2026-01-01 09:50:00,P-101,64.74964963810955,2.08068953589877,4.912328909380735,97.13806722579552,11.803506567704412,0,normal
2026-01-01 09:51:00,P-101,64.70066909937624,2.0351281250523905,4.9458975271117405,96.14770820657398,11.833640904917774,0,normal
2026-01-01 09:52:00,P-101,64.8720689591147,2.1365704351653863,4.9321210140606775,97.86808350105868,11.785270082293568,0,normal
2026-01-01 09:53:00,P-101,65.5446062888108,2.2626994234424105,5.066626591589049,97.6051244971649,12.004684445210446,0,normal
2026-01-01 09:54:00,P-101,65.28533877018488,2.2079509068362273,5.001275653855406,98.8709022747783,12.191113577303996,0,normal
2026-01-01 09:55:00,P-101,65.16196427650195,2.077009014747483,5.090268537032723,96.08428337333928,11.53397410642397,0,normal
2026-01-01 09:56:00,P-101,65.31678889457838,2.3139148332332367,4.993465625138747,96.51570543537474,11.977358869189692,0,normal
2026-01-01 09:57:00,P-101,65.50553066949763,2.3605118282695265,4.783512022954992,95.23905802093785,11.801837386284308,0,normal
2026-01-01 09:58:00,P-101,65.15534187790023,2.1736880094155757,5.03592933479628,96.20064223441804,11.90869814542588,0,normal
2026-01-01 09:59:00,P-101,65.24101277821124,2.211820722470585,4.871123720572567,97.67923341454636,12.02217580277125,0,normal
2026-01-01 10:00:00,P-101,65.74235697091606,2.045644607538822,4.99976315180441,98.36257950996163,11.913236897544284,0,normal
2026-01-01 10:01:00,P-101,64.51154112046682,2.152140867494105,4.899174065398991,95.34019494354592,11.83948847762522,0,normal
2026-01-01 10:02:00,P-101,64.41373549926952,2.247611789370157,5.135646379999945,98.5656607587452,11.914194789251429,0,normal
2026-01-01 10:03:00,P-101,64.29120339363327,2.2425773606663184,5.095181663472059,99.44098085519492,12.177292666013503,0,normal
2026-01-01 10:04:00,P-101,65.1245371265815,2.149878090533696,4.925529186527932,97.74566314470547,12.016121886366664,0,normal
2026-01-01 10:05:00,P-101,63.81451061706495,2.174796971878913,4.994890416770345,100.38054535388234,12.055533068163944,0,normal
2026-01-01 10:06:00,P-101,65.16534389503798,2.1398439243568803,4.973226963042722,95.61050981672766,11.614124950283374,0,normal
2026-01-01 10:07:00,P-101,64.84754752608744,2.162841875772482,5.008080527426191,94.76415424168783,11.767208678608004,0,normal
2026-01-01 10:08:00,P-101,65.73536699145765,2.242077901574551,4.940082867529625,93.80422336668748,11.99386053306846,0,normal
2026-01-01 10:09:00,P-101,64.56274640771646,2.003188309693797,4.9252610707576565,99.70037137143171,11.998550455767736,0,normal
2026-01-01 10:10:00,P-101,64.89497493224235,2.1956658276922063,4.931641957058376,98.18710618023792,12.077519479324966,0,normal
2026-01-01 10:11:00,P-101,65.8206549255239,2.245423011720649,4.968797638882449,96.91113646288235,12.260636453951998,0,normal
2026-01-01 10:12:00,P-101,65.94567180040286,2.148281089149843,5.061584564849193,97.51725763356644,12.133238942848756,0,normal
2026-01-01 10:13:00,P-101,64.51181435044086,2.1467996542526033,4.979846083133301,94.98974328957776,11.86832396622728,0,normal
2026-01-01 10:14:00,P-101,65.09730350158587,2.152577207393223,4.9600656621063965,101.42047069694476,11.940416286869198,0,normal
2026-01-01 10:15:00,P-101,64.98378448771598,2.128370677185866,5.017920022006591,97.25339275669064,11.40689186348954,0,normal
2026-01-01 10:16:00,P-101,65.20190371760728,2.1959059782368695,4.945116726541983,97.22056652634538,11.88294001129579,0,normal
2026-01-01 10:17:00,P-101,64.78900229388732,2.208291872651947,5.045659367172275,98.33308068091972,11.884789921264222,0,normal
2026-01-01 10:18:00,P-101,65.8381301716498,1.990546392704555,5.155848185722767,97.8957456439764,12.014945608198367,0,normal
2026-01-01 10:19:00,P-101,63.734000853106195,2.260980393428394,4.949245471508641,97.43633174746893,11.89230890702913,0,normal
2026-01-01 10:20:00,P-101,64.65778624328206,2.1631739282399054,5.012253170764976,95.61408095841304,11.804345416865033,0,normal
2026-01-01 10:21:00,P-101,65.14443528151571,2.376528352428374,4.926716019470511,97.88935527131532,11.580800872038015,0,normal
2026-01-01 10:22:00,P-101,65.23593769893608,2.073834182815158,4.996464697448516,100.43231611519072,11.824975917625707,0,normal
2026-01-01 10:23:00,P-101,65.90709992981606,2.1164464416864477,4.99677506204335,99.47057019623036,12.079447314047025,0,normal
2026-01-01 10:24:00,P-101,65.89812921860565,2.1933414122016535,4.985650885554542,99.92087417576484,12.340807751499485,0,normal
2026-01-01 10:25:00,P-101,64.76701445407086,2.235907289028096,5.133785517626394,96.13745594121416,11.8646186014873,0,normal
2026-01-01 10:26:00,P-101,65.81831403380761,2.001883007321446,4.931348913689206,95.28104289166926,11.923993501464905,0,normal
2026-01-01 10:27:00,P-101,64.56937456670187,2.120918760520643,5.009487445020203,96.84078373052628,12.095719143306347,0,normal
2026-01-01 10:28:00,P-101,65.51862604612187,2.249251930035346,4.8366194647103935,97.1725545563034,11.752997849449052,0,normal
2026-01-01 10:29:00,P-101,66.19251035201317,2.1069785471898355,5.020710005159254,99.04702457233816,12.044773545827232,0,normal
2026-01-01 10:30:00,P-101,65.67526212801835,2.32392246147335,5.02030836051786,94.03645390532029,11.672995595893177,0,normal
2026-01-01 10:31:00,P-101,65.1276260071086,2.161340241008569,4.961484897565701,99.84167115462348,12.168215022336906,0,normal
2026-01-01 10:32:00,P-101,64.76144529284605,2.1074457078084308,4.79238281311889,96.80983629917192,11.934575698565505,0,normal
2026-01-01 10:33:00,P-101,63.98879132897463,2.2590102168124564,4.960612513862527,96.33181376804392,11.949644775837609,0,normal
2026-01-01 10:34:00,P-101,65.09755653145109,2.3488423977460857,4.954048268218569,95.28453986915832,11.70201647659103,0,normal
2026-01-01 10:35:00,P-101,64.2630069359451,2.2402565554888128,4.992024176364908,94.13389228128068,11.965423240360575,0,normal
2026-01-01 10:36:00,P-101,64.61570104607517,2.341041634485095,5.1267714724199465,98.60082599410062,12.374967364069224,0,normal
2026-01-01 10:37:00,P-101,64.12666782408799,2.356309544871334,4.9459737808835005,97.25775364255216,11.716150270190925,0,normal
2026-01-01 10:38:00,P-101,64.6224741122666,2.0988688895493475,4.888166744704491,94.8106913360711,11.776368938552627,0,normal
2026-01-01 10:39:00,P-101,64.94352160855517,2.289462188031298,4.866400710837284,94.80849569332848,11.890576365633471,0,normal
2026-01-01 10:40:00,P-101,65.19659330151752,2.0497951003564827,4.979289683116136,96.5424179923923,12.053553782170932,0,normal
2026-01-01 10:41:00,P-101,64.57216604770792,2.238204008690296,5.035139179733739,100.1584381616444,11.892843887791438,0,normal
2026-01-01 10:42:00,P-101,65.46201432350304,2.166237344016652,4.9287489173052474,96.69447949106288,11.33422832670334,0,normal
2026-01-01 10:43:00,P-101,64.90167981191719,2.3285251036882824,4.999145854123833,94.46380619230284,12.10575208460189,0,normal
2026-01-01 10:44:00,P-101,64.50693355861503,2.3193912244684967,4.999927087155169,96.73502017778264,12.054151829250308,0,normal
2026-01-01 10:45:00,P-101,64.99037614402438,2.239068183089571,4.9699714539420095,96.69452356668674,11.55224620090327,0,normal
2026-01-01 10:46:00,P-101,66.15334188185618,2.215789365954304,4.860223689050066,92.33927195021558,11.648664400150556,0,normal
2026-01-01 10:47:00,P-101,65.29722283610855,2.25990754971342,4.937313019624456,97.10435217083864,12.226767051030626,0,normal
2026-01-01 10:48:00,P-101,64.83183696957279,2.2139134445508692,4.797867013041818,96.79498838795963,12.193408935330362,0,normal
2026-01-01 10:49:00,P-101,64.05681723764268,2.199556668074334,5.0012311111912995,98.47260166974378,12.141906054628102,0,normal
2026-01-01 10:50:00,P-101,64.85089718591132,2.343516696601607,5.007408713945998,100.55648237336776,11.98147198440906,0,normal
2026-01-01 10:51:00,P-101,65.15079784705817,2.3560712180536334,5.005846335503893,99.2652806127629,11.994555902145388,0,normal
2026-01-01 10:52:00,P-101,64.70491634736452,2.1809019575647097,5.002929695889013,96.76273647994935,11.876696933373257,0,normal
2026-01-01 10:53:00,P-101,63.94675330476329,2.2271068768290685,4.979651822898948,95.26443188486915,12.083580913199842,0,normal
2026-01-01 10:54:00,P-101,64.40575082543552,2.203436188604449,5.011251555514212,101.89783781594342,11.881766653179282,0,normal
2026-01-01 10:55:00,P-101,65.86155674216252,2.029242354958908,4.977228399618901,97.38216365975084,11.760304978815684,0,normal
2026-01-01 10:56:00,P-101,65.9745810849678,2.171211348815142,4.874803766511721,97.31059156804524,12.12137266440856,0,normal
2026-01-01 10:57:00,P-101,64.39172743779578,2.3563181798509563,4.931661649720392,97.25220949186526,11.908693993653646,0,normal
2026-01-01 10:58:00,P-101,65.50924055990345,2.1332451151509697,4.980157672178845,97.6624698421003,12.20556756635377,0,normal
2026-01-01 10:59:00,P-101,64.1560152674705,2.4025500693811135,4.919055423076363,97.05651733902282,11.777393078774576,0,normal
2026-01-01 11:00:00,P-101,65.87006218063102,2.3123276706542883,5.023154443861583,96.29438881505048,11.87787599238375,0,normal
2026-01-01 11:01:00,P-101,65.05654523462036,2.228394607453377,4.917429889979043,96.35341356458945,11.706119809968891,0,normal
2026-01-01 11:02:00,P-101,65.58932470764552,2.252890926717045,4.988038851020833,97.28974722334512,11.920164952985068,0,normal
2026-01-01 11:03:00,P-101,63.74369831667083,2.0921089294910105,4.971976051147932,96.3816455170858,11.595739978112816,0,normal
2026-01-01 11:04:00,P-101,65.36525333107035,2.16488160647115,5.013119007063224,96.08795755104951,11.785112042340494,0,normal
2026-01-01 11:05:00,P-101,64.86900199514068,2.3297387837791037,5.038796246068252,97.57408638862702,11.639971818673189,0,normal
2026-01-01 11:06:00,P-101,65.57014756022338,2.1404206277065705,5.017933747421035,96.93514646532788,12.046839040598089,0,normal
2026-01-01 11:07:00,P-101,65.6460123166546,2.3119815468824236,4.853710036482064,100.11304705788837,12.14670927968858,0,normal
2026-01-01 11:08:00,P-101,64.84442495379542,2.0396291131290765,5.010050652999726,92.64602826388077,11.433328301819554,0,normal
2026-01-01 11:09:00,P-101,64.69647561442979,2.090128716448742,5.100857173462274,99.39455977686528,12.248613942406074,0,normal
2026-01-01 11:10:00,P-101,65.67831442222712,2.4097398269941106,4.963101628631831,99.68503285343346,12.490034010886976,0,normal
2026-01-01 11:11:00,P-101,64.89820487529377,2.1916511767939233,4.953788953254308,93.72236693672085,11.820872285448893,0,normal
2026-01-01 11:12:00,P-101,64.35473865680987,2.137241311483748,4.906143567932339,96.85017855414932,11.77728250457955,0,normal
2026-01-01 11:13:00,P-101,64.56612101160758,2.3550420783633337,4.831724762323857,96.81112577951076,12.469199891585932,0,normal
2026-01-01 11:14:00,P-101,63.8945854316025,2.307981275748414,4.897880500066064,94.9590568654031,11.584978006301592,0,normal
2026-01-01 11:15:00,P-101,64.62882617078185,2.2875629336111913,4.923245478491835,96.10552112542878,11.887186927136682,0,normal
2026-01-01 11:16:00,P-101,65.68228046746363,2.1390708523462503,4.930357666358751,95.51972175533784,11.901516107186518,0,normal
2026-01-01 11:17:00,P-101,65.21695443830325,2.182892821662772,4.93973766614058,100.68616524409994,12.289614481413482,0,normal
2026-01-01 11:18:00,P-101,64.6727453249405,2.233116520519956,4.940957957876696,99.22977195539036,12.048840953687067,0,normal
2026-01-01 11:19:00,P-101,65.48665571224798,2.265268431635401,4.997709295710883,99.84797382248712,11.895712435516923,0,normal
2026-01-01 11:20:00,P-101,64.38046285664025,2.1401885181136264,4.93480369850382,98.87195873215298,11.775921887886998,0,normal
2026-01-01 11:21:00,P-101,64.99137323991206,2.209004632387299,4.993592502338489,95.55457990599874,11.798273033130735,0,normal
2026-01-01 11:22:00,P-101,64.77765184268722,2.2146718826464618,5.014284341050172,96.65680954523512,11.698318814168024,0,normal
2026-01-01 11:23:00,P-101,65.49399111109287,2.32725482757586,5.151587553731992,98.49604115004772,11.964446298458368,0,normal
2026-01-01 11:24:00,P-101,63.88731972783419,2.2654486593428693,5.033094644317316,95.42970490686744,11.750051911233925,0,normal
2026-01-01 11:25:00,P-101,64.3315270066977,2.036080468828155,5.00629167789967,98.92744638166806,11.669015832792091,0,normal
2026-01-01 11:26:00,P-101,63.99387481891845,2.1853494831320215,4.9288427298462665,97.22612306130036,12.167812849513991,0,normal
2026-01-01 11:27:00,P-101,64.76491282501132,2.0995388851944994,4.99055066778612,96.99883531689404,11.810430554821012,0,normal
2026-01-01 11:28:00,P-101,65.68782427726443,2.245425473478692,5.012543599338533,98.96818821443892,11.715418285438105,0,normal
2026-01-01 11:29:00,P-101,64.64396502967314,2.289173131158839,4.94910032697156,98.5032243201956,11.92144490270836,0,normal
2026-01-01 11:30:00,P-101,64.64206640134017,2.2071854226944367,5.025551627819957,97.06904300472556,11.9257456033353,0,normal
2026-01-01 11:31:00,P-101,65.44248816112577,2.159000700983623,4.9003426210642695,99.82094820920008,11.645335101160196,0,normal
2026-01-01 11:32:00,P-101,65.67371195410975,2.204534664002319,4.940929539526662,95.8037528014288,11.940442117468017,0,normal
2026-01-01 11:33:00,P-101,64.85730479665558,2.2111634691055233,5.027650111379467,98.8740019227248,11.75678854394369,0,normal
2026-01-01 11:34:00,P-101,65.55274790605955,2.1482966920771247,4.968355999462625,98.84868897940726,12.307666431220374,0,normal
2026-01-01 11:35:00,P-101,64.30767519752445,2.079008392676791,4.957925680569229,97.23984888092777,12.02198756884318,0,normal
2026-01-01 11:36:00,P-101,65.85089172010046,1.989867056092916,4.974356325294257,98.40013355777155,11.872024008711284,0,normal
2026-01-01 11:37:00,P-101,66.29805885249874,2.315449614481279,4.897280775401269,95.57728622494112,11.718285032684763,0,normal
2026-01-01 11:38:00,P-101,65.32628565702669,2.248207526392527,5.077261762623023,99.50886974128288,11.96427255072576,0,normal
2026-01-01 11:39:00,P-101,63.6621370343131,2.238188539784236,4.904029968941672,97.529260597627,12.048435966245467,0,normal
2026-01-01 11:40:00,P-101,64.60321241174529,2.3226412696300205,4.991648935113752,96.93777821950609,11.903034520868143,0,normal
2026-01-01 11:41:00,P-101,65.38086337704202,2.0724562753686966,5.026791576171704,99.78362232919385,11.950076908448445,0,normal
2026-01-01 11:42:00,P-101,64.6948886233552,2.022877206301737,4.900040896587834,96.64444296724608,11.911007347180965,0,normal
2026-01-01 11:43:00,P-101,65.73629610250731,2.228065139337024,4.959057457265074,95.39401594584228,11.741048692127878,0,normal
2026-01-01 11:44:00,P-101,65.30729428178795,2.220754801533444,4.88777000960658,95.14442616987093,11.78569159972752,0,normal
2026-01-01 11:45:00,P-101,64.38485681837503,2.009048278332473,5.0879171300121495,99.05441567582332,11.5544739824937,0,normal
2026-01-01 11:46:00,P-101,65.04373295422324,2.2385533436108394,4.8770470906614385,95.67618962497735,12.065030934919797,0,normal
2026-01-01 11:47:00,P-101,64.45207360408912,2.163756584474847,4.965798015672343,101.15708122685804,12.094471992870092,0,normal
2026-01-01 11:48:00,P-101,64.76699813038287,2.106225857037781,4.856990164113493,94.26859146983836,11.673366575288464,0,normal
2026-01-01 11:49:00,P-101,64.78384376239067,2.1831524141628247,4.915835298621138,101.08742095018668,12.412369624776648,0,normal
2026-01-01 11:50:00,P-101,65.75321694038666,1.9546610595064613,5.095699943321502,98.43148729597416,11.9703479149577,0,normal
2026-01-01 11:51:00,P-101,66.28078104934842,2.1300480876503234,5.016949715218199,97.89554880443195,11.729637749737918,0,normal
2026-01-01 11:52:00,P-101,64.09932137648191,2.132952690832741,4.9808892765440165,97.10687367449783,12.084553694529028,0,normal
2026-01-01 11:53:00,P-101,63.76542884862391,2.257483894369071,4.942283478760571,98.8243866194856,12.04434124188642,0,normal
2026-01-01 11:54:00,P-101,64.84785208523009,2.1850014617127393,5.044098122439555,98.05652956662816,12.02061188409569,0,normal
2026-01-01 11:55:00,P-101,63.9845778496026,2.260635236378316,4.9435910446412805,100.12866153970025,11.91870872526069,0,normal
2026-01-01 11:56:00,P-101,65.0444245734202,1.9466902976445155,5.039223636669435,98.36688860663274,12.04110580295459,0,normal
2026-01-01 11:57:00,P-101,65.45221560289345,2.112136706762277,4.923429171813859,98.4504961176254,11.901163225484543,0,normal
2026-01-01 11:58:00,P-101,65.98432262693004,2.257100321580756,4.930326834289077,97.5442373420374,12.037515410590292,0,normal
2026-01-01 11:59:00,P-101,64.97776926561444,2.151612142936915,5.034231113914214,98.11513468859596,11.56246514985575,0,normal
2026-01-01 12:00:00,P-101,64.83138017942409,2.279623890506157,5.048374788362186,98.79068742712828,11.87694593021801,0,normal
2026-01-01 12:01:00,P-101,63.78396396314678,2.0275298986518537,4.993597678775359,95.17745734025856,12.199754739769396,0,normal
2026-01-01 12:02:00,P-101,64.91973225517559,2.2619924449066406,4.885005316737823,95.84825048407988,11.722034023442337,0,normal
2026-01-01 12:03:00,P-101,65.00020603161154,2.130813999621996,4.965051017569783,99.6321898170381,11.868198035012504,0,normal
2026-01-01 12:04:00,P-101,65.36948836592506,2.1211421700402218,4.997195988434635,98.62130765507388,11.869046961962225,0,normal
2026-01-01 12:05:00,P-101,64.4334685570967,2.2869887987602437,4.920571525621357,98.00211929550636,11.697102351687462,0,normal
2026-01-01 12:06:00,P-101,64.54569033807871,2.2965872019364526,5.079828519464283,98.38611262552332,11.509927223520048,0,normal
2026-01-01 12:07:00,P-101,64.01263987198207,2.3004232653721335,4.821846938520078,98.99832245966164,11.923832394085128,0,normal
2026-01-01 12:08:00,P-101,63.493089833211386,2.401856210526087,4.919697755829221,97.42095219050616,11.949800450531516,0,normal
2026-01-01 12:09:00,P-101,64.2444224383436,2.3226741376856483,4.934445489712644,97.01151449135328,11.899844421032869,0,normal
2026-01-01 12:10:00,P-101,63.956389491931986,2.1178393440492207,4.788774201116256,98.78502576502798,11.93457506056126,0,normal
2026-01-01 12:11:00,P-101,65.18713735169003,2.2105380253468936,4.869179673937845,96.6915713054378,11.909355313333212,0,normal
2026-01-01 12:12:00,P-101,64.72649293866196,2.171212217779555,5.0358475730082946,99.20773071303492,12.1808002157012,0,normal
2026-01-01 12:13:00,P-101,64.58881443802224,2.395899680003003,4.956405383688126,95.42855291294175,11.824767350202409,0,normal
2026-01-01 12:14:00,P-101,64.32378983307984,2.3063336598234394,5.113780562961893,100.36610414188894,11.896166608839216,0,normal
2026-01-01 12:15:00,P-101,62.87269420823521,2.1781247565421733,5.102013968650463,99.3848117438526,11.925319255337962,0,normal
2026-01-01 12:16:00,P-101,66.01061998111321,2.2912444648527064,5.020469171496874,99.01559249945984,12.08633712693515,0,normal
2026-01-01 12:17:00,P-101,64.45228092500876,2.0884894979188235,5.025369423444951,100.34427460149014,12.292733613753354,0,normal
2026-01-01 12:18:00,P-101,64.70469457070685,2.221913901319895,5.020555823173032,101.59406455725092,11.922193188883693,0,normal
2026-01-01 12:19:00,P-101,64.06589635908495,2.1075307526280342,4.818573688682698,100.44294299342624,12.033075047208564,0,normal
2026-01-01 12:20:00,P-101,65.60634652045796,2.0282369853340083,4.855625382911018,95.3244548843844,11.927405134918724,0,normal
2026-01-01 12:21:00,P-101,64.9854845173808,2.266139990416588,4.97060554119555,96.35582559786236,11.692159166590104,0,normal
2026-01-01 12:22:00,P-101,64.43862461131317,2.2880890577171544,5.018676890118138,97.55550905058004,11.930748704959983,0,normal
2026-01-01 12:23:00,P-101,64.62931121714352,2.232493888137444,5.007760348307853,98.74834614581826,11.66931561290613,0,normal
2026-01-01 12:24:00,P-101,65.96335513592197,2.167136231548014,4.934071935881396,99.6544483621492,11.635823390116595,0,normal
2026-01-01 12:25:00,P-101,64.9513377780286,2.073223324086951,5.03999525900998,97.43768192371148,11.996479739289796,0,normal
2026-01-01 12:26:00,P-101,64.84556915820906,2.0797162795179216,5.094787453015258,99.10163710024342,11.896274164741149,0,normal
2026-01-01 12:27:00,P-101,64.37524810186233,2.101602981209304,5.039932071372172,97.4272799351778,11.963274479579578,0,normal
2026-01-01 12:28:00,P-101,63.74320175877087,2.1737389001506933,5.046350195898434,97.70782428271016,11.927655733079634,0,normal
2026-01-01 12:29:00,P-101,64.78875824187121,2.2953645453259517,4.923836463766222,96.29822696230865,11.6936667991365,0,normal
2026-01-01 12:30:00,P-101,65.1788938854025,2.302306542524037,5.047216687188107,97.1901298599051,11.906653035404286,0,normal
2026-01-01 12:31:00,P-101,65.59104038092221,2.0210072947940514,4.9746103147150835,96.44072099621476,11.646601368883472,0,normal
2026-01-01 12:32:00,P-101,63.60580538974448,2.138371310576221,5.007199431862408,97.13905448658676,12.192366106197882,0,normal
2026-01-01 12:33:00,P-101,64.18231775221636,2.118113082589254,5.033721456542041,100.81412275443118,11.753229613660944,0,normal
2026-01-01 12:34:00,P-101,64.57973522559253,1.941952193944645,4.963802477306818,97.23065746876472,11.877762669869226,0,normal
2026-01-01 12:35:00,P-101,64.9636277709916,2.2527138458451827,4.976799192196187,103.69993654547484,11.902543778754795,0,normal
2026-01-01 12:36:00,P-101,64.9443110464807,2.179793497108054,4.992968018159713,99.87175846084972,12.11023698849765,0,normal
2026-01-01 12:37:00,P-101,64.89075841756484,2.1852407249953663,5.0624602267964285,99.33869135726306,11.913874466461593,0,normal
2026-01-01 12:38:00,P-101,65.20252940697831,2.3274176165698894,4.94392873103889,97.48320374107936,11.82076276830814,0,normal
2026-01-01 12:39:00,P-101,64.47585041840179,2.216029865946518,5.065645577196484,100.31112688139144,12.179974115452056,0,normal
2026-01-01 12:40:00,P-101,65.58863848863062,2.1548065593523953,5.031962956239709,98.03680092964716,11.946990146224923,0,normal
2026-01-01 12:41:00,P-101,65.31071673807872,2.260518922211816,4.972224420073894,99.31500378652817,12.082779002783038,0,normal
2026-01-01 12:42:00,P-101,64.76253954028898,2.3025078145972406,5.13447631918524,103.72603119318693,11.915515748492115,0,normal
2026-01-01 12:43:00,P-101,65.93141195313716,2.217169243280277,4.964786918239773,98.96751852231225,11.688062166883864,0,normal
2026-01-01 12:44:00,P-101,66.03210802649102,2.271254685969172,5.11798546707485,101.23171866919652,12.05839315248392,0,normal
2026-01-01 12:45:00,P-101,65.56222232738573,2.1803964174839674,5.0095884995596505,97.9199610851782,11.873829561456398,0,normal
2026-01-01 12:46:00,P-101,63.072815242658415,2.195800184624317,4.990343401380348,99.14540156720936,12.09964898150707,0,normal
2026-01-01 12:47:00,P-101,66.04611573534012,2.213565091038277,4.962039633623814,102.41857302474492,12.056575500209838,0,normal
2026-01-01 12:48:00,P-101,65.5112649045153,2.1240789752319964,4.975075680235421,98.12538963448743,11.98477675688155,0,normal
2026-01-01 12:49:00,P-101,66.21719025074742,2.1332537969897847,5.011128656274344,102.53918222189536,11.751498960668613,0,normal
2026-01-01 12:50:00,P-101,65.94256555301845,2.3535838005694645,4.917655426954958,100.57361739225212,12.394895909690415,0,normal
2026-01-01 12:51:00,P-101,65.99668243945021,2.397453860909315,4.967868480437593,98.310156002783,11.916456283077084,0,normal
2026-01-01 12:52:00,P-101,65.62503773470515,2.365381172213864,4.9485728194543075,100.48390420611032,12.154034520251148,0,normal
2026-01-01 12:53:00,P-101,65.82987558086778,2.0623285502372255,5.052211251127157,101.1191827298642,11.866357147852002,0,normal
2026-01-01 12:54:00,P-101,66.32310553311477,2.0610914010143473,5.096548593760189,100.51089604592144,12.076928861821113,0,normal
2026-01-01 12:55:00,P-101,65.01373885414966,2.0664122881430647,4.879999148040821,96.5883245381488,11.637080783439515,0,normal
2026-01-01 12:56:00,P-101,63.99004949099485,2.214810097861735,5.1011516323832655,98.12900913975804,12.034283841844676,0,normal
2026-01-01 12:57:00,P-101,64.76489481329054,1.9150983291414203,4.981156269695318,99.01548421022773,11.899269709429664,0,normal
2026-01-01 12:58:00,P-101,65.24868541640593,2.140573646401673,4.92525082832212,99.3502325267817,11.986345076590563,0,normal
2026-01-01 12:59:00,P-101,65.1040939289274,2.347043300240214,5.059289326973419,100.62464923588465,12.158334283102558,0,normal
2026-01-01 13:00:00,P-101,64.10188776347982,2.288204230671,4.967253770587739,99.85055840655916,11.74900868995272,0,normal
2026-01-01 13:01:00,P-101,63.861970432433,2.1401950365209044,4.965782061204106,97.15036285263103,11.777612539456372,0,normal
2026-01-01 13:02:00,P-101,64.55300431564142,2.160637033054828,4.974317047265134,100.261652435998,12.099314429297293,0,normal
2026-01-01 13:03:00,P-101,65.67925296303025,2.274349570868182,4.94982524802877,100.69969032593124,12.440635004687287,0,normal
2026-01-01 13:04:00,P-101,66.02418713021724,2.293180164573828,5.056996023323963,100.63162310558296,11.991332226235194,0,normal
2026-01-01 13:05:00,P-101,65.65387280490324,2.1533267139057655,4.995886832933655,101.5927931136248,12.166011016993531,0,normal
2026-01-01 13:06:00,P-101,65.6921442316557,2.1771138544030864,4.911152943996602,101.1718569449149,12.01376141437575,0,normal
2026-01-01 13:07:00,P-101,65.0888949522165,2.159561892836319,5.043781716447375,100.52075077522603,12.40407164220804,0,normal
2026-01-01 13:08:00,P-101,63.74105034198745,2.052396934662059,4.911523003222526,99.5913767794189,11.638296969989517,0,normal
2026-01-01 13:09:00,P-101,64.676619913387,2.1748842870219067,4.886785900135506,96.75141122227744,11.921466545602197,0,normal
2026-01-01 13:10:00,P-101,64.72366337275979,2.158048416319333,5.088861789420964,100.53793550725511,11.69102925850524,0,normal
2026-01-01 13:11:00,P-101,64.50315642084978,2.054077364091761,4.917875775846286,100.1619568791001,11.50354439226566,0,normal
2026-01-01 13:12:00,P-101,65.05952894486957,2.267348354606752,4.840853563498713,100.30047034836372,12.068506521074475,0,normal
2026-01-01 13:13:00,P-101,65.27082621091049,2.246492452660312,5.018970324185165,97.5370020237861,11.954009619943076,0,normal
2026-01-01 13:14:00,P-101,65.51260546490525,2.264788609232734,4.957857348687683,97.9127788751362,11.880415978705646,0,normal
2026-01-01 13:15:00,P-101,64.83045640659067,2.1244768865597115,5.002543098407552,101.77789568872204,12.032098052653708,0,normal
2026-01-01 13:16:00,P-101,63.97770031539714,2.026230309796094,4.9763306569237225,99.83456844582363,12.61469694018896,0,normal
2026-01-01 13:17:00,P-101,64.68019545338664,2.2460549382132378,5.027777115339009,101.15602196076988,11.983045631216813,0,normal
2026-01-01 13:18:00,P-101,65.06416090014584,2.1376743447771487,4.947348164317779,100.00385112509936,12.102140406002995,0,normal
2026-01-01 13:19:00,P-101,65.74968460517222,2.1057742673366304,5.103628034703865,100.0299993484262,11.87102701653001,0,normal
2026-01-01 13:20:00,P-101,64.66932474676612,2.078683246156889,4.91355297488591,101.6889108507568,12.109713840530825,0,normal
2026-01-01 13:21:00,P-101,65.3069711537204,2.1694754952210897,5.022088056086147,99.09468119187486,11.92519370074512,0,normal
2026-01-01 13:22:00,P-101,65.16213230415146,2.3547127490637245,5.047149863775654,100.22013935042924,11.92450048396693,0,normal
2026-01-01 13:23:00,P-101,65.14786337341997,2.1630925366518494,4.939210214489981,99.23858377483177,12.340937219685015,0,normal
2026-01-01 13:24:00,P-101,65.68002706519638,2.0996117421702087,4.921459979509114,99.3121390678562,12.214801164672554,0,normal
2026-01-01 13:25:00,P-101,64.57541881849163,2.265760836832237,5.066814891242248,99.56126962503365,12.014187418230854,0,normal
2026-01-01 13:26:00,P-101,64.47051615369688,2.1994969246588605,4.936051348629526,100.5411601410696,11.555392417043295,0,normal
2026-01-01 13:27:00,P-101,64.95967640107887,1.9843455130700505,4.950564554354891,99.30310302074308,11.906891245971778,0,normal
2026-01-01 13:28:00,P-101,64.79882839333597,2.2907973315921137,5.0865989532183855,102.44873258462027,12.614067490419623,0,normal
2026-01-01 13:29:00,P-101,65.2993783445656,2.4093233888936005,4.9884477644857155,98.6015878137984,11.91191530108601,0,normal
2026-01-01 13:30:00,P-101,64.61258981964656,1.9486509578267583,4.873190026542894,99.8990083276931,12.217613764241523,0,normal
2026-01-01 13:31:00,P-101,65.24244080669227,2.087325748644409,5.116967572043748,99.46734319250024,12.272408776165529,0,normal
2026-01-01 13:32:00,P-101,64.98052746828235,1.920363264619838,4.991768098203325,102.88688513179228,12.130399337124963,0,normal
2026-01-01 13:33:00,P-101,65.0876998685077,2.1865264712290986,4.97840270935761,100.65957196510598,11.851422832579548,0,normal
2026-01-01 13:34:00,P-101,64.55365472257954,2.2821799527320525,5.039770128706013,102.18652310431668,11.578533226772922,0,normal
2026-01-01 13:35:00,P-101,64.80310937012972,2.2132377048735883,5.020541410999355,97.67860352090696,12.067190747349,0,normal
2026-01-01 13:36:00,P-101,65.01436835088263,2.333709550003788,5.145844202182978,100.85669017925758,11.86274950481302,0,normal
2026-01-01 13:37:00,P-101,65.16468630483787,2.286865071985357,4.903802224018619,102.00069944770183,12.095251073808594,0,normal
2026-01-01 13:38:00,P-101,64.91577488742783,2.3609011474853134,5.063524803389901,100.5708148765085,11.767160378377383,0,normal
2026-01-01 13:39:00,P-101,66.11473966465708,2.316735834859118,5.075649498351589,102.3638819768084,12.017868951210213,0,normal
2026-01-01 13:40:00,P-101,64.35353227060311,2.1594212666001864,4.985780298088212,99.53818418494002,11.992889336528412,0,normal
2026-01-01 13:41:00,P-101,65.00887763624026,2.212456657390287,5.085403017957542,103.02938593204064,12.144600294170075,0,normal
2026-01-01 13:42:00,P-101,63.947968523704496,2.109798295661107,5.111937220468087,104.65380392335288,11.916649680230105,0,normal
2026-01-01 13:43:00,P-101,65.32443839233547,2.1863727181076715,4.902121333420792,99.8858728369882,12.235958374861916,0,normal
2026-01-01 13:44:00,P-101,64.2307896301788,2.2011202962102394,5.120086049464016,99.7602394052358,11.87342822521068,0,normal
2026-01-01 13:45:00,P-101,64.73549978320953,2.1819551475926713,4.922900272528933,103.20136302486024,11.76114699865516,0,normal
2026-01-01 13:46:00,P-101,64.78676826249523,2.3374950753687154,4.955043777797134,103.4515917483848,12.08174306845885,0,normal
2026-01-01 13:47:00,P-101,65.18173330984379,2.1668865168982343,4.978577535152194,99.69026723058803,11.997583078722933,0,normal
2026-01-01 13:48:00,P-101,64.65085714517853,2.1079537862537387,5.133726770457264,99.89809345341708,12.029060690236864,0,normal
2026-01-01 13:49:00,P-101,64.71018757555578,2.124140185544752,4.980123950963847,100.1701915046584,12.277532225876769,0,normal
2026-01-01 13:50:00,P-101,65.89869869738725,2.2615548266744137,4.9805678794135035,98.28032517170602,11.901119987804009,0,normal
2026-01-01 13:51:00,P-101,65.16682638273032,2.0576127842107432,5.090942019061595,99.06965167882755,11.948165625491074,0,normal
2026-01-01 13:52:00,P-101,64.54694951045329,2.1697822474726527,4.968363892833826,98.93861628134084,11.747521612193609,0,normal
2026-01-01 13:53:00,P-101,64.88795859979807,2.338578651571299,4.911377755116969,99.38683250221156,12.145715675643926,0,normal
2026-01-01 13:54:00,P-101,66.09003881016375,2.2316093407098276,4.978085425059318,100.72918635259992,12.058737403393618,0,normal
2026-01-01 13:55:00,P-101,64.83071792084188,2.1906623287115643,5.108314507048014,101.23590786816096,11.953071690585997,0,normal
2026-01-01 13:56:00,P-101,64.45673564556279,2.185525011134653,5.04123929184569,103.62787420518302,11.727901287462398,0,normal
2026-01-01 13:57:00,P-101,64.64601798811266,2.107473881999548,5.125771441982474,99.06253638485356,12.260758530556624,0,normal
2026-01-01 13:58:00,P-101,64.58499615342087,2.107649770792443,5.078194457767899,102.65390129295476,11.834081045897433,0,normal
2026-01-01 13:59:00,P-101,64.57764107634915,2.176374929385858,4.960057714054732,100.51943396022756,11.897327416932889,0,normal
2026-01-01 14:00:00,P-101,64.20211218555869,2.2309996786664383,5.01195550437006,100.83801630575046,12.096809391387715,0,normal
2026-01-01 14:01:00,P-101,64.20823399484946,2.2878394649362113,4.961915791604515,102.16410598744464,11.8256115939,0,normal
2026-01-01 14:02:00,P-101,64.3453800246531,2.1960490066300573,4.942718214012409,98.95085261578232,11.66982362282284,0,normal
2026-01-01 14:03:00,P-101,65.25350951889492,2.3203046583640425,5.3,101.682351208519,11.625681019715437,0,normal
2026-01-01 14:04:00,P-101,64.81648174119898,2.3678667704268213,5.084461993057561,101.31582773551936,12.183674222646708,0,normal
2026-01-01 14:05:00,P-101,64.84739188114573,2.277474947426146,5.079524493694938,101.92476344644714,11.94870565444815,0,normal
2026-01-01 14:06:00,P-101,66.04706586783773,2.3478134152538215,4.972186658832154,101.58092809037184,12.63288186120582,0,normal
2026-01-01 14:07:00,P-101,65.8299205065445,2.0995761746137065,5.164890611952701,105.50197273130252,11.966188168812902,0,normal
2026-01-01 14:08:00,P-101,64.75165985302768,2.0776562283674447,5.076523508989522,99.95644168640166,11.814403045906266,0,normal
2026-01-01 14:09:00,P-101,64.55215095817988,2.2474787365003404,5.13341801220177,100.17045219467258,11.892034971783096,0,normal
2026-01-01 14:10:00,P-101,64.45541689414198,2.0678557728738403,5.128581963883199,100.0263973495307,12.04941885151362,0,normal
2026-01-01 14:11:00,P-101,65.41917422120858,2.1674050979867756,4.898162992321934,100.1699242488761,11.911057059709222,0,normal
2026-01-01 14:12:00,P-101,64.91026709503959,2.2820708244562975,4.922752704178633,100.0441468427526,12.12379084808308,0,normal
2026-01-01 14:13:00,P-101,64.71548636968807,2.337532497999707,4.963267458343344,103.35326054257982,11.904880138279664,0,normal
2026-01-01 14:14:00,P-101,64.41421683845121,2.168075442090122,4.9718386621887,103.79145072219708,11.837425177973197,0,normal
2026-01-01 14:15:00,P-101,64.37624247916453,2.120894215614594,5.02492802433686,100.22863588386323,11.647216128634074,0,normal
2026-01-01 14:16:00,P-101,65.05006816006764,2.21399248621939,4.958114736784369,99.7790978431076,11.54865810170579,0,normal
2026-01-01 14:17:00,P-101,64.13124553614362,2.091077702387079,5.166553555313944,102.14716574605676,11.960801168486691,0,normal
2026-01-01 14:18:00,P-101,65.6290170974082,2.180655271907346,5.136585752044335,100.325816029862,11.949578418417216,0,normal
2026-01-01 14:19:00,P-101,64.6348426275032,2.1971247547132746,5.0243498197542005,102.4802131339733,11.948118988522562,0,normal
2026-01-01 14:20:00,P-101,65.00791098787533,2.209221526634519,5.1541451644979945,101.72723293675098,12.300498147539962,0,normal
2026-01-01 14:21:00,P-101,64.20279957090564,2.217060089518587,5.090715261072928,98.65458371661136,12.205243553419969,0,normal
2026-01-01 14:22:00,P-101,65.0125135684757,2.118897249109441,5.010343528909351,104.18929880517582,12.058718366666374,0,normal
2026-01-01 14:23:00,P-101,64.70991697363013,2.1185379106100433,4.905926415730048,104.65714898118372,11.78093024679712,0,normal
2026-01-01 14:24:00,P-101,64.9313717876635,2.1211654226876178,4.988164626847081,100.34224137943325,11.896926219771988,0,normal
2026-01-01 14:25:00,P-101,65.9226872959854,2.0341135960290853,4.962556459990568,100.76800091660608,11.903075748714771,0,normal
2026-01-01 14:26:00,P-101,65.09051408634451,2.231327072936709,5.034464730846229,102.00093370860203,11.92860101880245,0,normal
2026-01-01 14:27:00,P-101,64.45677380465712,2.286414576523703,5.027334168295299,102.10881882140676,11.923720783862557,0,normal
2026-01-01 14:28:00,P-101,64.52038094679364,2.27765830984523,5.031536275503568,102.7125039380622,11.950682538996904,0,normal
2026-01-01 14:29:00,P-101,65.41401747930976,2.176856852064304,5.088315190542887,105.16572586463457,12.077663452759484,0,normal
2026-01-01 14:30:00,P-101,65.81277716441755,2.1153139360846773,4.927613370550728,101.24899068465857,11.910361500776649,0,normal
2026-01-01 14:31:00,P-101,65.19941060970089,2.276278766660578,5.030301239057413,100.15060196275336,12.04618256060772,0,normal
2026-01-01 14:32:00,P-101,65.4636985047063,2.265724898894107,4.960473927033918,99.12470577451084,12.045814916416298,0,normal
2026-01-01 14:33:00,P-101,65.33585669471607,2.2148308841918825,5.017115259371398,100.3116505380939,11.82722049870632,0,normal
2026-01-01 14:34:00,P-101,66.0280345604825,2.38650457573377,5.082893088194469,101.58743990282156,12.301836262286054,0,normal
2026-01-01 14:35:00,P-101,63.71557963255984,2.195393247272638,4.963261164408436,104.89691485339084,11.950894985233605,0,normal
2026-01-01 14:36:00,P-101,65.32836904043143,2.1622740564513383,4.987854942266043,100.75454979529128,11.699076371095671,0,normal
2026-01-01 14:37:00,P-101,65.68822218411697,2.165594696101644,5.012787642269508,102.1085038651528,12.139410730227596,0,normal
2026-01-01 14:38:00,P-101,64.09041329430647,2.039407509728443,4.980955717422043,101.69545454319888,11.887382009413098,0,normal
2026-01-01 14:39:00,P-101,64.4875812315231,2.2733643451144876,5.101821539180968,103.88334744516604,12.18075871750646,0,normal
2026-01-01 14:40:00,P-101,64.34500866961089,2.1777963154235582,5.012691156118467,106.31183412344994,11.708621303483392,0,normal
2026-01-01 14:41:00,P-101,64.63243968193174,2.2631249309444836,4.969389966013532,100.82679939744952,12.3032951702201,0,normal
2026-01-01 14:42:00,P-101,64.7436072870889,2.3906704710887814,4.959508357487803,100.92026967944484,12.162066771991428,0,normal
2026-01-01 14:43:00,P-101,65.09150360467747,2.153360454574311,5.113439245118019,103.69953663173033,11.81089078911931,0,normal
2026-01-01 14:44:00,P-101,65.49136844593355,1.9580482623408184,4.996190170554008,103.06612584228628,11.79622835049933,0,normal
2026-01-01 14:45:00,P-101,65.87431886369605,2.2677027902249627,5.084016727704393,105.18135503425437,12.489893831847136,0,normal
2026-01-01 14:46:00,P-101,64.43452980337332,2.214299058204397,5.167567344112044,102.92679870259386,11.940327980378225,0,normal
2026-01-01 14:47:00,P-101,64.40564710397256,2.1215779327605246,5.007236036804773,101.24733262293142,11.870583008941418,0,normal
2026-01-01 14:48:00,P-101,65.72790278139726,2.225168757606346,5.107598754247243,102.9754506644922,11.63605310110491,0,normal
2026-01-01 14:49:00,P-101,65.43705244104214,2.280514647212726,5.156255126279024,103.92603403925058,12.047625380057209,0,normal
2026-01-01 14:50:00,P-101,65.07388650092336,2.1076275065455343,5.106155529914287,103.4252120711458,12.057212439167223,0,normal
2026-01-01 14:51:00,P-101,65.38798594045625,2.1790459111562916,5.0276168455688435,102.87929376872852,12.229477432415752,0,normal
2026-01-01 14:52:00,P-101,64.92368352721458,2.3411674856040947,5.083987043502217,103.90395003723144,11.837302815480047,0,normal
2026-01-01 14:53:00,P-101,65.27767591234102,2.120603022975358,4.950946302115686,104.106280363516,11.81913105245736,0,normal
2026-01-01 14:54:00,P-101,64.86044673081179,2.215682985088866,4.990466216173472,104.50692372439688,12.225400238687202,0,normal
2026-01-01 14:55:00,P-101,65.27883715273113,1.9494576200065403,4.989713537628368,103.2040800342602,12.29746841527322,0,normal
2026-01-01 14:56:00,P-101,63.92656910480034,2.0413496256107866,5.174371136144357,101.75282877321573,11.738354392972896,0,normal
2026-01-01 14:57:00,P-101,64.65316199714542,2.2272056684512176,4.966467467564964,102.33483835628329,12.286347967948446,0,normal
2026-01-01 14:58:00,P-101,64.60729493655002,2.328210461125845,4.984671172706592,104.259454529492,12.135292004182125,0,normal
2026-01-01 14:59:00,P-101,64.83973100788086,2.07329240659594,4.933266632077927,100.63411006953557,12.237384369900996,0,normal
2026-01-01 15:00:00,P-101,64.422092748232,2.2102365620733457,5.067036146330461,102.78493229953088,12.069503896682402,0,normal
2026-01-01 15:01:00,P-101,64.491651198784,2.1439658725882285,5.024282554432685,101.42990569458637,11.53844158734,0,normal
2026-01-01 15:02:00,P-101,64.0281573982121,2.296740409930208,5.0981343241375825,102.20611957457224,12.035790110773958,0,normal
2026-01-01 15:03:00,P-101,65.47782056521139,2.092067127245422,5.091707403527999,104.47192269025848,12.34618644444201,0,normal
2026-01-01 15:04:00,P-101,64.91037827552108,2.238894857729719,4.928681552776316,102.53088420470006,11.89717732232426,0,normal
2026-01-01 15:05:00,P-101,63.88846631692944,2.1342710755271006,4.966356089249155,102.28655331498813,11.991003605668151,0,normal
2026-01-01 15:06:00,P-101,64.44262831132339,2.220620117131646,5.093284534691027,99.77115223117198,11.957907866224964,0,normal
2026-01-01 15:07:00,P-101,65.05339331150516,2.1879905204982486,5.021548508765862,103.57793858862388,11.52743538168502,0,normal
2026-01-01 15:08:00,P-101,64.7998582148468,2.192287518871173,5.117253474610714,103.4122047349453,12.436635657135854,0,normal
2026-01-01 15:09:00,P-101,64.5485686446749,2.2479618239143275,5.051119373033981,106.15970393880538,12.004515982184726,0,normal
2026-01-01 15:10:00,P-101,65.00505201949365,2.21048381737874,4.949536220758651,101.72721707388467,12.1529635987111,0,normal
2026-01-01 15:11:00,P-101,65.24552398075335,2.1892548649794743,5.0056809478660735,102.69092023027436,12.063387379678588,0,normal
2026-01-01 15:12:00,P-101,64.18338875563927,2.177731815479409,4.959840817901588,102.76043035900672,12.334336722042073,0,normal
2026-01-01 15:13:00,P-101,65.44024942425904,2.2172073717136676,5.01207033796274,105.16590313309096,12.236188318478344,0,normal
2026-01-01 15:14:00,P-101,64.48614714021778,2.222928671758902,5.0357623920967525,102.16975926371848,12.018107923607358,0,normal
2026-01-01 15:15:00,P-101,64.95581175432109,2.0973674986986186,5.064394251716119,102.85818953902884,11.907042667667008,0,normal
2026-01-01 15:16:00,P-101,65.06920558457074,2.17559329632486,4.923333394918368,103.46467875461684,12.263510502914931,0,normal
2026-01-01 15:17:00,P-101,64.55483379142669,2.0827587504834586,5.025991534292803,102.72072948184396,11.706933623664396,0,normal
2026-01-01 15:18:00,P-101,64.39658596586169,2.2030971492472533,4.97489163320352,101.59547346927032,12.177042288133288,0,normal
2026-01-01 15:19:00,P-101,64.76637674450797,2.135289408173791,4.982235852303155,102.7624888930272,11.86306571647984,0,normal
2026-01-01 15:20:00,P-101,66.18990023263099,2.2923280898532257,5.05288380466804,104.35958813287245,12.3812443763775,0,normal
2026-01-01 15:21:00,P-101,64.13242972518543,2.2692748114884456,4.96739934700738,100.59309780956244,12.050052842819412,0,normal
2026-01-01 15:22:00,P-101,66.17337696910795,2.1161106872652513,5.123687605296662,102.69379456573944,12.209638590542204,0,normal
2026-01-01 15:23:00,P-101,64.8496013486833,2.201874420875357,5.095241372209295,101.20770408717206,12.052628885380106,0,normal
2026-01-01 15:24:00,P-101,64.94896444382408,2.2553914319495747,5.129051237124827,104.6323256548884,11.788494350618452,0,normal
2026-01-01 15:25:00,P-101,64.23078999144937,2.175286541566391,4.962883010398647,99.75267240829685,11.820434339569838,0,normal
2026-01-01 15:26:00,P-101,64.5615064417621,2.1343589975311557,4.9476387091458065,101.50136275901596,12.179518750292756,0,normal
2026-01-01 15:27:00,P-101,64.718366886077,2.095932008178575,5.037734715425298,103.19926203681295,12.129309024576358,0,normal
2026-01-01 15:28:00,P-101,64.45915229610661,2.3012957878352354,5.04298488465124,105.35092702912786,12.396725791934973,0,normal
2026-01-01 15:29:00,P-101,64.91791793895918,2.2964101275428104,4.981654180380496,102.42718017501312,12.153470317857828,0,normal
2026-01-01 15:30:00,P-101,64.68413543209907,2.173341898600991,4.933284202183458,101.55856134501452,11.853416462209903,0,normal
2026-01-01 15:31:00,P-101,66.20982372339945,2.2773927276888086,5.056656094967117,105.9562352815882,12.01947423090352,0,normal
2026-01-01 15:32:00,P-101,64.24906690777708,1.904273247407967,4.971473149084953,99.97580106026258,12.019857509912525,0,normal
2026-01-01 15:33:00,P-101,64.89044679206285,2.312606660062496,5.034547188589104,98.63628959964431,11.496279874789307,0,normal
2026-01-01 15:34:00,P-101,65.31391918104062,2.201770559221359,5.080536629140609,103.39792055341056,12.436625993726912,0,normal
2026-01-01 15:35:00,P-101,64.35320871430525,2.2197681784718295,5.094193890553427,101.71379041738368,12.13976305979702,0,normal
2026-01-01 15:36:00,P-101,65.54063265401537,2.17871334557295,4.91975632106136,100.79070096929632,12.269127948488665,0,normal
2026-01-01 15:37:00,P-101,64.67155509652044,2.331624194460292,5.067226396538677,103.91523150001224,11.801336156838532,0,normal
2026-01-01 15:38:00,P-101,63.49951273853394,2.1075915246973542,4.979978782314185,103.09013817505424,12.34161717732268,0,normal
2026-01-01 15:39:00,P-101,65.60239960910135,2.3672743025159275,4.9310399933017415,101.64689880585172,12.4957067463811,0,normal
2026-01-01 15:40:00,P-101,64.1853958928341,2.2295022312374417,4.973682559963165,100.3684716549575,11.746878478573262,0,normal
2026-01-01 15:41:00,P-101,64.41761201031224,2.273542504483548,5.1173499197136065,104.25405711041834,12.281902072293304,0,normal
2026-01-01 15:42:00,P-101,65.48779072090804,2.171725757041736,5.01258216372614,103.86444484760744,12.11615533436568,0,normal
2026-01-01 15:43:00,P-101,64.69275607941422,2.059853627980218,5.134840314162476,102.52584879653384,11.766888694246369,0,normal
2026-01-01 15:44:00,P-101,65.69445726726609,2.304240261628766,5.098805773589262,106.03842775028386,12.27972962687889,0,normal
2026-01-01 15:45:00,P-101,65.853342094218,2.238767593088138,4.980396435892241,100.79827694208817,12.190668949230114,0,normal
2026-01-01 15:46:00,P-101,64.53859441958723,2.3313392508362214,5.081086035245867,99.9882645222418,11.879422625133484,0,normal
2026-01-01 15:47:00,P-101,65.61296784180155,2.191747764484804,5.046161643584096,101.4983869536096,12.278134912659333,0,normal
2026-01-01 15:48:00,P-101,64.4203247356193,2.1479482057129293,4.9614329332848515,102.67120904761204,11.746783590070525,0,normal
2026-01-01 15:49:00,P-101,66.38049816410107,2.330691431431478,5.1621216589826755,103.20054744920392,11.797065194186189,0,normal
2026-01-01 15:50:00,P-101,64.58368260852654,2.3950870920465257,5.041537654549979,102.33741369339248,12.097441889919525,0,normal
2026-01-01 15:51:00,P-101,65.70458363583884,2.2052349232611266,5.0354584284454456,103.4142695006461,12.107505140613837,0,normal
2026-01-01 15:52:00,P-101,65.50393723682161,2.119635532599843,4.945478298047826,100.53655849412196,11.872782057138838,0,normal
2026-01-01 15:53:00,P-101,65.31879397513482,2.2940058637948435,5.136534612300153,105.39669335676116,12.323819687897211,0,normal
2026-01-01 15:54:00,P-101,64.6292233767738,2.1820352498623197,5.062793879629121,102.65845997138295,12.18593266198468,0,normal
2026-01-01 15:55:00,P-101,65.01233128350204,2.2725822429131033,5.092303737666928,104.82570650462608,12.316399009325584,0,normal
2026-01-01 15:56:00,P-101,63.627663429379986,2.1772147685957175,4.998868285256622,103.43954793034254,12.078559150839824,0,normal
2026-01-01 15:57:00,P-101,65.22640691271583,2.3656052747088823,5.0949139628993185,103.6526922865614,12.230096822192513,0,normal
2026-01-01 15:58:00,P-101,65.23662473435581,2.131122451687771,5.102465323358962,103.8638371809006,12.02678505482102,0,normal
2026-01-01 15:59:00,P-101,65.26888452861098,2.268865526963178,4.989702283204398,103.65167599190768,12.52031401777455,0,normal
2026-01-01 16:00:00,P-101,63.05257852517609,2.1494415214357883,4.940911395388801,104.01007051664703,11.957792961475016,0,normal
2026-01-01 16:01:00,P-101,64.37986192000126,2.1949951277790243,5.0932244848656785,105.25283707119536,12.578644598027523,0,normal
2026-01-01 16:02:00,P-101,64.55000474751813,2.162938878680487,4.922076885026175,103.22111714985763,12.103611103913613,0,normal
2026-01-01 16:03:00,P-101,65.13687201165456,2.267837230047247,5.052145359069108,104.15042546204629,11.84941058594764,0,normal
2026-01-01 16:04:00,P-101,65.31238908967894,2.306044174466072,4.995886410738027,102.71935680731384,12.355196574317134,0,normal
2026-01-01 16:05:00,P-101,64.95570318772666,2.263356586037001,5.140102331726925,105.47957669717,12.189567578594092,0,normal
2026-01-01 16:06:00,P-101,65.49008802985168,2.198022045446515,4.989262588762963,101.6761661116667,12.220509803026047,0,normal
2026-01-01 16:07:00,P-101,64.48309804774665,2.2311786421508484,5.138924038893168,106.1414930852902,12.429015976267223,0,normal
2026-01-01 16:08:00,P-101,65.45006102679963,2.295875959485774,4.992339990616849,102.83346517222608,12.152595065995786,0,normal
2026-01-01 16:09:00,P-101,65.27065481349327,2.28859658104617,5.073360612720104,100.33612423659314,11.891635558135231,0,normal
2026-01-01 16:10:00,P-101,65.34676133871582,1.9425553811356393,5.175700885148903,103.14769770803244,12.289573606774823,0,normal
2026-01-01 16:11:00,P-101,64.89954119067941,2.174819779495313,4.942202972088911,101.69662717745476,12.051049916814565,0,normal
2026-01-01 16:12:00,P-101,66.28462307451987,2.1883900738137143,5.064851587261122,104.44090867399596,12.270398823941562,0,normal
2026-01-01 16:13:00,P-101,65.18827586218379,2.251805103802945,5.209995535619205,101.75807665055008,11.62199618475821,0,normal
2026-01-01 16:14:00,P-101,64.4242830607227,2.199460217867499,5.026006600403991,102.13453825207868,12.153432490964333,0,normal
2026-01-01 16:15:00,P-101,65.11187996798607,2.2662590705243777,4.999737004171153,99.54118252550774,11.858518310736226,0,normal
2026-01-01 16:16:00,P-101,65.62723932866488,2.107919652447418,5.076522030089948,102.13271037753772,12.394643238761835,0,normal
2026-01-01 16:17:00,P-101,64.64652165759006,2.2292959940478907,4.988757691475798,98.58820309891648,12.082263562545313,0,normal
2026-01-01 16:18:00,P-101,65.72591218312465,2.292064590787272,4.881537209341962,100.10430289619002,12.051100636055558,0,normal
2026-01-01 16:19:00,P-101,65.32780796685212,2.061645833998094,5.122540457764618,104.32803415258924,12.227103023247722,0,normal
2026-01-01 16:20:00,P-101,63.453462026543406,2.4486298263667052,4.903568664103005,104.37750530735693,11.931636988645364,0,normal
2026-01-01 16:21:00,P-101,65.34760582623481,2.3365536265398124,5.00814941549478,103.73248310744646,12.436625831329003,0,normal
2026-01-01 16:22:00,P-101,64.88838687503385,2.21754171029252,5.096814941596136,101.22951391551707,12.435159501148894,0,normal
2026-01-01 16:23:00,P-101,65.40698872260145,2.1237673999217597,5.003916218005428,102.88741880104236,12.165205266140914,0,normal
2026-01-01 16:24:00,P-101,65.75625142106642,2.1987785449615154,4.981139840863296,102.9698595335804,12.40717649972214,0,normal
2026-01-01 16:25:00,P-101,65.09640352050344,2.204900029088136,5.070489962664841,100.8941489303182,11.91299482817504,0,normal
2026-01-01 16:26:00,P-101,66.08634000042855,2.2445149469228607,4.997301963017057,105.6879998095464,12.011217281041397,0,normal
2026-01-01 16:27:00,P-101,64.93462335720213,2.3558698371938203,4.960080485111777,104.5636285483214,12.145093806195426,0,normal
2026-01-01 16:28:00,P-101,65.46376143667038,2.158976421819758,5.045105482933688,102.58895038091585,12.164656719101057,0,normal
2026-01-01 16:29:00,P-101,65.52752426439378,2.2567637370749143,5.017567425507808,103.03720563966895,12.012318832941446,0,normal
2026-01-01 16:30:00,P-101,65.00971022462832,2.0790982385295425,4.94660129256183,103.36584105550496,12.208528869738846,0,normal
2026-01-01 16:31:00,P-101,65.52048311300459,2.160271907175363,5.037760534060492,99.31738562608508,12.040799465197235,0,normal
2026-01-01 16:32:00,P-101,64.57034727349007,2.232744223660705,5.058005741357883,102.54916089674774,11.87681347184422,0,normal
2026-01-01 16:33:00,P-101,64.78020894314035,2.275398068015641,4.992496105297162,101.76789564595558,12.156795472869012,0,normal
2026-01-01 16:34:00,P-101,64.21986374113219,2.1330174826022006,4.991544295642004,101.19375360707508,12.208518256716555,0,normal
2026-01-01 16:35:00,P-101,65.1950816969779,2.1602826328373648,5.0578445577559155,102.49170658152744,12.109045060963902,0,normal
2026-01-01 16:36:00,P-101,65.35755968854262,2.36275807489976,5.1456688536769075,106.23435542942632,12.41756028353513,0,normal
2026-01-01 16:37:00,P-101,65.72490597416153,2.311434852943951,5.0217313197016935,104.15268444093462,11.881099774528648,0,normal
2026-01-01 16:38:00,P-101,65.56769836339683,2.2269551343412948,5.06554327166893,101.97150771583594,12.152735315901449,0,normal
2026-01-01 16:39:00,P-101,64.77528408176484,1.971809906802005,5.079869579989677,104.03055647937543,11.886860553101908,0,normal
2026-01-01 16:40:00,P-101,64.21414532590788,2.448823211646162,5.116739908348176,105.5188397858548,11.942748921929024,0,normal
2026-01-01 16:41:00,P-101,65.28616220834921,2.198556494886986,5.049394124933817,104.66424810217735,12.013741276317765,0,normal
2026-01-01 16:42:00,P-101,65.68866847713399,2.164935170205235,4.9672068596483685,103.10696456330128,11.90479690018419,0,normal
2026-01-01 16:43:00,P-101,65.47177467711393,2.1455816581736,4.985971870183842,101.83468109078396,11.945441268975292,0,normal
2026-01-01 16:44:00,P-101,65.73460074668627,2.2410298872089434,5.066552959060732,104.25532164560164,12.084829587225812,0,normal
2026-01-01 16:45:00,P-101,64.9597852071904,2.249802647770722,5.164352114511525,103.70596080248131,12.278609721340716,0,normal
2026-01-01 16:46:00,P-101,64.72260072089627,2.2980231359081285,5.012198800585619,104.60801742093582,12.074008714886933,0,normal
2026-01-01 16:47:00,P-101,64.45347747519695,2.099675309753397,5.097722886400709,104.13877653537917,11.807038154707458,0,normal
2026-01-01 16:48:00,P-101,65.09474643422085,2.183730985045267,5.025868799181223,104.88327507285962,12.37451182148482,0,normal
2026-01-01 16:49:00,P-101,64.91162506585583,2.398792753263628,5.028023662996427,102.0290850084398,11.893454523530188,0,normal
2026-01-01 16:50:00,P-101,65.18653167250618,2.2284237734913717,5.159698385641864,105.36206131934117,12.14911775415931,0,normal
2026-01-01 16:51:00,P-101,64.98233135780099,2.1903332432243614,5.086945384878682,103.34449041792514,12.189642013925898,0,normal
2026-01-01 16:52:00,P-101,64.99769733734341,2.115501693346294,4.980330605553481,106.72215546453472,12.241586747616598,0,normal
2026-01-01 16:53:00,P-101,64.59005173659821,2.261439472985516,4.977365131860428,101.74383835272396,12.271151060086012,0,normal
2026-01-01 16:54:00,P-101,65.70970206482262,2.314261788105862,5.149001671231525,106.10661771206298,12.27899916004044,0,normal
2026-01-01 16:55:00,P-101,65.02446724008114,2.284570821680721,5.04328591079497,103.33544478109754,11.927801427493504,0,normal
2026-01-01 16:56:00,P-101,65.05805060771708,2.193712961067966,4.937619108601264,101.80379169743742,12.489826185721457,0,normal
2026-01-01 16:57:00,P-101,64.54984852760009,2.24020266173202,4.963696376259841,102.10230474080016,12.10193583489165,0,normal
2026-01-01 16:58:00,P-101,64.14907384347548,2.368859356833969,5.073179004773781,102.3934458183999,12.042335329227695,0,normal
2026-01-01 16:59:00,P-101,65.95681816586841,2.3192758224413,5.106910301682803,103.73015819975696,12.304689830603822,0,normal
2026-01-01 17:00:00,P-101,65.41897049995339,2.128264336028408,5.040291560106246,103.90416890024932,12.167015256193494,0,normal
2026-01-01 17:01:00,P-101,63.9926289673619,1.950905272398696,5.192538243709928,101.92662776444004,12.137644471521067,0,normal
2026-01-01 17:02:00,P-101,65.70106601734348,2.2531085103521025,5.08680556256584,102.91148971239456,12.585781491091971,0,normal
2026-01-01 17:03:00,P-101,65.65183062226335,2.285824568287623,5.051029050449197,106.80727253234996,12.14919389031949,0,normal
2026-01-01 17:04:00,P-101,65.12219383122725,2.095803191010576,5.00346497121672,106.05643945836736,12.118141004947542,0,normal
2026-01-01 17:05:00,P-101,66.08607383176906,2.2045269620197696,4.9690354831414965,103.72773844662296,12.13514785580118,0,normal
2026-01-01 17:06:00,P-101,65.2474376671425,2.1858095105284225,5.053540239359306,103.00607469256803,12.30448542789325,0,normal
2026-01-01 17:07:00,P-101,64.00667031483427,2.202154987423362,4.997274168869934,103.14885620138725,11.79315888000354,0,normal
2026-01-01 17:08:00,P-101,65.14210780596373,2.134644423320294,5.1574828891461495,104.032082636731,11.727851300806629,0,normal
2026-01-01 17:09:00,P-101,65.12944085937715,2.3256519698501013,5.113456761639775,101.0814935435524,11.91502175218254,0,normal
2026-01-01 17:10:00,P-101,64.51924767709527,2.2046701027833993,5.068852978263116,102.45383199383102,11.746830368003073,0,normal
2026-01-01 17:11:00,P-101,65.3421097645615,2.1085893423082314,4.916550948767276,99.90806808742596,11.912275773117653,0,normal
2026-01-01 17:12:00,P-101,63.98924824229778,2.3001154342532972,4.989188189962086,103.6243511040754,12.20923047234812,0,normal
2026-01-01 17:13:00,P-101,65.62419592386307,2.0713329530894304,5.128544956777034,104.06475299751564,11.943792817215016,0,normal
2026-01-01 17:14:00,P-101,64.35059436682573,2.319463549087144,4.980824732246688,102.02393662323452,11.775352783340768,0,normal
2026-01-01 17:15:00,P-101,64.42470430976847,2.306525289975919,5.135755340207197,105.720541883283,12.18548368884156,0,normal
2026-01-01 17:16:00,P-101,64.99347422199128,2.346687280845352,5.0399673032487,100.6745028636266,12.192743782831831,0,normal
2026-01-01 17:17:00,P-101,65.1652868736293,2.170901587944517,5.006003691077017,100.23834391400928,11.668155629716956,0,normal
2026-01-01 17:18:00,P-101,65.19831652855407,2.160876131989474,4.983515626272548,103.27139231780296,12.262188249195283,0,normal
2026-01-01 17:19:00,P-101,64.62430694085705,2.220634793077207,5.040854325569856,104.7451394616589,12.305815424597432,0,normal
2026-01-01 17:20:00,P-101,64.7996124315081,2.2062500894539117,5.072117750776339,105.88423939350965,12.367344202236614,0,normal
2026-01-01 17:21:00,P-101,64.37002408280814,2.146897983855477,5.092475811988202,102.0198089107124,12.304290310295707,0,normal
2026-01-01 17:22:00,P-101,65.05828779522167,2.167989637876704,4.985797323722227,104.77988157665897,12.583799232231692,0,normal
2026-01-01 17:23:00,P-101,65.70283016912208,2.1638274443807815,5.009215033493005,102.7612212469833,12.01161822768569,0,normal
2026-01-01 17:24:00,P-101,65.0312741893901,2.0868904997969997,5.028256750904952,102.5119131669692,12.097271711024648,0,normal
2026-01-01 17:25:00,P-101,65.57572277516634,2.2697510157682417,5.090439103990466,104.40516189524344,12.048867170207698,0,normal
2026-01-01 17:26:00,P-101,65.98794463802808,2.199562716929307,4.976212629109743,103.98051327363376,12.119810767160176,0,normal
2026-01-01 17:27:00,P-101,64.72467341498252,2.181377633345955,4.907444226366471,99.96041118685764,12.30538700673299,0,normal
2026-01-01 17:28:00,P-101,64.84177094355417,2.0847409905389926,5.101648581491417,105.44710208717136,11.894410165829006,0,normal
2026-01-01 17:29:00,P-101,66.40628159199508,2.0833919859251924,4.946390904197588,105.26473422438578,11.98573209229846,0,normal
2026-01-01 17:30:00,P-101,66.05250495355786,2.406583603446058,5.106404837381519,101.64562573481672,12.324804959345414,0,normal
2026-01-01 17:31:00,P-101,64.02082693311152,2.1496045251297926,5.0238350011823005,103.47498280061042,12.308256785398733,0,normal
2026-01-01 17:32:00,P-101,65.26447363139218,2.2625188081012295,4.928098006364397,103.64251821236088,12.03664921700741,0,normal
2026-01-01 17:33:00,P-101,65.09390899480698,2.2269543041084385,4.998500927220544,103.21303425787887,12.26727142796051,0,normal
2026-01-01 17:34:00,P-101,65.57938806683899,1.9273032732927076,5.043975259844692,101.74366055298458,12.120552985087944,0,normal
2026-01-01 17:35:00,P-101,64.63669585208623,2.3930658881368916,4.977865998463019,101.51550745918676,12.3455201455758,0,normal
2026-01-01 17:36:00,P-101,64.48748930995238,2.272206655223762,5.028086920713839,102.66848382961344,12.094956433653758,0,normal
2026-01-01 17:37:00,P-101,64.68290869768327,2.1372163745837045,5.099958261459406,104.8152775860036,12.349584750354625,0,normal
2026-01-01 17:38:00,P-101,64.85174919026379,2.222706520447644,5.022572306578385,103.67256300555184,12.638579272265078,0,normal
2026-01-01 17:39:00,P-101,65.59300119455766,2.092286290246124,4.954571243864962,102.0165281217591,12.180115674662265,0,normal
2026-01-01 17:40:00,P-101,64.27832402020205,2.387891165874551,5.019691892701292,104.06207725173212,12.131727950710932,0,normal
2026-01-01 17:41:00,P-101,64.61998832204436,2.112055641406474,5.074387445792585,97.53486362404372,12.070535305765508,0,normal
2026-01-01 17:42:00,P-101,63.861122575184616,2.150432243646026,5.165145255682681,104.71907515093586,12.068516082887298,0,normal
2026-01-01 17:43:00,P-101,65.81662572808203,2.1455580799411265,4.853692218754769,99.50870509307282,12.46285469389713,0,normal
2026-01-01 17:44:00,P-101,65.85952806389781,2.2118503399372123,5.0961372170994625,101.97652634560596,12.095309997907377,0,normal
2026-01-01 17:45:00,P-101,64.77461880073712,2.335570682105198,5.0235311622313885,100.60208221089134,11.963475802281636,0,normal
2026-01-01 17:46:00,P-101,64.75072709533369,2.372582494333776,5.06743346640858,100.27546788701694,11.841126235606502,0,normal
2026-01-01 17:47:00,P-101,65.42057774955418,2.174498501357232,5.008302107169683,104.6836285388418,12.359952894486542,0,normal
2026-01-01 17:48:00,P-101,66.03739024483964,2.246851834236795,4.893625193521401,101.74036391865042,12.225648400125062,0,normal
2026-01-01 17:49:00,P-101,65.26431770512652,2.2080443377415473,5.072852810642426,103.19385954371045,11.996344912028494,0,normal
2026-01-01 17:50:00,P-101,64.6129206977861,2.1094188404578698,4.958866226221007,102.47346345107974,12.189494172556875,0,normal
2026-01-01 17:51:00,P-101,63.87791055384035,2.4342721546746273,4.9368615711355215,103.40420413394612,11.800414930375812,0,normal
2026-01-01 17:52:00,P-101,64.3161641329182,2.3409612366467085,4.9344245350310025,102.6712631804145,12.117132010427063,0,normal
2026-01-01 17:53:00,P-101,65.08149998125913,2.222786709377506,5.044172911350647,100.2108946581574,12.09687811016006,0,normal
2026-01-01 17:54:00,P-101,64.73870757135928,2.377007090657304,5.05276869621314,104.30070235910964,12.470487032685131,0,normal
2026-01-01 17:55:00,P-101,65.08963098606876,2.316970897234612,5.0708290914034,101.60564698721728,11.89400564907078,0,normal
2026-01-01 17:56:00,P-101,64.54774834563527,2.1975745862440403,5.043629210867106,99.67939430523612,11.73471130339662,0,normal
2026-01-01 17:57:00,P-101,64.26734666216927,2.227469713962588,4.987507793122376,101.69731426432394,11.87183383574471,0,normal
2026-01-01 17:58:00,P-101,64.19550572067533,2.3467070463656463,5.0466250175827465,105.15581677541684,11.887360803199522,0,normal
2026-01-01 17:59:00,P-101,66.15079430322095,2.120843370130272,5.0039116178282885,103.97122448430665,12.386468206080997,0,normal
2026-01-01 18:00:00,P-101,65.70514129760356,2.3819175566617554,5.003271827311322,101.79947714119068,12.363712173240527,0,normal
2026-01-01 18:01:00,P-101,66.16598869104398,2.182191832200724,4.950136798721696,101.78446303803707,12.117577206730878,0,normal
2026-01-01 18:02:00,P-101,65.45556989596311,2.364422166910162,5.0455350094039035,101.82011088326998,12.29886231563513,0,normal
2026-01-01 18:03:00,P-101,64.79417395506198,2.2078965826150463,5.1364882467344435,106.12297943057204,12.21048105903321,0,normal
2026-01-01 18:04:00,P-101,65.88562224721642,2.236669267687064,4.973416576423969,103.05794885114388,12.072716135994163,0,normal
2026-01-01 18:05:00,P-101,64.98805843623575,2.197660894299428,5.120989132753956,103.13002575758615,12.027293248916832,0,normal
2026-01-01 18:06:00,P-101,65.16587569640467,2.149367471514984,5.049904519146178,104.1958014392723,12.063795844902655,0,normal
2026-01-01 18:07:00,P-101,64.8927592756748,2.163919666994014,5.044438605506051,102.75630771576442,11.773128920211128,0,normal
2026-01-01 18:08:00,P-101,63.12238536150933,2.3422394950647356,4.899492572285975,101.8452638658501,12.10820886869697,0,normal
2026-01-01 18:09:00,P-101,66.060656093354,1.9705925543455929,4.892921837451662,101.9430199121263,12.05022381532098,0,normal
2026-01-01 18:10:00,P-101,65.39392733967146,2.084649094067965,5.031611501693126,102.15233562985478,12.213642213711218,0,normal
2026-01-01 18:11:00,P-101,65.24401951113218,2.1308396315290645,5.077269702835618,102.19884541113784,12.084670061621855,0,normal
2026-01-01 18:12:00,P-101,64.98583699748241,2.0951359708087707,4.988604032819232,103.56006638743794,12.07426125130932,0,normal
2026-01-01 18:13:00,P-101,65.06969051117484,2.3468222385185618,5.140188420683096,102.328184764228,11.895606936925317,0,normal
2026-01-01 18:14:00,P-101,64.65396469522867,2.3305900981886034,5.086821972437041,103.53764542392388,12.120560010082068,0,normal
2026-01-01 18:15:00,P-101,65.47405880084003,2.267578292006925,4.956992889221557,102.0576776841116,12.20937777668658,0,normal
2026-01-01 18:16:00,P-101,64.09480106362544,2.1298670203933754,5.025443898942077,102.3284492248332,11.841185678528223,0,normal
2026-01-01 18:17:00,P-101,65.11209409897029,2.332493714435349,5.159124520414714,98.57394810540757,11.974713193898374,0,normal
2026-01-01 18:18:00,P-101,65.4212753339097,2.0476158734619867,4.951058206881561,103.80376870775405,12.160721651538518,0,normal
2026-01-01 18:19:00,P-101,64.84959727370246,2.411767659521918,5.064594843857977,102.761594813392,11.939234887678108,0,normal
2026-01-01 18:20:00,P-101,65.24105037844633,2.1315354560925495,5.016585266722436,103.91773854130702,11.99996089525761,0,normal
2026-01-01 18:21:00,P-101,64.33913441772529,2.171910966121863,5.018396086329934,96.89133459656394,11.952862207650162,0,normal
2026-01-01 18:22:00,P-101,64.35426466265015,2.1550144222342467,5.1471772838261085,105.84681285838224,11.94872018209294,0,normal
2026-01-01 18:23:00,P-101,65.19746545882987,2.097672039180156,4.991158327690444,101.819492390024,12.1245695147506,0,normal
2026-01-01 18:24:00,P-101,65.42089035842064,2.390206521869915,5.118807562898638,104.0483703879136,11.942380236905567,0,normal
2026-01-01 18:25:00,P-101,63.85746508389783,2.287589778504042,5.157129953276765,100.16457156777288,12.21750788563983,0,normal
2026-01-01 18:26:00,P-101,65.53574267598042,2.3439961128546556,5.035859537310516,103.12203056964196,12.561226466166918,0,normal
2026-01-01 18:27:00,P-101,64.58777275164977,2.0708734987247097,5.055996210994605,100.10540028700122,11.831010648269674,0,normal
2026-01-01 18:28:00,P-101,64.92111268401695,2.22340082735946,4.967280660752956,100.86115146671852,12.132676116476487,0,normal
2026-01-01 18:29:00,P-101,64.13526171431279,2.252782682033719,5.055462721129142,105.4114569496956,12.016995327514463,0,normal
2026-01-01 18:30:00,P-101,64.53616930219246,2.2373294247337063,5.003683901746588,101.60511582361652,12.256344309468052,0,normal
2026-01-01 18:31:00,P-101,65.56379171400094,2.076626683739628,5.07900298245535,102.32174676592484,11.816600721160702,0,normal
2026-01-01 18:32:00,P-101,65.09152540196419,2.3155687688418687,5.1191112543478425,103.47839388448584,12.200469168220115,0,normal
2026-01-01 18:33:00,P-101,64.71934081194587,2.2085146394850397,5.020187018408766,102.78628578469882,11.908990780163094,0,normal
2026-01-01 18:34:00,P-101,64.93233171053473,2.1054234981208313,5.12881841918396,102.14648199826556,12.022997542128293,0,normal
2026-01-01 18:35:00,P-101,65.27221513912136,2.009243797826398,5.132245437433001,102.5142116523687,11.8692212945416,0,normal
2026-01-01 18:36:00,P-101,65.40861708221993,2.2746432981734195,5.120928454166471,106.16486921438782,12.349416170610786,0,normal
2026-01-01 18:37:00,P-101,64.91066532372393,2.440409330439648,4.981041474962935,101.71633321834555,11.884093925662448,0,normal
2026-01-01 18:38:00,P-101,65.77177492931675,2.105486173492104,4.978804372428853,102.1632389600646,12.175290020668305,0,normal
2026-01-01 18:39:00,P-101,65.64528603357692,2.218700170137022,4.979868716186895,103.67354110151982,12.041386627393129,0,normal
2026-01-01 18:40:00,P-101,65.30008842848895,2.314637911858209,5.1039746492786895,103.7533024362018,12.089704598726282,0,normal
2026-01-01 18:41:00,P-101,65.08658996049071,2.078873893572633,4.953985166505427,103.88089410296818,12.145978004569072,0,normal
2026-01-01 18:42:00,P-101,65.4041156514473,2.149359401905166,5.076125937345594,102.87473015578236,11.933876970341702,0,normal
2026-01-01 18:43:00,P-101,65.21530642756615,2.1152449910333324,4.9208051127451915,99.64827670928791,12.031521723986817,0,normal
2026-01-01 18:44:00,P-101,65.84522094854151,2.3162620582673283,5.103912497305922,104.62642689169836,12.444859719621832,0,normal
2026-01-01 18:45:00,P-101,65.52608279428367,2.3258514454386945,4.99723826070739,99.60328899162518,11.832479712582211,0,normal
2026-01-01 18:46:00,P-101,64.44317570316761,2.227908282369074,5.115272822244434,102.19181229142464,12.300116397397508,0,normal
2026-01-01 18:47:00,P-101,64.40182186820157,2.128134927864438,5.082598101282033,100.26962807995451,12.307708369096192,0,normal
2026-01-01 18:48:00,P-101,64.50272327619662,2.150982103928275,5.115374892450843,101.4920313610696,11.88152994302648,0,normal
2026-01-01 18:49:00,P-101,65.55551907427258,2.127924882944363,5.124050403694926,102.17930934146884,11.774368359225956,0,normal
2026-01-01 18:50:00,P-101,64.01906877127128,2.1072639274574234,5.031513545198758,102.14593868195834,12.124770340493102,0,normal
2026-01-01 18:51:00,P-101,65.24249533437754,2.188185097798993,4.941952635875064,102.30681505247868,11.959722947020984,0,normal
2026-01-01 18:52:00,P-101,65.41298918213317,2.2777496396373587,4.970641431465751,104.43180453155668,12.5066747797793,0,normal
2026-01-01 18:53:00,P-101,65.78255092857364,2.2520919947774374,4.877152186369437,102.32315834215528,12.076656258364624,0,normal
2026-01-01 18:54:00,P-101,65.07205857801769,2.1940154411528967,4.934612332277774,101.04689406177404,11.870966940246186,0,normal
2026-01-01 18:55:00,P-101,64.08022554693746,2.2003695723473347,5.036829862313424,103.20122062740992,11.866604716619957,0,normal
2026-01-01 18:56:00,P-101,64.49036885568997,2.204867729646592,4.996687286365934,103.5863079023695,12.325570228889251,0,normal
2026-01-01 18:57:00,P-101,64.18347622115536,2.0647672244135373,4.979539258714963,99.2148751023652,11.862209458254116,0,normal
2026-01-01 18:58:00,P-101,64.67943508831505,2.219339051576185,5.0592811750474125,102.47910956851146,12.08313904694743,0,normal
2026-01-01 18:59:00,P-101,64.97579303095986,2.1524579042871546,5.005165772533057,102.645034059766,12.270511570815476,0,normal
2026-01-01 19:00:00,P-101,64.21724167384946,2.0623832399004147,4.929735555902826,100.82635719317064,11.927939045408957,0,normal
2026-01-01 19:01:00,P-101,65.9927959612349,2.2412837758328066,5.034445724530303,103.81720812597428,12.105330478031195,0,normal
2026-01-01 19:02:00,P-101,64.14842935279889,2.1399541100230564,4.9476028404549925,101.0497174529092,12.028177841622773,0,normal
2026-01-01 19:03:00,P-101,65.93880882260525,2.2300715746509847,4.9962914988195655,101.52465536081002,12.18240456312752,0,normal
2026-01-01 19:04:00,P-101,65.82184906412664,2.290648706500207,5.103652473419453,100.96580859098424,12.147123124831593,0,normal
2026-01-01 19:05:00,P-101,65.58197092184176,2.104756043833349,4.993904843695857,101.28402149825892,11.994497898696803,0,normal
2026-01-01 19:06:00,P-101,64.54575024258561,2.208834818202554,5.116579507928382,99.26124791940396,11.990567249881424,0,normal
2026-01-01 19:07:00,P-101,65.18208840223646,2.014328606772276,5.0864239110648235,98.6209391979165,11.884272373632797,0,normal
2026-01-01 19:08:00,P-101,64.10892219895769,2.3463062731484237,5.00006415625656,104.06155278570928,11.826324102187389,0,normal
2026-01-01 19:09:00,P-101,65.60639678547192,2.065728460333977,4.918673862714812,99.64525263639158,12.040877750571372,0,normal
2026-01-01 19:10:00,P-101,65.07768052797452,2.162891820728616,4.989956649346325,99.36354406807392,12.359344674208833,0,normal
2026-01-01 19:11:00,P-101,64.64320803801677,2.3234684106618944,5.053234388529674,97.25014450918916,11.740760507137464,0,normal
2026-01-01 19:12:00,P-101,64.14997331637947,2.170308560729736,4.965229061686121,99.95424251221291,11.844021333445848,0,normal
2026-01-01 19:13:00,P-101,63.315029222815035,2.0717354542184157,5.050575029391644,98.70087085132944,11.786880571211135,0,normal
2026-01-01 19:14:00,P-101,64.417838411543,2.2819233196419386,5.124751317435359,104.01605181958324,12.26539991033212,0,normal
2026-01-01 19:15:00,P-101,65.78470103922865,2.276068356167149,4.97437842379511,102.85602193204922,12.175377748800765,0,normal
2026-01-01 19:16:00,P-101,64.7247248359861,2.135146116291444,4.950451855213959,99.77754313941598,11.961618755699188,0,normal
2026-01-01 19:17:00,P-101,64.87868308876807,2.1462212731668573,5.100370323398965,105.04839811500749,11.967848131122432,0,normal
2026-01-01 19:18:00,P-101,65.46133547467967,2.1604848334287263,5.038018629786703,102.73893013117932,12.100643262263365,0,normal
2026-01-01 19:19:00,P-101,66.06799093317997,2.1672183082061856,4.9556230372542345,100.36473441122924,11.698017606869715,0,normal
2026-01-01 19:20:00,P-101,65.83378815270639,2.0075640496783023,4.939628575595153,96.4281206963524,11.92152893426207,0,normal
2026-01-01 19:21:00,P-101,64.48178621490585,2.1948637815894902,5.045346736414049,105.02831051049682,12.32515419253249,0,normal
2026-01-01 19:22:00,P-101,63.632744539624305,2.3664388953678723,4.8742690956083425,98.38089053552244,11.701186888738938,0,normal
2026-01-01 19:23:00,P-101,66.40440047613043,2.0956202841580853,5.032573576590398,97.897855913661,11.630432022043896,0,normal
2026-01-01 19:24:00,P-101,66.6135200010025,2.1574992639014647,4.993267547731607,102.67760009573504,12.396215581211022,0,normal
2026-01-01 19:25:00,P-101,65.13433335756427,2.082991207381531,4.8571986211441915,105.2058756810059,12.03382434252926,0,normal
2026-01-01 19:26:00,P-101,64.28817374693163,2.2742437476749444,5.031162134450489,103.28331022321504,12.325688875885216,0,normal
2026-01-01 19:27:00,P-101,65.63404840808988,2.3212284399352474,4.965929057232387,101.78390453549324,12.022717603025232,0,normal
2026-01-01 19:28:00,P-101,64.93754835540908,2.3189160983540225,5.1363838282261085,101.81662747649207,12.022107860906498,0,normal
2026-01-01 19:29:00,P-101,64.98097457742266,2.081417490532572,4.981612580418639,102.25937318830368,12.15546373554844,0,normal
2026-01-01 19:30:00,P-101,65.54121560735452,2.2453868712595453,4.943829040081336,102.0664075531839,11.88519245524623,0,normal
2026-01-01 19:31:00,P-101,65.23904564333174,2.3458552386058913,5.047390770534863,101.18354836375218,12.062005879611696,0,normal
2026-01-01 19:32:00,P-101,64.21135696177127,2.2489247855059835,4.962188601352499,100.841991711303,11.948961868374273,0,normal
2026-01-01 19:33:00,P-101,64.70193005147543,2.2378995179662313,4.950625542404791,100.5187476492448,11.751463740796336,0,normal
2026-01-01 19:34:00,P-101,65.44551101793486,2.1546370694856267,5.028177353058804,99.25122562610952,12.045033183728563,0,normal
2026-01-01 19:35:00,P-101,65.31407298427253,2.220000586917569,4.927967846724612,100.08005582768818,11.949740113455062,0,normal
2026-01-01 19:36:00,P-101,65.13322466296304,2.3193934053569296,4.873139060708093,97.51482167820548,11.894039684657224,0,normal
2026-01-01 19:37:00,P-101,65.52581434900458,2.223573974396622,5.124439569322094,100.36197091754904,11.76882693884364,0,normal
2026-01-01 19:38:00,P-101,64.86301337839583,2.0863873153086896,5.027928144711711,98.73632330796656,12.28036977279156,0,normal
2026-01-01 19:39:00,P-101,65.16181939451097,2.1596168657849537,4.966566347737576,98.5060997687182,12.130525830338769,0,normal
2026-01-01 19:40:00,P-101,62.881692181882165,2.329592936402912,5.0076877239928335,100.79311286719695,12.216624562850305,0,normal
2026-01-01 19:41:00,P-101,64.71733826971092,2.2335727201161095,5.064926719239241,102.95162141711106,12.027459702024997,0,normal
2026-01-01 19:42:00,P-101,65.3972886609684,2.2005635530122207,5.088890357339109,102.0756735866169,11.716433629697825,0,normal
2026-01-01 19:43:00,P-101,64.85745867390324,2.157308741250116,4.922806358898528,97.57246292905796,12.31775736436964,0,normal
2026-01-01 19:44:00,P-101,64.67791939489956,2.316684740855236,5.011576947366261,98.5946690548663,11.945620570044817,0,normal
2026-01-01 19:45:00,P-101,64.29212259909787,2.3627060618109685,4.984990710972807,102.0460003307523,11.91162005071856,0,normal
2026-01-01 19:46:00,P-101,65.66625155954925,2.3279261956475534,4.9723785691331575,98.56072562490418,12.04018208364375,0,normal
2026-01-01 19:47:00,P-101,65.4371646367842,2.3534778488854324,5.010262837696449,99.90143369739052,12.230467168522374,0,normal
2026-01-01 19:48:00,P-101,65.54826634620011,2.1654718739365393,5.0122566870683105,101.27241871819972,12.033562450328898,0,normal
2026-01-01 19:49:00,P-101,63.95187749680884,2.158430698500492,5.036648073667572,98.51583907863922,12.21119020594705,0,normal
2026-01-01 19:50:00,P-101,64.97598052615511,2.193539545996112,5.038346591120554,100.42505319824626,12.22935158365076,0,normal
2026-01-01 19:51:00,P-101,64.71959283004723,2.192619036778738,4.872534506013356,97.81063506694072,11.71904281452781,0,normal
2026-01-01 19:52:00,P-101,64.76107513620927,2.336638748926621,4.896011473500177,99.10590979947575,11.838419272852375,0,normal
2026-01-01 19:53:00,P-101,64.67438450723546,2.325137520878513,4.981524412278788,100.74045802119392,12.213721173291772,0,normal
2026-01-01 19:54:00,P-101,64.55652561550987,2.2288747549730923,5.100743074688647,97.27393063177192,11.37569540619107,0,normal
2026-01-01 19:55:00,P-101,65.55136886698163,2.056778438640719,4.949494911480946,100.91063397560592,11.99742788063518,0,normal
2026-01-01 19:56:00,P-101,63.65710672072144,2.019821827014315,4.986013252718771,100.05888423916636,11.715600286850057,0,normal
2026-01-01 19:57:00,P-101,66.1330670258502,2.2215120375236443,4.97310739023756,101.0651612124517,11.936644076086846,0,normal
2026-01-01 19:58:00,P-101,65.2983060826643,2.2861759607197403,4.965718567046354,100.45016739325186,11.953741003991714,0,normal
2026-01-01 19:59:00,P-101,64.97343681337183,2.192152157450069,5.0372669268395445,102.47901447661906,12.00272155871707,0,normal
2026-01-01 20:00:00,P-101,65.55315065059456,2.3873428454066596,5.100308450381357,100.22540410476624,11.896309872720463,0,normal
2026-01-01 20:01:00,P-101,63.971144197561244,2.0820229564128963,5.023952871224725,99.2035083233084,11.756676519773489,0,normal
2026-01-01 20:02:00,P-101,64.73019484264113,2.0977077114492166,4.94548296823533,100.17301355352264,12.463572659969415,0,normal
2026-01-01 20:03:00,P-101,65.06154950939397,2.1496003071751764,5.201798637333871,100.90725715776466,12.40071011556521,0,normal
2026-01-01 20:04:00,P-101,65.80620364978118,2.120466211138049,5.005437283960798,99.99371584935189,11.7673983114293,0,normal
2026-01-01 20:05:00,P-101,65.08005589362632,2.2652318635948943,4.95914738902215,99.9552855968898,12.315081918167406,0,normal
2026-01-01 20:06:00,P-101,65.24982145584035,2.15294720562365,5.08479770232562,98.59509560981893,11.877959770199997,0,normal
2026-01-01 20:07:00,P-101,64.61155701776578,2.044619767029193,4.9535843348306425,98.64192780867096,11.985095328926471,0,normal
2026-01-01 20:08:00,P-101,65.2835310266339,2.285395980732944,5.089273345370847,97.28693895217262,11.905953376585796,0,normal
2026-01-01 20:09:00,P-101,66.07486558093503,2.0222516468786873,4.968428576431763,102.937357179943,11.956170987147496,0,normal
2026-01-01 20:10:00,P-101,65.68998153697629,2.097779799114713,5.075358816115617,97.52566888911215,12.122540535394595,0,normal
2026-01-01 20:11:00,P-101,64.94005173632377,2.036929129026115,4.999012451965455,98.4939115465736,11.97999465251254,0,normal
2026-01-01 20:12:00,P-101,65.38916814190841,2.2150091666997573,5.074619076109369,98.4245419820199,11.85742597481675,0,normal
2026-01-01 20:13:00,P-101,65.29776820979536,2.2097341642780557,5.146174504720257,101.30509051111486,11.778234826573351,0,normal
2026-01-01 20:14:00,P-101,65.2576991559238,2.383464537166844,4.912116366121524,99.1398876458012,11.795477626630213,0,normal
2026-01-01 20:15:00,P-101,65.62775297362073,2.2805236129358653,5.108237262837474,101.8933235384392,11.728523683032757,0,normal
2026-01-01 20:16:00,P-101,65.70208918622792,2.3423564673323436,4.885493898446903,98.41171717566812,11.954796224953078,0,normal
2026-01-01 20:17:00,P-101,64.83465998807385,2.219411030963282,4.927725349896856,100.1028254764232,11.763751645835818,0,normal
2026-01-01 20:18:00,P-101,65.3784057059716,2.097870739720779,4.924498053897726,98.0736716083197,11.889098045745882,0,normal
2026-01-01 20:19:00,P-101,64.88275556784603,2.2278698763821945,5.069407075815463,103.41525112830132,12.376477904571113,0,normal
2026-01-01 20:20:00,P-101,64.45658061673096,2.265708120662855,4.976241305891702,97.39301945062618,12.161650498103102,0,normal
2026-01-01 20:21:00,P-101,64.8232534019616,2.270200663158779,4.988951641495622,100.06511673870206,11.995498123340536,0,normal
2026-01-01 20:22:00,P-101,64.95088588693007,2.1528121210818285,5.016486580379961,100.62501108483956,12.001333387316556,0,normal
2026-01-01 20:23:00,P-101,64.05372506485493,2.2641646711291683,5.043448832546874,100.20585612963312,12.382150593773195,0,normal
2026-01-01 20:24:00,P-101,65.58626464388375,2.109788457803059,5.037820751378524,99.10433827026294,12.07728137217963,0,normal
2026-01-01 20:25:00,P-101,63.16969306674862,2.092067051039234,5.068402196237374,99.18105177443144,11.90987026125764,0,normal
2026-01-01 20:26:00,P-101,66.65924997948436,2.07637798244068,5.12210742452865,99.47049876349288,11.698911339480697,0,normal
2026-01-01 20:27:00,P-101,65.99438436397399,2.2045383619421237,4.989544445105144,99.1039811176048,12.051894077161093,0,normal
2026-01-01 20:28:00,P-101,64.89974279657223,2.090147617896282,4.974329299511249,101.08055268604122,12.198281335097809,0,normal
2026-01-01 20:29:00,P-101,64.9965776724742,2.156434193939498,5.075962905065534,103.30153760225711,11.972715823164986,0,normal
2026-01-01 20:30:00,P-101,65.19942578699329,2.290576691617002,4.902863949815658,98.29617869541818,12.007125911890151,0,normal
2026-01-01 20:31:00,P-101,64.55811247643284,2.0903518011779596,4.920602005294772,96.81112945425852,11.831619224644747,0,normal
2026-01-01 20:32:00,P-101,65.10281791582804,2.1470105646377444,5.060906892762228,99.0950226514732,11.936044199704396,0,normal
2026-01-01 20:33:00,P-101,64.77293586169255,2.191910081643173,5.030057100646548,103.8746086883788,11.618673849138895,0,normal
2026-01-01 20:34:00,P-101,64.89969658513121,2.220228558876808,4.893044194192521,97.76176662775836,11.888496718089524,0,normal
2026-01-01 20:35:00,P-101,65.20823447588312,2.1603892020189535,4.9170746744264795,102.1360889002041,12.257956527487734,0,normal
2026-01-01 20:36:00,P-101,64.12492907772605,2.2762542522056473,5.025239049029766,102.18288814721993,11.939206133303289,0,normal
2026-01-01 20:37:00,P-101,65.00990882528274,2.257238202032286,5.061372432655183,98.1439675067422,11.954824298845333,0,normal
2026-01-01 20:38:00,P-101,65.05481599578472,2.308108513062839,5.080418690095549,100.1420485668366,11.853071315666714,0,normal
2026-01-01 20:39:00,P-101,65.13026142166072,2.1971551410257937,5.028026635620478,102.02650004179787,12.13288333651249,0,normal
2026-01-01 20:40:00,P-101,64.8276538355115,2.145054556373794,5.124528850167706,98.39051908309769,11.908410932985698,0,normal
2026-01-01 20:41:00,P-101,65.66004395326019,2.122643814813657,4.979503818886878,98.684124450271,11.772675425371729,0,normal
2026-01-01 20:42:00,P-101,64.84220727411669,2.238940630054615,4.970112487365162,97.981222100298,12.205946956541966,0,normal
2026-01-01 20:43:00,P-101,65.18317103468567,2.1663311868903685,4.792073728511921,97.17942421936512,12.101169129287396,0,normal
2026-01-01 20:44:00,P-101,65.77795833348716,2.1356218721102698,4.946835460140168,97.81508665814532,11.813471246958724,0,normal
2026-01-01 20:45:00,P-101,64.9492155323063,2.1552638476691244,5.027226615929549,96.75855634859546,12.002314352341418,0,normal
2026-01-01 20:46:00,P-101,65.1665296840224,2.1347313583639727,5.099486550695468,99.00092571152884,12.07751017190994,0,normal
2026-01-01 20:47:00,P-101,64.95639303774473,2.2220784600019208,4.917199732689605,97.53161570463152,12.05440871814118,0,normal
2026-01-01 20:48:00,P-101,65.67851508341997,2.044367363757437,5.0255220728822065,99.31644098316931,11.640642050296064,0,normal
2026-01-01 20:49:00,P-101,64.86170947463435,2.233642250923547,5.034012943494206,96.0731411231576,12.083515541901251,0,normal
2026-01-01 20:50:00,P-101,65.78850065610189,2.2624343252819585,4.995259911932621,99.44753412089077,11.869486231041575,0,normal
2026-01-01 20:51:00,P-101,64.9110908883476,2.139446145595778,4.84347605864841,100.3305690675315,11.938351485337693,0,normal
2026-01-01 20:52:00,P-101,64.5758111402174,2.407570546584497,4.969508621684867,95.21983217146705,12.384171315596053,0,normal
2026-01-01 20:53:00,P-101,65.4570565434346,2.203529443390421,5.047902854075657,99.4602710391394,12.044182807318386,0,normal
2026-01-01 20:54:00,P-101,64.7851635764392,2.0419454352191977,4.943433008455074,100.9752611106366,11.951993338229665,0,normal
2026-01-01 20:55:00,P-101,65.21290498133585,2.150113354728778,4.947875852376228,96.56666695374354,11.455941134061124,0,normal
2026-01-01 20:56:00,P-101,63.34137020960276,2.2194636784710857,4.936448201267113,101.73329242161265,12.329951599437653,0,normal
2026-01-01 20:57:00,P-101,64.90350271623424,2.23348181795731,4.814645836322351,99.45561647229763,11.71462656000721,0,normal
2026-01-01 20:58:00,P-101,64.60383302463838,2.163122829741,5.046001920325807,97.41116115006712,11.721647053802112,0,normal
2026-01-01 20:59:00,P-101,64.27055333069966,2.0944625697947017,4.985324400615898,98.55867979820276,11.890489934128512,0,normal
2026-01-01 21:00:00,P-101,64.73579385212801,2.1014048528543587,5.108267419202553,99.64301694332046,12.272572866639672,0,normal
2026-01-01 21:01:00,P-101,64.66813556437621,2.1393306552722824,5.047551419242792,98.75388658093595,12.117264594761233,0,normal
2026-01-01 21:02:00,P-101,64.95320330676633,2.142438929281748,4.970865030119636,99.56597134362175,11.9554116383406,0,normal
2026-01-01 21:03:00,P-101,64.10045953742937,2.0852707820545993,4.963359537421145,96.91821836284537,11.969204963613125,0,normal
2026-01-01 21:04:00,P-101,65.15157663750792,2.120547104499813,5.028228301963511,98.8595884609598,11.845710515254574,0,normal
2026-01-01 21:05:00,P-101,65.85570459555467,2.262250422177755,5.027576340983704,95.98945018108016,11.907614243345476,0,normal
2026-01-01 21:06:00,P-101,65.17002797453544,2.3634040552288043,5.005721114994692,98.31341708427512,11.964069861483882,0,normal
2026-01-01 21:07:00,P-101,65.56075126997885,2.279535734127667,5.046053216629597,96.86616964593324,12.099739068514268,0,normal
2026-01-01 21:08:00,P-101,65.74923174355861,2.3349022398254977,4.950722406993661,97.14892185608733,12.10790328017041,0,normal
2026-01-01 21:09:00,P-101,65.8454115048896,2.3021767979056436,4.936976051930238,100.67761002052364,12.11912377705684,0,normal
2026-01-01 21:10:00,P-101,66.1943928777963,2.280890487406972,4.999431977479939,100.39686252292184,11.939436364178434,0,normal
2026-01-01 21:11:00,P-101,64.72228983368242,2.171565645987041,5.009452058498637,99.50891161471034,12.133631807319336,0,normal
2026-01-01 21:12:00,P-101,64.48902436171691,2.209066968075453,4.880156088754774,96.42635663865236,11.87439700591896,0,normal
2026-01-01 21:13:00,P-101,65.41045163749703,2.146646519021365,4.884460855915337,97.80314018056,11.717711331674174,0,normal
2026-01-01 21:14:00,P-101,65.4377762251062,2.175506790318512,5.036682114812821,100.53650740596814,11.935437663796858,0,normal
2026-01-01 21:15:00,P-101,65.49528382094277,2.2057989816035253,4.957438817859,98.588379745493,11.974556789121657,0,normal
2026-01-01 21:16:00,P-101,66.3178784020225,2.2816245930733134,5.013276566987766,102.48854303841068,12.256699447885268,0,normal
2026-01-01 21:17:00,P-101,64.98406747753444,2.239666856644704,4.964844378988014,99.00228655870708,11.93336296232978,0,normal
2026-01-01 21:18:00,P-101,65.17787491684554,2.17248829119291,5.092648789658948,98.62067265355222,11.716780437358643,0,normal
2026-01-01 21:19:00,P-101,64.34256273788702,2.203247028529313,5.06531678934241,97.699350811476,11.942328861003643,0,normal
2026-01-01 21:20:00,P-101,66.37990934104151,2.242426437185882,4.898155420414565,98.4770178717307,11.977001744163232,0,normal
2026-01-01 21:21:00,P-101,64.77265794184827,2.2657579741639764,4.942136386142458,97.9431911058089,11.975463258954818,0,normal
2026-01-01 21:22:00,P-101,64.85852066970392,2.0548274577323897,5.0542336481784895,99.4733349420618,12.16817435145274,0,normal
2026-01-01 21:23:00,P-101,64.84490837738178,2.1002949100714945,5.0411557077694695,99.90201711722426,12.200845161534708,0,normal
2026-01-01 21:24:00,P-101,64.50506115782079,2.302073163787033,4.964562920738183,96.74649781012675,11.78355275982747,0,normal
2026-01-01 21:25:00,P-101,64.4380741139601,2.1838796939453027,4.877832974009168,95.7464988356665,11.749166273460206,0,normal
2026-01-01 21:26:00,P-101,64.5323788811287,2.143053673806947,4.900413220363321,94.81910235940695,11.636533328591115,0,normal
2026-01-01 21:27:00,P-101,64.1508631667085,2.178064969272153,4.954029530292704,99.02032600209444,12.110372914118928,0,normal
2026-01-01 21:28:00,P-101,64.55002827487877,2.1805420320766156,4.980406284574746,96.10166813964096,12.172814065856771,0,normal
2026-01-01 21:29:00,P-101,66.18381179554142,2.2463064379353472,5.061205194213649,94.19442933848418,11.76281649457274,0,normal
2026-01-01 21:30:00,P-101,65.44816222593937,2.085768232895922,4.939429356996483,98.75109734316518,11.914246807349958,0,normal
2026-01-01 21:31:00,P-101,65.7309850793517,2.2172374734472404,4.953389518857569,102.52119861864364,12.368992469939103,0,normal
2026-01-01 21:32:00,P-101,65.77962869756024,2.2262623998866693,4.972450314254616,98.00513676325724,12.041265673540718,0,normal
2026-01-01 21:33:00,P-101,66.21755518465126,2.242525959406918,5.067299079568976,99.50773509329916,12.072479193759184,0,normal
2026-01-01 21:34:00,P-101,63.74555786684434,2.210512973939067,4.880000745375313,98.1282553048563,11.705664357950944,0,normal
2026-01-01 21:35:00,P-101,64.22483570198371,2.254363163250827,5.0796103544378175,97.78559638765712,12.069313505485598,0,normal
2026-01-01 21:36:00,P-101,64.40834738827448,2.134818129792001,4.983964768167822,99.60069635159192,11.802193622445806,0,normal
2026-01-01 21:37:00,P-101,64.58806511631376,2.0936356677997336,4.922665120835635,97.40675209975711,11.695398525805723,0,normal
2026-01-01 21:38:00,P-101,64.76348834738923,2.4409985530415805,4.871922427682174,98.39356777555248,11.882452717913232,0,normal
2026-01-01 21:39:00,P-101,64.65244094865999,2.1633565438835953,5.034201071877846,98.47446177384025,11.837075308525469,0,normal
2026-01-01 21:40:00,P-101,65.09213804174765,2.175793095587322,4.954779184731922,96.67611683988288,11.855963566319478,0,normal
2026-01-01 21:41:00,P-101,64.91837477662774,2.2558334695024573,5.008426990516717,99.64776067239012,11.70123649326672,0,normal
2026-01-01 21:42:00,P-101,64.57134680680579,2.364316291924756,4.912250113575791,97.5306935446587,12.117684067633297,0,normal
2026-01-01 21:43:00,P-101,63.62775530401537,2.150331417913079,4.942352771355904,96.46894937534752,12.119605740163712,0,normal
2026-01-01 21:44:00,P-101,64.2054988925937,2.083074307591316,4.953727431116793,98.7788118361625,11.573895860256712,0,normal
2026-01-01 21:45:00,P-101,64.67137471784041,2.0790280754915345,4.954756383668217,96.17979010446908,12.081085264267385,0,normal
2026-01-01 21:46:00,P-101,64.75989560636992,2.350224592469714,4.931449665136979,97.8318327983286,11.772849257985532,0,normal
2026-01-01 21:47:00,P-101,64.30206792721773,2.100343790013278,4.87009636911455,97.74890363626557,12.103862216484524,0,normal
2026-01-01 21:48:00,P-101,64.67307946979155,2.1963419689786385,5.188037770266817,99.70427880960548,11.97743906575488,0,normal
2026-01-01 21:49:00,P-101,64.2520529064845,2.1008080549671453,4.890447816509658,98.58861138232837,11.963413454286052,0,normal
2026-01-01 21:50:00,P-101,64.88083478859741,2.0508921073017508,4.989439466260564,97.67373357745863,11.893192477439516,0,normal
2026-01-01 21:51:00,P-101,64.3786827426905,2.179470133962197,4.8677133489911295,99.17552969808123,12.217691731789136,0,normal
2026-01-01 21:52:00,P-101,64.36344456801143,2.0965336298975688,4.862115018035779,100.1908338599038,11.75780741329211,0,normal
2026-01-01 21:53:00,P-101,64.17801863744863,2.134112965753849,4.993623567648825,98.67757132191664,12.081895207404502,0,normal
2026-01-01 21:54:00,P-101,64.9529297661058,2.406633963253301,4.988979166080812,97.67734349370308,12.150586337789004,0,normal
2026-01-01 21:55:00,P-101,64.43742156705461,2.2425596238485164,5.041132369247442,95.28274398912748,12.001750335781908,0,normal
2026-01-01 21:56:00,P-101,65.70711816621971,2.306599339713191,4.985091582564472,95.71233036933724,12.336309693944802,0,normal
2026-01-01 21:57:00,P-101,65.19596690591564,2.274713297149527,4.960170874407785,97.06576247199908,11.806183521615033,0,normal
2026-01-01 21:58:00,P-101,64.98489777589903,2.1933769351456283,4.89856622352197,96.50382406065202,12.086575686338266,0,normal
2026-01-01 21:59:00,P-101,64.44533649211522,2.151879828678086,5.077434092264508,97.25032474881594,11.896291615396194,0,normal
2026-01-01 22:00:00,P-101,65.30926327205803,2.231970612454961,5.041768776040415,97.67491888168996,12.176928781721234,0,normal
2026-01-01 22:01:00,P-101,65.4327998752742,2.2149987109586866,4.897883152651008,98.51262160933976,11.95384084913592,0,normal
2026-01-01 22:02:00,P-101,65.03849202019649,2.136918835685232,4.9768439914469305,97.41865304721856,11.844984435044063,0,normal
2026-01-01 22:03:00,P-101,66.11711296507517,2.2215226983634486,4.994161470255101,98.4077814048246,12.213447882919064,0,normal
2026-01-01 22:04:00,P-101,65.23952044936756,2.1225963084868207,4.952152366275949,97.63481222383452,11.83073197891125,0,normal
2026-01-01 22:05:00,P-101,65.43142627740457,2.1642921024770985,4.993527047443029,93.9497513436554,11.53594738852955,0,normal
2026-01-01 22:06:00,P-101,65.00655686744994,2.157299006531302,5.016239061754587,95.80177420702144,11.770683849575878,0,normal
2026-01-01 22:07:00,P-101,65.45332799912728,2.0747294383977355,4.958869618533686,97.22036173800426,12.040417441457834,0,normal
2026-01-01 22:08:00,P-101,64.53007535108311,1.970367967525136,4.9332348096579635,95.28956568637996,12.137094720908816,0,normal
2026-01-01 22:09:00,P-101,64.69443070140744,2.1052239192912605,5.090270503077214,98.53434106904866,11.97825610713076,0,normal
2026-01-01 22:10:00,P-101,65.32143313002408,2.39119296020269,5.06727303251692,100.19743100515636,12.269562343601496,0,normal
2026-01-01 22:11:00,P-101,65.1233404156617,2.1577147649562587,5.001301415058187,99.62361877646002,11.71707357899828,0,normal
2026-01-01 22:12:00,P-101,65.26777179826465,2.270491000472674,4.856291134777534,97.0335767513138,11.822354609575832,0,normal
2026-01-01 22:13:00,P-101,65.69599137239047,1.985353884823155,5.024971674689047,100.08916672476946,11.944959978312264,0,normal
2026-01-01 22:14:00,P-101,64.04119750063323,2.0954489660393665,5.025482911340729,97.66170687964924,11.906939320894974,0,normal
2026-01-01 22:15:00,P-101,64.3386379021539,2.06135470204669,4.774941058319806,96.77575723076912,11.920091594573112,0,normal
2026-01-01 22:16:00,P-101,65.1583890129534,2.18081763284902,4.9803004130372095,96.26695516549472,12.02619084644328,0,normal
2026-01-01 22:17:00,P-101,64.46458848968501,2.4348155309514983,4.938985207618778,96.81536466944796,11.81549957244934,0,normal
2026-01-01 22:18:00,P-101,67.17010620570659,2.243116105622049,4.951040048754528,96.6499848363597,11.927305282481417,0,normal
2026-01-01 22:19:00,P-101,65.30732649315844,2.3663736808361344,4.912928421897547,97.64450885909802,11.920310687708133,0,normal
2026-01-01 22:20:00,P-101,64.85924079765292,2.164288424312294,4.9657868856049925,97.61601359332468,11.74330242702151,0,normal
2026-01-01 22:21:00,P-101,64.6288677178858,2.33236382257297,5.070657899500313,97.32184891676206,11.896922129686574,0,normal
2026-01-01 22:22:00,P-101,64.65780861160347,2.403887281603026,4.94967616486553,98.0924059782616,11.914040273368425,0,normal
2026-01-01 22:23:00,P-101,65.00214316870908,2.1870690063708644,5.06197812854831,99.43879794327869,11.950147825297751,0,normal
2026-01-01 22:24:00,P-101,65.06445593917168,2.145121264073591,4.93350397754239,98.99471628639633,11.97619337990818,0,normal
2026-01-01 22:25:00,P-101,64.65177162221296,2.0623475995882696,4.999140474839072,94.60275413531492,11.853217332182124,0,normal
2026-01-01 22:26:00,P-101,64.71521206456089,2.156838091262169,4.926803231166238,92.66873212727016,11.693602927996638,0,normal
2026-01-01 22:27:00,P-101,65.95172352606924,2.217096930624851,5.014021281623599,98.93795436083488,12.222681577619298,0,normal
2026-01-01 22:28:00,P-101,65.76332130356987,2.387483142060251,4.948364272584827,94.7863544658003,11.609694508133405,0,normal
2026-01-01 22:29:00,P-101,65.08009948064456,2.0609343047260364,5.013242624632586,96.83288583617008,11.760792553391124,0,normal
2026-01-01 22:30:00,P-101,64.27156128952514,2.2223524879101575,4.77149062130023,95.12215795555927,12.40965746351149,0,normal
2026-01-01 22:31:00,P-101,65.2141142439332,2.0030362955316474,4.840370882312326,93.9758654254356,11.611677691765223,0,normal
2026-01-01 22:32:00,P-101,65.89646644607508,2.1443160438621898,5.011048669391644,98.18530345310388,11.674808168651165,0,normal
2026-01-01 22:33:00,P-101,65.92674099172635,2.2352976243641507,4.842637937418418,98.56856221911548,12.103952215573708,0,normal
2026-01-01 22:34:00,P-101,65.29161588101724,2.2300284954621077,4.924418866966719,96.1559491862023,11.469254504831294,0,normal
2026-01-01 22:35:00,P-101,65.82958202083462,2.248045976524059,4.921411639791152,92.52154986637171,11.728591713996664,0,normal
2026-01-01 22:36:00,P-101,65.1449457575727,2.252339943912836,4.903971367229926,96.19411768628284,12.314988515603783,0,normal
2026-01-01 22:37:00,P-101,65.27780587837638,2.2431323594935653,4.9303378089878365,97.87471071764,11.62725413709852,0,normal
2026-01-01 22:38:00,P-101,64.36100525043402,2.182117840734026,4.964007785007991,94.49970309972392,11.438598195843976,0,normal
2026-01-01 22:39:00,P-101,65.05861445871729,2.0802010165115123,5.045493119621846,97.48424727172598,11.62469117776024,0,normal
2026-01-01 22:40:00,P-101,65.89683479195247,2.018564307445894,4.904101270538195,97.11927272260314,12.093250095347493,0,normal
2026-01-01 22:41:00,P-101,64.67652395584693,2.152148266204955,4.941569548090134,98.18236218232497,12.170426209466912,0,normal
2026-01-01 22:42:00,P-101,64.3763331440566,2.1792551850603497,4.922290388054611,97.34786561875048,11.817918209166812,0,normal
2026-01-01 22:43:00,P-101,65.06262237932975,2.3253079875991887,4.784245989448853,95.37425720802624,11.997870197041,0,normal
2026-01-01 22:44:00,P-101,64.94235339078787,2.2001894122796353,5.0026493017818785,99.27294764596525,12.256239494881354,0,normal
2026-01-01 22:45:00,P-101,65.51374671882736,2.190834605164798,5.0337030527999,96.82728105919053,12.262287714661682,0,normal
2026-01-01 22:46:00,P-101,64.65723822397368,2.2330506459229498,5.041736820247199,97.05717957350872,11.862448330969292,0,normal
2026-01-01 22:47:00,P-101,65.90779606226485,2.149091408354661,4.893249527325324,95.42031736761751,11.402315177494527,0,normal
2026-01-01 22:48:00,P-101,64.06536060763356,2.27004277947278,4.8753445612482835,96.2963424644694,11.724714489452143,0,normal
2026-01-01 22:49:00,P-101,65.737757592188,2.389113931112121,4.956470745274877,95.49583569434596,11.779514231843327,0,normal
2026-01-01 22:50:00,P-101,64.45082395281416,2.413132945845577,5.025765031369101,96.7715873309448,11.851359860612666,0,normal
2026-01-01 22:51:00,P-101,63.82112589303492,2.2083914536403952,5.012425082415193,100.15855510334669,11.967184772898657,0,normal
2026-01-01 22:52:00,P-101,65.17627116387943,2.236163786441279,4.966279601080236,94.60282765690732,12.061863749293352,0,normal
2026-01-01 22:53:00,P-101,64.86242409049964,2.361076387055482,5.021556061646812,94.1627896705275,12.079769375453342,0,normal
2026-01-01 22:54:00,P-101,64.26369635574333,2.1832829342681226,4.945364822430083,99.7104381576232,11.95697841394374,0,normal
2026-01-01 22:55:00,P-101,63.94914800787783,2.272724127048733,4.951410709332057,96.68086153991696,12.120122821407872,0,normal
2026-01-01 22:56:00,P-101,64.9760142607791,2.0843638467463377,5.072910459005545,95.84880731822608,11.946996492873,0,normal
2026-01-01 22:57:00,P-101,65.62747614443573,2.168136904015958,4.975429646887809,98.92064255046434,11.980520471086445,0,normal
2026-01-01 22:58:00,P-101,65.40120078402899,2.3180092917814217,4.870832052882434,95.95456405000932,12.059945752922273,0,normal
2026-01-01 22:59:00,P-101,65.04535602710716,2.129151488662567,4.9564203703910295,100.327529712855,12.024276301033233,0,normal
2026-01-01 23:00:00,P-101,65.43699832122793,2.201566013399765,4.916899425880765,98.25720154662528,12.35927828181831,0,normal
2026-01-01 23:01:00,P-101,64.84125058195437,2.0264578660683568,4.986552380690131,96.1550999691042,11.596970765714214,0,normal
2026-01-01 23:02:00,P-101,64.04420465910646,2.3975511628311015,4.946414547856068,100.91308381072824,11.924358334503443,0,normal
2026-01-01 23:03:00,P-101,64.0248949327312,2.3204143524818543,4.978336536665247,95.93641389649606,11.852788637504093,0,normal
2026-01-01 23:04:00,P-101,64.88147613393159,2.2203568912177465,4.9320697103588875,98.35942756567331,12.038673365061795,0,normal
2026-01-01 23:05:00,P-101,64.95870757133487,2.257966396633698,4.826958715050793,97.5595212738669,12.180377735636624,0,normal
2026-01-01 23:06:00,P-101,65.54472398159567,2.238628123901911,5.015075899634258,99.3612514545523,11.97595783018934,0,normal
2026-01-01 23:07:00,P-101,65.39086827914079,2.326844950581617,5.008655894996514,99.82634372882316,11.710344381963452,0,normal
2026-01-01 23:08:00,P-101,65.42155710952751,2.1513452128239137,5.0069522628447105,97.07092157450914,12.080630426526277,0,normal
2026-01-01 23:09:00,P-101,64.8250412355207,2.2740524761666365,4.909441261697412,95.65503670389803,12.020642854345336,0,normal
2026-01-01 23:10:00,P-101,63.9439365607608,2.2896114180374916,4.9238038652857545,97.83719785609102,11.546744203806847,0,normal
2026-01-01 23:11:00,P-101,65.22334979116053,2.3164472887125163,4.985978719545682,95.7876039451974,11.872867291621764,0,normal
2026-01-01 23:12:00,P-101,65.23666530250554,1.962097797203704,5.1126315386798,100.63001686026313,11.700872139671834,0,normal
2026-01-01 23:13:00,P-101,63.37205708375214,2.1314556989577857,4.973284723701416,97.25029630359732,11.784578669607509,0,normal
2026-01-01 23:14:00,P-101,64.35611394545278,2.08647536835341,4.993178472550823,96.3457515827523,11.709810762090008,0,normal
2026-01-01 23:15:00,P-101,64.57947792671017,2.2182346310732064,4.950836236508547,97.33473744183466,12.081895062903438,0,normal
2026-01-01 23:16:00,P-101,65.02816059939866,1.9928236030392497,4.837712393446336,94.57665299774936,11.860665624766918,0,normal
2026-01-01 23:17:00,P-101,64.33796958676966,1.9794552958274236,5.020239333741053,95.25192744002683,11.6004396230496,0,normal
2026-01-01 23:18:00,P-101,65.02800885660798,2.423043365055511,5.055200148104581,99.161115136855,12.15084664669712,0,normal
2026-01-01 23:19:00,P-101,64.71887155075719,2.245279711624807,5.007931010011435,95.81768282491711,11.587769319961833,0,normal
2026-01-01 23:20:00,P-101,64.86837419126076,2.208880506921056,4.9384194216277555,95.11556023117252,11.919489565029364,0,normal
2026-01-01 23:21:00,P-101,64.45600667080106,2.2274144604075037,5.021454601797846,97.96606748161474,11.77617989059013,0,normal
2026-01-01 23:22:00,P-101,64.54997601367948,2.210670240811812,5.053909701626632,99.13463758094842,11.90090371092235,0,normal
2026-01-01 23:23:00,P-101,64.31522232452494,2.301723170041712,5.096360594632401,98.29494866854311,12.04970260966397,0,normal
2026-01-01 23:24:00,P-101,65.27088613891738,2.1394804153701026,5.057140488858853,98.79436615335328,12.068120864412505,0,normal
2026-01-01 23:25:00,P-101,65.41902540191775,2.2241253332740283,4.960868303070883,95.6400817318528,12.136596266666777,0,normal
2026-01-01 23:26:00,P-101,64.4350033207788,2.2154169826063748,4.852862983870082,94.44407117497876,11.816871395315072,0,normal
2026-01-01 23:27:00,P-101,66.00679042227078,2.097414130995275,5.007965413648705,99.70693328116826,12.052498171027716,0,normal
2026-01-01 23:28:00,P-101,64.72733095569475,2.31990652265283,4.9822113787574445,96.42509610479934,11.805205418663116,0,normal
2026-01-01 23:29:00,P-101,65.97119786515326,2.1527554356882,5.015192006083603,96.5559921811321,11.933077741958522,0,normal
2026-01-01 23:30:00,P-101,64.6070813336384,2.3045380523099133,5.088772404693929,99.39999745412892,12.06989713322557,0,normal
2026-01-01 23:31:00,P-101,63.6549729862067,2.208319677322444,4.973463493030449,98.01240288744236,11.920710117132396,0,normal
2026-01-01 23:32:00,P-101,65.1124221293139,2.346329173883291,5.125408224246295,97.83391209593766,11.57426726605963,0,normal
2026-01-01 23:33:00,P-101,65.19433987292365,2.099609011673139,4.885976186552527,100.91262779553678,12.093673013132284,0,normal
2026-01-01 23:34:00,P-101,65.00440300571378,2.0894723528505392,4.987951774261816,95.8597843189502,11.948705825039598,0,normal
2026-01-01 23:35:00,P-101,64.52119126769371,2.1024181413204035,4.931012641143933,98.69090685968143,11.824692510520851,0,normal
2026-01-01 23:36:00,P-101,64.85744689587828,2.199605994187903,4.837757255230497,97.12627952087132,11.656910978411636,0,normal
2026-01-01 23:37:00,P-101,64.74484964494857,2.3629660730136797,4.960977462257618,97.51016685985594,12.220480835896472,0,normal
2026-01-01 23:38:00,P-101,64.8355762756881,2.362978332536952,4.895809633054462,99.78117219439288,12.091724268010667,0,normal
2026-01-01 23:39:00,P-101,65.50947346516621,1.9647074255468877,4.968174495788581,97.9474448650878,11.892607139768293,0,normal
2026-01-01 23:40:00,P-101,65.01921051053954,2.2134814945616785,4.982492526571652,98.00586792050392,11.71276946098562,0,normal
2026-01-01 23:41:00,P-101,65.32813923085038,1.870895590843881,5.068010153009798,98.97122543562816,11.804773797384575,0,normal
2026-01-01 23:42:00,P-101,64.90253824810603,2.2855892110828235,4.858346611650109,96.38775710835849,12.152150792608,0,normal
2026-01-01 23:43:00,P-101,64.74047654656304,2.307564121070795,5.018973528714616,95.53823671194118,11.893679489531843,0,normal
2026-01-01 23:44:00,P-101,64.16100631806738,2.1857778540330672,4.958590448505346,95.17248169857608,11.74505703755714,0,normal
2026-01-01 23:45:00,P-101,64.72709557214448,2.204697514356769,5.007201463731807,93.5182022979135,11.907483915182336,0,normal
2026-01-01 23:46:00,P-101,62.79228446196711,2.2017649090768865,4.977412461768094,100.7635044020273,11.860025494571554,0,normal
2026-01-01 23:47:00,P-101,64.66976969786924,2.1276602625222063,4.857557130210624,95.0814251284066,12.152611359908274,0,normal
2026-01-01 23:48:00,P-101,65.00655475078189,2.250001774641397,4.8815149790821835,96.67399319172937,12.170779902731224,0,normal
2026-01-01 23:49:00,P-101,65.29780945723397,2.169021666344201,4.8753656372362055,96.5792158992904,11.804061662738157,0,normal
2026-01-01 23:50:00,P-101,64.75653279641269,2.285163275706551,5.00980921365308,97.63622229486334,11.803352619439728,0,normal
2026-01-01 23:51:00,P-101,65.02756495795352,2.165960410033137,5.08895261717668,98.5568075621651,11.433077587126498,0,normal
2026-01-01 23:52:00,P-101,63.465179295442184,2.1004167665335576,4.9468844210907505,98.64310279566163,11.662976929559576,0,normal
2026-01-01 23:53:00,P-101,64.82782509501597,2.0309585670792174,5.004546073923296,96.0506603045252,11.613625854144203,0,normal
2026-01-01 23:54:00,P-101,63.88424434940342,2.010841650614102,4.861414142528617,96.80550865981108,11.93120332799181,0,normal
2026-01-01 23:55:00,P-101,64.16678977662649,2.3257865986017343,4.988835269457591,97.621278201518,11.863391605157268,0,normal
2026-01-01 23:56:00,P-101,64.74921939638573,2.1394641507137826,5.013514132301987,96.6714749158388,11.631077149992114,0,normal
2026-01-01 23:57:00,P-101,65.81008964419901,2.2316309106745873,4.898821299115109,100.01900333844904,11.94433729166056,0,normal
2026-01-01 23:58:00,P-101,65.25582994321067,2.3799853373978954,4.965891915856949,98.01637586855388,12.041558705586086,0,normal
2026-01-01 23:59:00,P-101,65.03265428636152,2.146097182667055,5.034738374813315,98.46241749793266,12.059440394921095,0,normal
2026-01-02 00:00:00,P-101,64.83689850290078,2.120062909396673,4.778036222041095,98.34001673471587,11.5702664458697,0,normal
2026-01-02 00:01:00,P-101,64.519460525559,2.184877459752114,5.086146237915092,99.26645235959708,11.952340874691146,0,normal
2026-01-02 00:02:00,P-101,64.52319654557617,2.188861643101247,4.9996333836042135,97.48758272918404,11.6479593264812,0,normal
2026-01-02 00:03:00,P-101,65.28668468137259,2.3897711638046206,4.998522595356163,94.8351660015949,12.0254007194759,0,normal
2026-01-02 00:04:00,P-101,64.13232227022189,2.36033138594779,4.950077610519287,97.89679600629208,12.09373316345946,0,normal
2026-01-02 00:05:00,P-101,65.28075955446702,2.2501189040801677,4.8395392621244975,96.01298358340726,11.700784062237323,0,normal
2026-01-02 00:06:00,P-101,64.6543898999485,2.334303604736917,4.9998059857457955,96.24215788036084,11.734055695930746,0,normal
2026-01-02 00:07:00,P-101,65.4860275558558,2.1763970081364237,4.976794058864143,98.25753816432989,11.855472734830236,0,normal
2026-01-02 00:08:00,P-101,65.46113080031428,2.211221605646096,4.99664388258942,99.4395800709158,11.532628723181206,0,normal
2026-01-02 00:09:00,P-101,63.90721921404975,2.169245643795101,5.048709679475972,97.25771905120456,11.98492520622425,0,normal
2026-01-02 00:10:00,P-101,64.57960812432252,2.0661215183614883,5.031187079421825,97.78426082514429,11.878958915486304,0,normal
2026-01-02 00:11:00,P-101,64.51498448844751,2.328510615391807,5.137501123795476,100.30145045992036,12.203078530311185,0,normal
2026-01-02 00:12:00,P-101,63.72047914182836,2.2415987098705186,4.98757071448142,97.68009184602748,11.710720911788313,0,normal
2026-01-02 00:13:00,P-101,64.30587644941075,2.1991814135077217,4.97100721061591,101.93920812612886,11.93435165413388,0,normal
2026-01-02 00:14:00,P-101,66.46333846044814,2.1856414620431464,4.969647896038694,98.28370753223044,11.647206174359091,0,normal
2026-01-02 00:15:00,P-101,65.26399616696995,2.0342716254158484,4.970158411198145,94.10619751204428,11.622327812662478,0,normal
2026-01-02 00:16:00,P-101,66.14923454435515,2.091166451228891,5.05752529393541,98.64153376059012,11.722849613604058,0,normal
2026-01-02 00:17:00,P-101,65.58744020081642,2.239161170131917,4.877124820813813,97.98171974145228,12.138646328012856,0,normal
2026-01-02 00:18:00,P-101,64.4650120743476,2.141055605158619,4.996872355363212,99.62747223006708,11.849171797151737,0,normal
2026-01-02 00:19:00,P-101,64.74508599147809,2.177455812371534,5.097948841120405,98.52809251277183,11.980677912332078,0,normal
2026-01-02 00:20:00,P-101,65.32514655527665,2.1829815978787126,4.953962975592464,97.0777596562641,11.836180108915562,0,normal
2026-01-02 00:21:00,P-101,65.14442370338834,2.1157582283703884,5.01651105817585,95.13402283350128,11.600127631802478,0,normal
2026-01-02 00:22:00,P-101,64.58115750325706,2.0982287181081647,5.004242839371312,96.97246124661908,11.875513752764244,0,normal
2026-01-02 00:23:00,P-101,64.01664484187324,2.0385517115074316,5.0251989753322475,95.82887328754984,11.994686864999217,0,normal
2026-01-02 00:24:00,P-101,67.01392606070195,2.171277462258763,4.906578139590204,96.32613775021991,11.648232253997929,0,normal
2026-01-02 00:25:00,P-101,64.94853111594912,2.266464100814966,4.928041414162797,98.44195310673872,12.115081151348438,0,normal
2026-01-02 00:26:00,P-101,64.7329885573553,2.029318738683605,5.00541836809374,100.39993356451797,11.84205382264,0,normal
2026-01-02 00:27:00,P-101,65.02007934525061,2.19147086819998,4.873907159214387,98.1162684321209,11.846891267749058,0,normal
2026-01-02 00:28:00,P-101,64.82965867183545,2.2266780115420266,4.933770001610432,95.26518440732484,11.964092156821756,0,normal
2026-01-02 00:29:00,P-101,65.0147496475883,2.0936106290647714,5.000002688488108,98.23013224620112,11.814216735942136,0,normal
2026-01-02 00:30:00,P-101,65.83490414604962,2.342029999448976,5.120884654315484,99.59601618289987,11.99539545735417,0,normal
2026-01-02 00:31:00,P-101,64.8587621615251,2.1545391686185917,4.991758874521694,96.3568601272806,11.8277676380608,0,normal
2026-01-02 00:32:00,P-101,64.2241647208028,2.187579917596159,5.016023846195944,97.22578532348273,11.942647161045246,0,normal
2026-01-02 00:33:00,P-101,64.70209445613482,2.161834526802594,5.056574890181658,97.50615808881572,11.449036921559772,0,normal
2026-01-02 00:34:00,P-101,64.52889860501863,2.0035808163620468,4.893271578300817,96.07976095234716,11.5164564655288,0,normal
2026-01-02 00:35:00,P-101,65.95471320704584,2.304209938349593,4.975169173074144,98.6724959440113,12.083368279529708,0,normal
2026-01-02 00:36:00,P-101,65.80549113237652,2.1095068363348877,5.142789397523096,97.3010516096823,12.12646782942028,0,normal
2026-01-02 00:37:00,P-101,64.988173167905,2.1670087390451385,4.977333812882785,98.28723684497008,11.766519764642798,0,normal
2026-01-02 00:38:00,P-101,64.10919439145616,2.252951551223648,5.037630801691566,95.94806492768114,11.829636277396208,0,normal
2026-01-02 00:39:00,P-101,64.1899037484318,2.3445741962907705,5.035179148511273,96.7717497109155,11.962096341907923,0,normal
2026-01-02 00:40:00,P-101,65.0465243244862,2.096200395176744,4.885264394602514,98.87323546096516,12.104840584160694,0,normal
2026-01-02 00:41:00,P-101,65.04428814195633,2.1354291513717003,4.990891283594661,96.91577342042456,11.501937748278568,0,normal
2026-01-02 00:42:00,P-101,64.70192190019554,2.332004918172999,5.017367132621954,100.70948095675884,11.84407637930709,0,normal
2026-01-02 00:43:00,P-101,64.63201534263598,2.2399857390556237,4.992055333206142,96.89582180573116,11.84035877820196,0,normal
2026-01-02 00:44:00,P-101,64.64325697066728,2.2703830184461213,4.9275518011068895,98.03396746922633,12.081647063524,0,normal
2026-01-02 00:45:00,P-101,65.1525725431016,2.1140615255378306,4.915042761213442,99.32271270472933,12.47936747788618,0,normal
2026-01-02 00:46:00,P-101,63.383853400092235,2.1543817817433135,4.917735804585596,95.10565045870555,11.807568368399222,0,normal
2026-01-02 00:47:00,P-101,64.12794186649604,2.1653655053558265,4.938194919293284,94.5040569089179,11.55372621484674,0,normal
2026-01-02 00:48:00,P-101,64.5674696443705,2.111359403569849,5.032371700386487,94.94227890544646,11.928721982603651,0,normal
2026-01-02 00:49:00,P-101,65.87709690031633,2.043082445843763,5.12697377483769,99.97620174568966,12.263485210278832,0,normal
2026-01-02 00:50:00,P-101,64.444199214341,2.1458847820201887,5.065016223641558,96.72543744059352,11.923365947413703,0,normal
2026-01-02 00:51:00,P-101,65.07839748344163,2.3309823275300254,5.083602097528202,102.3389132773473,11.88883768928956,0,normal
2026-01-02 00:52:00,P-101,65.18001958570076,2.2096621234241205,4.897036392774282,96.73402111352532,12.093619421701764,0,normal
2026-01-02 00:53:00,P-101,65.87011777882216,2.340454468516501,4.952352369510534,98.0975101759798,12.07563442897908,0,normal
2026-01-02 00:54:00,P-101,65.7546971540447,2.210361730225011,5.020263869965773,100.55690462968634,11.811490970051466,0,normal
2026-01-02 00:55:00,P-101,65.00410686004969,2.128270231585934,4.969809264038462,101.40799967037935,12.11852511361825,0,normal
2026-01-02 00:56:00,P-101,64.77674341379763,2.337568586531261,5.0556424012337695,101.52380055568128,12.245167130202214,0,normal
2026-01-02 00:57:00,P-101,64.6512864598562,2.230692954260264,5.050477526352823,100.0043498775023,12.236508504836848,0,normal
2026-01-02 00:58:00,P-101,64.83539128048388,2.2952790118240696,5.034429640911293,99.68893365317108,11.977378214533244,0,normal
2026-01-02 00:59:00,P-101,64.68156340445087,2.0890169068606523,5.061045751836896,98.92863295178653,11.896243099317733,0,normal
2026-01-02 01:00:00,P-101,65.43820414436071,2.312829495050349,4.929475910975488,99.2797295935403,12.223846652222464,0,normal
2026-01-02 01:01:00,P-101,65.15597449620633,2.2934915692505284,5.034330723619415,96.90327143329608,11.665066042402705,0,normal
2026-01-02 01:02:00,P-101,65.37798611261938,2.228212753107097,4.915699854692215,96.43950362006292,11.980900966786088,0,normal
2026-01-02 01:03:00,P-101,65.70082585720554,2.105855385107255,4.913366205874568,97.92317225595698,11.663689842205825,0,normal
2026-01-02 01:04:00,P-101,66.26066154476581,2.2010901589408185,5.0136483930097375,97.64002636166909,12.142276045301992,0,normal
2026-01-02 01:05:00,P-101,65.03301978600555,2.25564209532847,5.05658902210005,97.14778727461209,11.862824515116133,0,normal
2026-01-02 01:06:00,P-101,65.79541410648388,2.2326870197167046,5.026505542695249,99.23445986489276,12.230750443076277,0,normal
2026-01-02 01:07:00,P-101,64.80285878473714,2.2637011771512765,4.998636292411209,99.71800107471311,12.0898225835125,0,normal
2026-01-02 01:08:00,P-101,65.66546868961784,2.2892490650840207,5.00346273582065,98.17519679935435,11.700611857968244,0,normal
2026-01-02 01:09:00,P-101,65.79698510655794,2.147384380879223,5.01648342059635,100.6933536331641,12.305726155410373,0,normal
2026-01-02 01:10:00,P-101,65.72202201133337,2.0920983385748912,4.8811495917662135,95.99661544956912,12.19014751677262,0,normal
2026-01-02 01:11:00,P-101,65.09897642773694,2.200569666258484,4.890227043644808,97.72104537909516,12.108088659892696,0,normal
2026-01-02 01:12:00,P-101,64.47862924531691,2.1570899186171264,4.962456666973547,96.79744785366888,11.751605862602824,0,normal
2026-01-02 01:13:00,P-101,64.01697038346308,2.26983194052426,4.953051735533054,94.74617570292035,11.78118248021613,0,normal
2026-01-02 01:14:00,P-101,64.96289791169269,2.091284114929137,4.980547734450502,97.97544679647602,11.968348847375433,0,normal
2026-01-02 01:15:00,P-101,65.92539593719707,2.293916791387493,5.0265628393253,97.9235726369806,11.796965099243131,0,normal
2026-01-02 01:16:00,P-101,64.926362702143,2.3499625695866344,4.993771513637265,100.8854883768769,12.365033965798949,0,normal
2026-01-02 01:17:00,P-101,65.51324698035138,2.200363604975069,5.032562682525266,99.3154139791926,12.008327713720986,0,normal
2026-01-02 01:18:00,P-101,65.3210636789622,2.180073071829548,4.953430956689446,96.35520304022978,11.349986481785422,0,normal
2026-01-02 01:19:00,P-101,64.85568639931257,2.1278262004958695,5.143185161649506,101.55500343069542,12.114521265472106,0,normal
2026-01-02 01:20:00,P-101,65.8358154280087,2.143470056802137,5.009995009821534,100.43450489506822,11.943403667488584,0,normal
2026-01-02 01:21:00,P-101,63.096812788448865,2.157731163062425,5.156885945939638,99.303536313284,11.96412077817483,0,normal
2026-01-02 01:22:00,P-101,64.15701574830756,2.338785827296636,5.003313940035765,97.86731286594046,11.862295512821074,0,normal
2026-01-02 01:23:00,P-101,64.42528915665727,2.19515008133781,4.950715836275774,96.56732382169494,12.058428997972186,0,normal
2026-01-02 01:24:00,P-101,64.52082304516485,2.0739127397678456,4.9134764183569795,97.6437776695157,12.153250885796147,0,normal
2026-01-02 01:25:00,P-101,65.24146152620122,2.2281515036889603,4.901928167980048,100.29303681640872,12.065401736943992,0,normal
2026-01-02 01:26:00,P-101,65.1830972513006,2.282008747241148,4.948050909059148,101.7451868966879,11.984493369473006,0,normal
2026-01-02 01:27:00,P-101,65.26528066185656,2.198508781918448,4.949932695767527,101.15051374090058,12.026247971265184,0,normal
2026-01-02 01:28:00,P-101,65.36270714623295,2.3440932496923375,5.00276330798733,97.51259065584772,11.929297642990957,0,normal
2026-01-02 01:29:00,P-101,64.28843201924494,2.2670080083482596,4.927139940197359,96.3971516171572,11.73142854054175,0,normal
2026-01-02 01:30:00,P-101,64.2349146072533,2.0981418756601355,4.999945889181737,98.68609955029233,12.076368716223016,0,normal
2026-01-02 01:31:00,P-101,65.24013999617023,2.1428603990878017,5.042432999837685,95.26945144713171,11.950092008186044,0,normal
2026-01-02 01:32:00,P-101,64.68825310411614,2.2338116512266124,4.984399191768375,99.05457763828149,12.27972557710378,0,normal
2026-01-02 01:33:00,P-101,64.04845465195595,2.041296896933926,5.127816156344998,98.22751874523227,12.197895518414663,0,normal
2026-01-02 01:34:00,P-101,65.55896150277972,2.225359984355949,4.894440814289656,97.67475829133994,11.793107765222173,0,normal
2026-01-02 01:35:00,P-101,65.91870566836361,2.025200549175922,4.946095859158044,95.66367075442888,12.03396979753466,0,normal
2026-01-02 01:36:00,P-101,65.94011964276748,2.2941107814951196,4.957040287042434,99.47921916952036,11.794185898466717,0,normal
2026-01-02 01:37:00,P-101,65.1452442438739,2.293434708469494,5.041721155613958,97.61656931899677,12.067683499758072,0,normal
2026-01-02 01:38:00,P-101,65.33384165112504,2.242133654804954,4.808118188403769,96.49036025293977,11.791387967836172,0,normal
2026-01-02 01:39:00,P-101,65.74998017092007,2.116362543648748,4.83345197868242,93.44700489248665,11.59875950209948,0,normal
2026-01-02 01:40:00,P-101,64.58786217802633,2.217566847208962,4.978370739145335,98.5885016716902,12.013664118690189,0,normal
2026-01-02 01:41:00,P-101,65.55413652429029,2.1294846546376927,5.1270876105905865,101.84911701199218,11.520560084728938,0,normal
2026-01-02 01:42:00,P-101,65.07397897728922,2.0849152065516936,5.0325134191487955,101.67044907661844,11.699918357417506,0,normal
2026-01-02 01:43:00,P-101,65.5592135365911,2.1621600945449653,4.884177768137338,97.87860899358348,11.900859893052647,0,normal
2026-01-02 01:44:00,P-101,65.10193753160866,2.267652504282273,4.89258514267822,97.63868041665356,11.945648765826576,0,normal
2026-01-02 01:45:00,P-101,65.81238659913251,2.200932246459898,5.112987423682374,99.58781444832276,11.913770679418043,0,normal
2026-01-02 01:46:00,P-101,65.00289771764504,2.3287975377840766,4.926204195420721,96.96836313364577,11.593163634265853,0,normal
2026-01-02 01:47:00,P-101,63.97112822604391,2.269231152770626,4.927294510259404,99.3301946330888,11.816327470564962,0,normal
2026-01-02 01:48:00,P-101,65.97310572261766,2.269223757003487,5.105291087536041,100.18750082918812,12.083866890323122,0,normal
2026-01-02 01:49:00,P-101,64.4357360580782,2.0450080353080193,5.081163757787361,101.0386967396272,12.147517256314488,0,normal
2026-01-02 01:50:00,P-101,65.79940477826186,2.1697603688819935,5.075900898681084,98.67167236524082,11.956905547438035,0,normal
2026-01-02 01:51:00,P-101,65.00664546736444,2.1010259978480827,4.918568473741449,98.50714053600562,12.186580972287569,0,normal
2026-01-02 01:52:00,P-101,65.7640351377214,2.181657197448225,4.866395181986836,97.31525768578416,11.998937135265372,0,normal
2026-01-02 01:53:00,P-101,65.6582841241606,2.121607761835937,4.9836134830880425,97.42918288326533,11.773384355706318,0,normal
2026-01-02 01:54:00,P-101,65.2445428809302,2.158233784422801,5.008777963947551,98.53191346323948,11.89985699321486,0,normal
2026-01-02 01:55:00,P-101,65.22838784623397,2.2944408320689664,5.021751193669705,99.62290674103664,11.70811397078953,0,normal
2026-01-02 01:56:00,P-101,65.27373537679584,2.2474137672572327,5.109755261159569,100.62823856648396,11.997219358916237,0,normal
2026-01-02 01:57:00,P-101,63.74324372610837,2.3066805649199997,4.854238945933299,97.56026422338766,12.149228050545895,0,normal
2026-01-02 01:58:00,P-101,65.14289336349368,2.0474721143795285,5.07732952528617,101.7150871695327,12.188510632028176,0,normal
2026-01-02 01:59:00,P-101,64.35760567784169,2.215288600208814,4.908861713075473,98.56254661657862,12.237278263681183,0,normal
2026-01-02 02:00:00,P-101,65.07993179918275,2.293088801653726,5.050246351330738,99.03448788704796,11.91045758785164,0,normal
2026-01-02 02:01:00,P-101,64.32769358399277,2.3586988759620704,4.944257081660508,97.75040509770042,12.201732111833865,0,normal
2026-01-02 02:02:00,P-101,64.16116953118771,2.0373498230861413,4.8905644398457815,94.7542465558118,11.80396655138476,0,normal
2026-01-02 02:03:00,P-101,66.15390131650024,2.177502366710762,4.96462389106622,100.7317080552665,12.316268258171974,0,normal
2026-01-02 02:04:00,P-101,65.69874895977458,2.303835028256918,4.903700742912127,100.4893456966487,12.010309021411036,0,normal
2026-01-02 02:05:00,P-101,65.03294605095232,2.1848451665664,4.9896229162642625,98.67928904759198,12.101824946188616,0,normal
2026-01-02 02:06:00,P-101,65.2163116116452,2.119953888466837,4.939202504064855,99.32896414110864,12.27489139709523,0,normal
2026-01-02 02:07:00,P-101,64.82699278522729,2.043644448088712,5.056639100887703,100.1598224724684,11.96610914845781,0,normal
2026-01-02 02:08:00,P-101,65.34834102537393,2.1026065757893684,5.009217403633401,96.44134779610964,11.936918231392124,0,normal
2026-01-02 02:09:00,P-101,64.63319214148963,2.039410116543211,5.1014157936859705,98.32447999827755,12.207507084989588,0,normal
2026-01-02 02:10:00,P-101,65.64427902287247,2.205657228770064,5.032936327165391,100.72934033175156,11.995279577166537,0,normal
2026-01-02 02:11:00,P-101,64.71221228356112,2.2755417306030425,5.007096196072486,97.06487523768804,11.647767800629408,0,normal
2026-01-02 02:12:00,P-101,64.8757866793446,2.090895350010271,5.09674673236505,99.87397455371033,12.424820647528293,0,normal
2026-01-02 02:13:00,P-101,64.94896069296979,2.2183269433730652,4.925330986000271,96.92673747221396,11.813849231298992,0,normal
2026-01-02 02:14:00,P-101,64.62929521097824,2.2860746058508603,4.898134045925495,100.23121208231082,12.038687572656832,0,normal
2026-01-02 02:15:00,P-101,65.28774502487536,2.208197909909754,5.007512327797149,99.35057436581614,12.21171856486471,0,normal
2026-01-02 02:16:00,P-101,64.57169124095505,2.0298993618235617,4.86572184503112,96.53061878761292,11.774219782882149,0,normal
2026-01-02 02:17:00,P-101,65.25034384812524,2.2324272704711654,5.187351193027211,101.55754859224334,11.845152875122873,0,normal
2026-01-02 02:18:00,P-101,65.7888663136064,2.1943595413308623,5.083504359054779,98.16194786092528,11.995605895182724,0,normal
2026-01-02 02:19:00,P-101,64.38643989899433,2.1676637060450163,5.1319681940677855,98.04898507366752,11.582854272627548,0,normal
2026-01-02 02:20:00,P-101,64.89383559955627,2.142883092200884,5.003288499965369,99.891721159895,11.939170419423268,0,normal
2026-01-02 02:21:00,P-101,65.33404373421156,2.212584887854665,5.054755450831921,101.62152992728092,12.09765363068151,0,normal
2026-01-02 02:22:00,P-101,64.6741586652996,2.2461207561061265,4.945324890063576,97.74881703002616,11.878474131535752,0,normal
2026-01-02 02:23:00,P-101,65.19073922551287,2.426371197545075,5.05892133353254,99.71165971414668,11.682659602787252,0,normal
2026-01-02 02:24:00,P-101,65.47675835135688,2.2244616744882353,4.918870675155447,100.39586999990212,12.330711691237866,0,normal
2026-01-02 02:25:00,P-101,65.72076509332508,2.353016394713701,4.8309332557437665,100.89497790070014,12.047556967810838,0,normal
2026-01-02 02:26:00,P-101,64.7061652328835,2.2472107955242526,4.944534175298059,99.98839186622588,12.285882179539124,0,normal
2026-01-02 02:27:00,P-101,64.35884610982134,2.186807169060499,4.888452621929437,99.03357652226488,11.919000045631856,0,normal
2026-01-02 02:28:00,P-101,64.71986799102542,2.2056882721130555,5.085734998159935,98.22801266287676,11.770837983548152,0,normal
2026-01-02 02:29:00,P-101,64.38871374257918,2.0798552502632983,5.12605942077652,99.89619989208973,12.050722180813723,0,normal
2026-01-02 02:30:00,P-101,65.32908384494594,2.2262614570540693,4.880142689843506,97.83477249124238,11.891885749471628,0,normal
2026-01-02 02:31:00,P-101,64.10498007863106,1.9848070276602312,5.035716974245649,94.5296881719162,11.600338353559216,0,normal
2026-01-02 02:32:00,P-101,66.62561864891278,2.126208561588122,5.072571309734013,100.59743608889586,12.311879934424375,0,normal
2026-01-02 02:33:00,P-101,65.81414763224964,2.2077608261392907,4.904737953811857,101.4622321742178,11.919412920647735,0,normal
2026-01-02 02:34:00,P-101,64.83321232707542,2.299402578956195,4.928735295473744,95.60540226389575,11.50010879095776,0,normal
2026-01-02 02:35:00,P-101,65.63645744971026,2.351365414472592,4.940035592293732,98.06470528424492,12.207574369318817,0,normal
2026-01-02 02:36:00,P-101,63.91149050371314,2.173535252380496,5.062562131829654,101.02024539257498,11.929747758614726,0,normal
2026-01-02 02:37:00,P-101,66.63578952471191,2.2150685158732952,4.9503135709464505,103.63281255098022,11.987419598006282,0,normal
2026-01-02 02:38:00,P-101,64.49268159155733,2.2843015143282193,4.992981983422639,99.99030672188027,11.646631684250414,0,normal
2026-01-02 02:39:00,P-101,65.02953593155998,2.07937741427723,4.938644914754741,98.6660330031214,12.30816928741304,0,normal
2026-01-02 02:40:00,P-101,63.69992297948596,2.2297638495210865,5.029841746897073,99.67078640601127,11.7322274747384,0,normal
2026-01-02 02:41:00,P-101,65.34641077393088,2.120676316217624,5.009807950353174,102.49833925713286,12.086640073855117,0,normal
2026-01-02 02:42:00,P-101,64.33304577798758,2.1887797218280656,4.951376665019286,98.88438642951132,12.149055657393427,0,normal
2026-01-02 02:43:00,P-101,65.08123383399472,2.1558299708336297,4.971390576531058,98.63213368253038,12.04330739707653,0,normal
2026-01-02 02:44:00,P-101,64.63391140310132,2.2421289309336454,5.134775937671875,99.22529393730672,11.964827955720764,0,normal
2026-01-02 02:45:00,P-101,64.16356860571548,2.239499186077504,4.954834904995758,98.40178795241152,11.611720466914862,0,normal
2026-01-02 02:46:00,P-101,64.42428660752024,2.2830646201587053,4.93075089392933,100.36212592091957,11.848918810474132,0,normal
2026-01-02 02:47:00,P-101,65.19234559935089,2.240029411668764,5.071733067490743,103.08927176498254,12.13023822055798,0,normal
2026-01-02 02:48:00,P-101,64.12001278236323,2.2117918815372297,4.997652415642361,100.76991425019678,11.865662613508505,0,normal
2026-01-02 02:49:00,P-101,64.52496284490122,2.38673842930861,4.898510071379008,99.75764465396618,12.03340123161874,0,normal
2026-01-02 02:50:00,P-101,65.47580596497188,2.0526701806545664,5.153305913495529,99.71011700313557,12.127652191857097,0,normal
2026-01-02 02:51:00,P-101,66.73216083491258,2.3741951478694125,4.9497776302263325,97.4451156417398,12.115854046412212,0,normal
2026-01-02 02:52:00,P-101,65.24425536432018,2.1634546812972433,4.9922683636109095,101.87192253882044,11.810921804602076,0,normal
2026-01-02 02:53:00,P-101,64.55928465376729,2.2748611267719765,5.012845138761188,100.16566641276208,12.444299203378652,0,normal
2026-01-02 02:54:00,P-101,64.8151449040043,2.173579073603645,5.1211515647327195,100.00433908881,12.153626041575126,0,normal
2026-01-02 02:55:00,P-101,65.08446502429453,2.1370523707928784,4.943419885288613,106.10020581449426,12.182663343701016,0,normal
2026-01-02 02:56:00,P-101,64.85873576972755,2.2582705178669373,5.028456558816949,100.91375493575116,12.245319964687862,0,normal
2026-01-02 02:57:00,P-101,65.7425508237358,2.321991461187934,5.136570452579637,99.04614012540831,12.444465758162243,0,normal
2026-01-02 02:58:00,P-101,65.03702758712302,2.235377346715457,5.005563607878203,99.65526002264276,11.701913780467908,0,normal
2026-01-02 02:59:00,P-101,65.60072447078859,2.1470021836856747,4.938658817231206,102.51321957824491,12.030344058849076,0,normal
2026-01-02 03:00:00,P-101,64.63618981652334,2.542915381163487,4.963444121633641,100.67319013408868,11.544509372047994,0,normal
2026-01-02 03:01:00,P-101,65.85304918198091,2.318882971562292,4.993518378870329,97.90366017873532,11.975640111891664,0,normal
2026-01-02 03:02:00,P-101,64.94015116067403,2.298861863615815,5.1148602679255255,102.1703993830736,12.138190829877235,0,normal
2026-01-02 03:03:00,P-101,64.35901662734331,2.163593867472409,4.96960971980897,99.3363228918094,11.97225726366573,0,normal
2026-01-02 03:04:00,P-101,66.41074873708752,2.1369680485322484,5.097206425229757,103.93407994094876,11.9871156840288,0,normal
2026-01-02 03:05:00,P-101,63.69685670192761,2.1586552052674013,4.924817756950065,102.52935748433477,11.665977821292378,0,normal
2026-01-02 03:06:00,P-101,64.5439006023664,2.310892742875203,4.896971538867184,99.80318247388378,12.068802210898866,0,normal
2026-01-02 03:07:00,P-101,64.72515337985548,2.1161077358404445,4.995576399097924,102.93724473058712,12.379204238700678,0,normal
2026-01-02 03:08:00,P-101,66.59718176683839,2.0893833527804677,5.108427706962519,100.77656964313896,11.905093398147482,0,normal
2026-01-02 03:09:00,P-101,66.22849263209304,2.26013010846728,5.026945188924237,102.2123964158273,12.154383878279448,0,normal
2026-01-02 03:10:00,P-101,65.87779817063635,2.221261916152089,5.036015335316641,101.57285516269778,11.733556792196923,0,normal
2026-01-02 03:11:00,P-101,64.80867450755076,2.12566609056467,5.011463403725302,99.19978320351554,12.06743610884397,0,normal
2026-01-02 03:12:00,P-101,66.54514958126991,2.087237799732508,5.073521358414303,99.58767996332313,11.90895393935076,0,normal
2026-01-02 03:13:00,P-101,65.2135989206604,2.340837712841274,4.983512527432801,102.62279759104509,11.92620033761077,0,normal
2026-01-02 03:14:00,P-101,65.58398048310899,2.229844361662753,5.05007019311522,100.18902355210436,11.853597978319904,0,normal
2026-01-02 03:15:00,P-101,65.0901706051922,2.0606028259098443,4.942715754687737,100.08775411575962,11.923910307066189,0,normal
2026-01-02 03:16:00,P-101,64.9853534638289,2.0726382161276575,5.1300066126673425,99.11775267528886,12.050019243397172,0,normal
2026-01-02 03:17:00,P-101,64.76152398361481,2.1552979595168913,4.960193142461748,101.62205197625164,11.786228919048446,0,normal
2026-01-02 03:18:00,P-101,64.88417992228631,2.2756208570436223,4.984179407087843,104.59466583033456,12.058416908596469,0,normal
2026-01-02 03:19:00,P-101,65.38193862083965,2.257948771547846,5.028307433285922,98.9830546341758,11.961197283425443,0,normal
2026-01-02 03:20:00,P-101,65.1719389065407,2.30554031511003,5.015291650251621,100.9706460051358,11.809311535247703,0,normal
2026-01-02 03:21:00,P-101,65.14197016644843,2.0695280543488717,5.057793947451191,103.49142790129252,12.46407587737378,0,normal
2026-01-02 03:22:00,P-101,65.93014408802867,2.216550782437898,5.0241959431879835,100.82839775035217,11.854152836498296,0,normal
2026-01-02 03:23:00,P-101,63.043736891799874,2.3394054774014332,4.941755375069852,101.80828289863724,11.92036110423242,0,normal
2026-01-02 03:24:00,P-101,65.25353616146695,2.324378395941116,5.103974179136278,99.10390541007148,11.777455572337644,0,normal
2026-01-02 03:25:00,P-101,65.61142145686318,2.2524500035738213,5.0806409938743,101.80930394620624,12.41397513581381,0,normal
2026-01-02 03:26:00,P-101,65.79182666133828,2.4400933705193792,5.102362145131994,100.72356485432958,12.132287991349784,0,normal
2026-01-02 03:27:00,P-101,64.92226796083098,2.256863871357661,4.991584302479136,102.85674647168668,11.898383992901872,0,normal
2026-01-02 03:28:00,P-101,65.24662177270392,2.3170145180160593,5.061573333638768,103.2416685508706,12.318496368298112,0,normal
2026-01-02 03:29:00,P-101,65.71568370108254,2.212995334955033,5.071690405049522,105.78746126930936,12.213763576937056,0,normal
2026-01-02 03:30:00,P-101,66.01027549735315,2.126590166095119,5.1008740839229025,102.19139000887972,12.117192384488693,0,normal
2026-01-02 03:31:00,P-101,64.79897847756985,2.1118307219719608,5.098779533560198,101.75621643321246,11.983791051245884,0,normal
2026-01-02 03:32:00,P-101,65.13725916180074,2.214015796081479,5.028926910354503,101.54133541474354,11.896356865050912,0,normal
2026-01-02 03:33:00,P-101,66.12077868408555,2.182244725858849,4.899516735366243,100.577331459527,12.084873163596727,0,normal
2026-01-02 03:34:00,P-101,63.600586341516546,2.020993311961542,5.143014472036602,101.84381399404636,11.946296973822273,0,normal
2026-01-02 03:35:00,P-101,64.68626939927158,2.112823794553261,5.046161687101931,100.72425667436204,12.385078826145882,0,normal
2026-01-02 03:36:00,P-101,65.8805389688607,2.159901994911023,4.973215083422425,101.58056763198051,11.793558807910795,0,normal
2026-01-02 03:37:00,P-101,65.85621864568613,2.2894215437469425,5.065160882765224,103.67029330865556,12.417340153830656,0,normal
2026-01-02 03:38:00,P-101,65.32663149705319,2.1969117096638877,4.889303860528967,99.5080408920644,11.962977457002372,0,normal
2026-01-02 03:39:00,P-101,64.76497156521702,2.1992575255485725,5.107801887443429,103.39271727204564,12.16159866496559,0,normal
2026-01-02 03:40:00,P-101,64.52433319483805,2.1124533337772204,4.934342964104763,103.7327786204304,12.2786149119388,0,normal
2026-01-02 03:41:00,P-101,64.58388159447988,2.1986790933762013,4.996245583307629,101.17039977502245,11.909062134249789,0,normal
2026-01-02 03:42:00,P-101,66.041339462019,2.3359254305716672,4.992956317718051,97.58445062456624,12.100383195676716,0,normal
2026-01-02 03:43:00,P-101,64.40545432289719,2.194293747944217,5.076023675767164,100.3304895928418,11.46840591670902,0,normal
2026-01-02 03:44:00,P-101,65.05521409709446,2.048044547033377,5.045256639411558,103.77985120611514,11.969397629539063,0,normal
2026-01-02 03:45:00,P-101,64.46036499705569,2.069164859565642,5.058694413276408,101.42470121235289,11.857928474902373,0,normal
2026-01-02 03:46:00,P-101,65.45677783456358,2.2484759980079407,4.994904636280195,99.68763198716638,11.739927757140638,0,normal
2026-01-02 03:47:00,P-101,64.64106219739209,2.17656665586257,5.003729000846094,100.59820174121931,11.97495508462079,0,normal
2026-01-02 03:48:00,P-101,64.99548899226943,2.199276265089053,5.036385810473974,103.0402402949593,12.16835720248512,0,normal
2026-01-02 03:49:00,P-101,63.9815683336521,2.14738563622766,5.01208072671651,102.53147811761762,12.21647634322839,0,normal
2026-01-02 03:50:00,P-101,63.980114907585055,2.2536331367763656,4.8933142621407235,101.1374179156424,12.082297888909354,0,normal
2026-01-02 03:51:00,P-101,64.96812519026382,2.165695384630304,4.955489886057798,100.92725306165612,11.894678898870977,0,normal
2026-01-02 03:52:00,P-101,64.17395331479413,2.1853735881897305,5.0261573960444,100.90231571665812,12.100872759064776,0,normal
2026-01-02 03:53:00,P-101,66.37665967012485,2.115832329925965,4.98223139253471,99.96698627789203,12.023866727306933,0,normal
2026-01-02 03:54:00,P-101,63.77335872818048,2.3051232727918123,5.034640811197661,104.5547446950394,12.323853574438385,0,normal
2026-01-02 03:55:00,P-101,64.54568023054556,2.185406055087184,4.988230581684074,101.0865338544784,12.187983356220656,0,normal
2026-01-02 03:56:00,P-101,65.05369883514429,2.265684407188592,4.978319467219195,103.87713547104228,12.122409346915394,0,normal
2026-01-02 03:57:00,P-101,64.74651845168091,2.0787956848821043,5.009923582188292,104.4440544456632,11.953871032137643,0,normal
2026-01-02 03:58:00,P-101,64.27357968367455,2.3723910830385595,5.013741531620759,103.52197537279616,11.975069230017468,0,normal
2026-01-02 03:59:00,P-101,64.34901854054912,2.3244998765622986,5.0100332497385995,100.967322990067,11.919061817774404,0,normal
2026-01-02 04:00:00,P-101,64.36015194040594,2.0094861862661575,5.052437183307713,102.49006991948332,12.011648830801247,0,normal
2026-01-02 04:01:00,P-101,64.85065194481886,2.1240372292309897,5.0047495906100234,101.73881109720249,12.105774418434024,0,normal
2026-01-02 04:02:00,P-101,66.32064938742526,2.2536943510140093,4.929670105368165,100.17459732666345,12.148272797825516,0,normal
2026-01-02 04:03:00,P-101,65.07232181873286,2.0705028573531026,4.926173194806735,102.40389376010488,12.061893074200071,0,normal
2026-01-02 04:04:00,P-101,65.76703677339208,2.186629329531117,5.1789850998849785,99.71644953687128,11.994718443686232,0,normal
2026-01-02 04:05:00,P-101,65.38151466598347,2.2486037547342725,4.960863995353083,103.99510474716033,12.148514403414811,0,normal
2026-01-02 04:06:00,P-101,65.69881106352481,2.178647466497637,4.974090418250193,101.03941683387,11.92800144238963,0,normal
2026-01-02 04:07:00,P-101,63.13893527583182,2.249188107212869,5.058751478845168,102.25614576691925,11.882605921478984,0,normal
2026-01-02 04:08:00,P-101,64.70465462989121,2.1195301345269613,5.049482144049889,102.42219013802912,11.721578124678732,0,normal
2026-01-02 04:09:00,P-101,65.81635312571869,1.971777857288414,5.051103984894651,101.46433864153398,11.904900287630646,0,normal
2026-01-02 04:10:00,P-101,64.69303802331197,2.305601966427824,4.999053735009208,103.00439298764606,12.18476088028294,0,normal
2026-01-02 04:11:00,P-101,66.10807318277604,2.293291822572914,5.027812804252917,101.11137393081484,11.892758930316532,0,normal
2026-01-02 04:12:00,P-101,65.98518095000887,2.452723932807099,5.0398167638108005,103.552270731394,12.05900671445663,0,normal
2026-01-02 04:13:00,P-101,64.72329246583683,1.9825073403573907,4.973938653034806,99.57878487626964,12.080649803770552,0,normal
2026-01-02 04:14:00,P-101,64.73298044559844,2.2819445518465185,5.039643889761122,102.24652078371288,12.17153352279592,0,normal
2026-01-02 04:15:00,P-101,64.32361688438446,2.001127292696218,5.129140332621587,105.52647443490372,11.949887662613904,0,normal
2026-01-02 04:16:00,P-101,64.66321487604199,2.3839294569393563,5.000976433694488,100.25304493349604,12.20700321929561,0,normal
2026-01-02 04:17:00,P-101,64.28666514866954,2.2588264594129552,5.007419826982535,100.85081277375858,12.250994401083853,0,normal
2026-01-02 04:18:00,P-101,65.23127188872736,2.099383643397622,5.104898997632948,103.012772519163,11.864413204131177,0,normal
2026-01-02 04:19:00,P-101,64.02139353404037,2.2743449622847796,5.091573640035356,102.42784148480384,11.908067870615886,0,normal
2026-01-02 04:20:00,P-101,65.50470358082752,2.157527170120179,5.138400096089964,102.75245452225204,12.3207917722968,0,normal
2026-01-02 04:21:00,P-101,65.42966515660322,2.2324889246543345,4.907248407496843,103.0184523910414,12.061182867480182,0,normal
2026-01-02 04:22:00,P-101,63.79944989444417,2.2067941010853347,5.0963271181888645,103.29687753670076,11.654950736610653,0,normal
2026-01-02 04:23:00,P-101,65.95317016383954,2.368221164440572,5.083792293709018,104.16816905308654,11.84510877064606,0,normal
2026-01-02 04:24:00,P-101,65.34709825198755,2.3830071293649544,4.967250126804627,102.92457946473556,12.03786345890757,0,normal
2026-01-02 04:25:00,P-101,65.42446211779418,2.133091565970365,5.035298191759856,101.76870374999368,11.82045258244289,0,normal
2026-01-02 04:26:00,P-101,64.5139379774972,2.306618602771034,5.107873781814067,103.42952594710074,12.020201024285733,0,normal
2026-01-02 04:27:00,P-101,65.46618609331753,2.2425285488496023,4.998503571951884,105.65446965258626,12.176113332314303,0,normal
2026-01-02 04:28:00,P-101,65.8556352854885,2.07284374109007,5.0510952946856245,102.01159246540274,12.352798694769028,0,normal
2026-01-02 04:29:00,P-101,64.92094553973972,2.128667561859098,5.066111684185655,100.5116926884484,11.957259997407894,0,normal
2026-01-02 04:30:00,P-101,66.42120413704745,2.4473237000783645,4.967768261637962,104.27396310151666,12.342727252960051,0,normal
2026-01-02 04:31:00,P-101,65.1504927412623,2.249711237661195,5.010837636982468,102.0797635453628,12.348144938768238,0,normal
2026-01-02 04:32:00,P-101,65.82512015987653,2.3095333167611716,5.00507513181999,98.40073454550208,12.23888397023548,0,normal
2026-01-02 04:33:00,P-101,65.25083293186317,2.1856958210084505,4.9827892570958685,103.85184624838746,12.172506306128737,0,normal
2026-01-02 04:34:00,P-101,65.25762461112487,2.1319527359301116,4.9522362809364315,101.37770048729791,11.648673185051145,0,normal
2026-01-02 04:35:00,P-101,63.96891817090287,2.209044638748072,5.012476786714553,102.19299088449476,12.157954699615615,0,normal
2026-01-02 04:36:00,P-101,65.34573723312452,2.1853384291364684,5.0857950765047715,102.9680296321513,12.298720866527246,0,normal
2026-01-02 04:37:00,P-101,64.54523267788183,2.053299449033875,5.072338704921096,102.72773248376484,12.06561855342586,0,normal
2026-01-02 04:38:00,P-101,64.61056067823604,2.1180354059107724,4.976461781420071,103.67606724631156,12.459198791404395,0,normal
2026-01-02 04:39:00,P-101,66.21096255931285,2.2796222216595043,5.061944266345943,101.62925143878454,12.220844255457028,0,normal
2026-01-02 04:40:00,P-101,64.9360102100685,2.1704978878107912,4.974990629866762,103.3506414198418,12.21417391802581,0,normal
2026-01-02 04:41:00,P-101,64.44462369360328,2.213629903487059,4.907024527428972,101.9736413288513,12.276485382106706,0,normal
2026-01-02 04:42:00,P-101,64.82963556550516,2.2307004334812555,5.0121430302054195,103.78430801787258,12.180203210788353,0,normal
2026-01-02 04:43:00,P-101,64.01775423800858,2.2156532205170527,5.114363686263862,103.57558302528606,11.608705390879512,0,normal
2026-01-02 04:44:00,P-101,65.90545842434565,2.3116217369907464,5.05389175924133,100.7974520591434,11.924095771480228,0,normal
2026-01-02 04:45:00,P-101,64.67832563298236,2.105046774686357,5.044381739944103,104.44917664602268,12.372908904830252,0,normal
2026-01-02 04:46:00,P-101,65.30371178602695,2.252415767093056,4.986257494977621,101.54268788289951,11.884762368467326,0,normal
2026-01-02 04:47:00,P-101,65.90756152820545,2.278484740948393,5.012464497457879,103.97478469860287,12.074549039910698,0,normal
2026-01-02 04:48:00,P-101,64.6353002751138,2.2940594085176804,5.03955595281654,103.19410094062846,11.88685576543824,0,normal
2026-01-02 04:49:00,P-101,65.53215890590478,2.080004734335938,4.983751988622549,105.85426126317572,12.532412356935623,0,normal
2026-01-02 04:50:00,P-101,64.47078319444171,2.2415206795637954,4.997189303083839,102.15568172479296,12.400968943227392,0,normal
2026-01-02 04:51:00,P-101,66.54826391166166,2.366866302267025,5.00432396094064,101.9413823235824,11.881467690679326,0,normal
2026-01-02 04:52:00,P-101,65.64570429082738,2.1943230570359473,4.930897495812535,102.5472707904139,12.105877723790233,0,normal
2026-01-02 04:53:00,P-101,64.84867960694281,2.2453636178692675,4.961792789561757,102.04841671245876,11.925353691820954,0,normal
2026-01-02 04:54:00,P-101,64.58318499430588,2.287814064530942,5.06919337507215,104.04578996681026,12.244362626810585,0,normal
2026-01-02 04:55:00,P-101,64.95851540978454,2.101180234889352,4.997747118056195,99.70812892603251,12.093180483229444,0,normal
2026-01-02 04:56:00,P-101,64.84351903318395,2.3907548674957053,4.985709591473145,100.73229168566816,12.184309864892697,0,normal
2026-01-02 04:57:00,P-101,66.30018877011756,2.253467200841791,4.943381525732652,100.71814463603086,12.087928028622503,0,normal
2026-01-02 04:58:00,P-101,64.4546802958436,2.280667751737433,5.15399799334943,104.36185055581852,12.71793675795225,0,normal
2026-01-02 04:59:00,P-101,65.07595037791205,2.032463485373051,4.9987548990907005,105.74134441182532,11.966655579352611,0,normal
2026-01-02 05:00:00,P-101,64.89443063715912,2.2687516661608766,5.042461606300299,102.48501097919768,11.732429658488629,0,normal
2026-01-02 05:01:00,P-101,64.92115441631334,2.2503520183136287,4.989646712012555,102.37975481777208,11.99277460439287,0,normal
2026-01-02 05:02:00,P-101,64.84925185022016,2.353259438592787,5.030741316693539,102.82017662088558,11.771007645514514,0,normal
2026-01-02 05:03:00,P-101,64.8704369506296,2.1626886759647546,5.079990144896141,104.79574629603148,11.845379934879746,0,normal
2026-01-02 05:04:00,P-101,65.50837599523848,2.0944779444255985,4.914534493913997,101.04524551585502,11.831094434636055,0,normal
2026-01-02 05:05:00,P-101,65.36439835058906,2.1281827817075913,5.031071799813234,103.15349369039784,11.91016702962561,0,normal
2026-01-02 05:06:00,P-101,65.25260971867272,2.1472527103598873,5.128246661063737,104.4895655635147,11.943763346515428,0,normal
2026-01-02 05:07:00,P-101,63.10246304648228,2.096636048972771,5.159763042397316,103.64579098528756,12.213017519647709,0,normal
2026-01-02 05:08:00,P-101,65.19192579719285,2.3286799028322323,5.021844129741438,103.09451078692967,11.991597511390822,0,normal
2026-01-02 05:09:00,P-101,63.959194799422335,2.3368109729826396,5.048561878575622,104.56441940704391,12.10102966723682,0,normal
2026-01-02 05:10:00,P-101,65.46071551518978,2.185061676646165,5.1338515167034595,97.90582047013524,12.116021169004243,0,normal
2026-01-02 05:11:00,P-101,65.94678853848794,2.1593943220278207,5.119452153332704,104.000745362076,11.966757855905994,0,normal
2026-01-02 05:12:00,P-101,64.39635229280248,2.0182698333520737,4.9729100124324885,101.6119932280354,11.99545061710012,0,normal
2026-01-02 05:13:00,P-101,64.85022489698216,2.2719255388452093,4.951698936988848,99.50277785508766,12.058235332871211,0,normal
2026-01-02 05:14:00,P-101,64.51363726177429,2.354283264603584,5.104223430041454,103.72649677163456,11.723481343024991,0,normal
2026-01-02 05:15:00,P-101,65.69160244220052,2.123545875469313,4.982098994787406,105.28715938906078,11.681633679881706,0,normal
2026-01-02 05:16:00,P-101,65.11303630573829,2.1941807680293817,5.101893222399048,102.57523498053284,12.14648051517553,0,normal
2026-01-02 05:17:00,P-101,66.20558505911681,2.252820113188569,5.06885810423307,104.54571067704988,12.234774176424876,0,normal
2026-01-02 05:18:00,P-101,65.47370938923453,2.3958440254688447,5.093644022890517,105.7403569408622,12.585054735196348,0,normal
2026-01-02 05:19:00,P-101,65.2233920480274,2.2274975571108375,5.0341550997596745,105.2126466003278,12.187998373183197,0,normal
2026-01-02 05:20:00,P-101,65.16266979876832,2.2330670361828218,5.013963320720292,105.80510570175396,12.33810111450424,0,normal
2026-01-02 05:21:00,P-101,65.56207179547555,2.221403499368356,5.144301418169647,104.1961920008864,12.086791231309396,0,normal
2026-01-02 05:22:00,P-101,63.92284305239287,2.063478358595615,5.0127599863054355,103.00315959441788,12.149540232149551,0,normal
2026-01-02 05:23:00,P-101,65.172083692499,2.0686478056353765,4.97114134700955,99.99068023697204,12.33317177545907,0,normal
2026-01-02 05:24:00,P-101,64.8313889843812,2.1051341028375843,5.018770091032383,102.43796857839692,11.64834049372678,0,normal
2026-01-02 05:25:00,P-101,65.51485535497939,2.306241413669661,5.027206767668174,101.3695218377918,12.12380890664809,0,normal
2026-01-02 05:26:00,P-101,65.09889940332943,2.191710629762263,4.995855932598333,106.80136914686943,12.631158420421556,0,normal
2026-01-02 05:27:00,P-101,64.37168867449748,2.1523957158858527,4.986291053842241,102.58320584367252,12.133903019152044,0,normal
2026-01-02 05:28:00,P-101,65.15315698654788,2.1622401450542035,4.988012936182556,103.12751813559797,12.42394013671451,0,normal
2026-01-02 05:29:00,P-101,64.29310283328994,2.185885646673231,5.098211552295264,103.90419309727848,11.991283363012466,0,normal
2026-01-02 05:30:00,P-101,63.77778997595564,2.373549126454451,4.967938561886642,102.99559416466344,12.08345832610716,0,normal
2026-01-02 05:31:00,P-101,65.53769926848646,2.1923167934898187,4.936832370293785,105.9736120336849,12.185913301488265,0,normal
2026-01-02 05:32:00,P-101,65.24013195176072,2.1057979085492775,4.880373194943512,101.80698143469424,11.610691227169074,0,normal
2026-01-02 05:33:00,P-101,65.25630914458989,2.197118852164627,4.929904322899914,103.2830932327214,11.864857231411602,0,normal
2026-01-02 05:34:00,P-101,65.78693504317279,2.3686548255942124,5.111319887975456,101.6012213776088,11.828661625451469,0,normal
2026-01-02 05:35:00,P-101,64.63122020763537,2.1569736351159134,5.0067976151740075,100.56631532101242,12.181402675236878,0,normal
2026-01-02 05:36:00,P-101,64.15020613717641,2.0910915368686456,5.05354420996207,101.84567738855657,12.229800942793506,0,normal
2026-01-02 05:37:00,P-101,65.00745065241192,2.155954588151205,5.0663993374201075,102.88451965216146,12.151342878106153,0,normal
2026-01-02 05:38:00,P-101,64.85472913970156,2.222088297578889,5.025758714030795,102.18258397433326,12.23029809860114,0,normal
2026-01-02 05:39:00,P-101,64.45900309029037,2.269566415790068,5.011894609311974,101.71293000775655,12.018558017688342,0,normal
2026-01-02 05:40:00,P-101,65.03676604976604,2.3108218435291525,5.07743378595903,100.43169358717611,12.253337141523192,0,normal
2026-01-02 05:41:00,P-101,64.63265107533903,2.098879063503426,5.038390408656904,102.81706946550187,12.08626977249147,0,normal
2026-01-02 05:42:00,P-101,63.81339357928682,2.10569226809338,5.100552566547377,100.26157429989388,12.019420038482169,0,normal
2026-01-02 05:43:00,P-101,64.74022836641146,2.170758712967239,5.086872095937682,104.3413999767392,12.077123472649694,0,normal
2026-01-02 05:44:00,P-101,64.34207739949892,2.277674589081852,4.9880016174485835,103.12473565922554,12.230632165304051,0,normal
2026-01-02 05:45:00,P-101,65.12482126243839,2.0710563549080647,4.968756745047384,100.3556126718279,11.926428616832254,0,normal
2026-01-02 05:46:00,P-101,64.66739332208803,2.1499891278090257,4.973330528824959,102.4253065276758,12.268045471269888,0,normal
2026-01-02 05:47:00,P-101,65.6604302147414,2.133625027807344,5.1015333104887715,101.63049489522211,11.822485018713463,0,normal
2026-01-02 05:48:00,P-101,66.00298140602507,2.2896569955136883,5.007258433419449,103.56120001256376,11.887052749431271,0,normal
2026-01-02 05:49:00,P-101,65.54643479560596,2.2648074364262407,4.998123123547231,105.40162193232048,12.299534008994916,0,normal
2026-01-02 05:50:00,P-101,63.981597023026325,2.2892020122553327,5.018538878437248,99.61544155583704,11.970754403758509,0,normal
2026-01-02 05:51:00,P-101,65.98020033112365,2.3340761324921377,5.025193855871066,103.19955533171417,12.0052083767208,0,normal
2026-01-02 05:52:00,P-101,66.11493366612551,2.1798024617348135,5.047678207412909,102.70584115326486,12.25918678109304,0,normal
2026-01-02 05:53:00,P-101,65.01384626737874,2.081445948517898,5.174325767572194,104.20387942996246,12.004664100081657,0,normal
2026-01-02 05:54:00,P-101,65.88138236375207,2.0843585364477515,5.097719191972158,103.38042355571376,12.06137245581134,0,normal
2026-01-02 05:55:00,P-101,64.75662061104636,2.029356037868596,5.018332161917057,101.6441423115923,12.329169859362,0,normal
2026-01-02 05:56:00,P-101,63.92013444382193,2.169345522916143,4.925652589074552,102.42422259689728,12.380555147069048,0,normal
2026-01-02 05:57:00,P-101,64.63232935747317,2.176036509097078,4.980665832679472,101.56632074840772,12.361469264506296,0,normal
2026-01-02 05:58:00,P-101,66.15612940738642,2.2824220657613408,5.099137654647396,104.93644274692244,12.091668127020892,0,normal
2026-01-02 05:59:00,P-101,64.14884907162717,2.215182967086189,4.948409811629111,103.03826844054386,12.337288634213207,0,normal
2026-01-02 06:00:00,P-101,65.0006946392724,2.1510821048248165,5.214089353086679,106.42214323435542,12.002873731476926,0,normal
2026-01-02 06:01:00,P-101,64.9890628685253,2.184613765995847,5.029916339465169,102.89071800806803,11.90534096529763,0,normal
2026-01-02 06:02:00,P-101,64.52014205776578,2.0793684020679364,5.020664364694725,101.72449771700614,11.581643760985312,0,normal
2026-01-02 06:03:00,P-101,64.83169378877025,2.3162529803510585,4.956079650332451,100.27448138395091,12.342808081898234,0,normal
2026-01-02 06:04:00,P-101,64.98388846458849,2.1142000468430444,5.032300325612665,99.75286826383648,11.81979007809988,0,normal
2026-01-02 06:05:00,P-101,64.62727274247891,2.085170103062009,4.920402297656567,100.1462424113123,11.979080756389957,0,normal
2026-01-02 06:06:00,P-101,64.04845299767129,2.278678599051369,5.186317457204168,103.47749759670658,11.92226005951554,0,normal
2026-01-02 06:07:00,P-101,65.2294996398051,2.267671149624025,5.131326314667296,103.9111723341655,12.256368219690993,0,normal
2026-01-02 06:08:00,P-101,65.6729472600161,2.0248039171643124,5.070380120380063,100.14793692162698,11.92931137550534,0,normal
2026-01-02 06:09:00,P-101,65.52222251701757,2.2805859211730617,4.948705743140572,104.60357735458582,11.877143942550983,0,normal
2026-01-02 06:10:00,P-101,64.52686136782542,2.1319195271338858,5.035591350013734,102.12124210816918,12.151969776082288,0,normal
2026-01-02 06:11:00,P-101,64.12049765805385,2.15502335330639,5.117166433371509,103.2530385510528,11.810845151569538,0,normal
2026-01-02 06:12:00,P-101,64.81849064758633,2.2190691845964725,5.1004042082017325,105.888683024669,12.009179345676973,0,normal
2026-01-02 06:13:00,P-101,65.91986845887871,2.2473257999772853,4.975839234614067,104.59868719384312,11.716582792890078,0,normal
2026-01-02 06:14:00,P-101,65.34619622432129,2.236154485811334,4.979478714129745,102.49852770013504,11.79016420856453,0,normal
2026-01-02 06:15:00,P-101,65.48451220513041,2.198096471505304,4.982115063990753,101.37505936511724,12.076957614897614,0,normal
2026-01-02 06:16:00,P-101,65.43147179799965,2.1407430704614465,4.948790115401304,99.10307638155068,11.580185083825937,0,normal
2026-01-02 06:17:00,P-101,65.18744570922192,2.231387491480525,5.123802751174337,101.67882326746157,11.754135553099504,0,normal
2026-01-02 06:18:00,P-101,65.10542511552376,2.1912503087884265,4.89142944571497,102.59003654325984,12.077227313071232,0,normal
2026-01-02 06:19:00,P-101,65.40493923174196,2.377614274360682,5.057811703249732,101.1897363473614,11.92697071120223,0,normal
2026-01-02 06:20:00,P-101,64.81306602282613,2.2778493570618883,4.9368067885652005,102.72680248101926,12.48021140162244,0,normal
2026-01-02 06:21:00,P-101,64.24149682302259,2.126046755262186,4.963688607486978,103.09762116085528,12.459707944030532,0,normal
2026-01-02 06:22:00,P-101,65.43597460083093,2.1483573298140777,4.884824536431288,102.5505872112098,11.902933123786063,0,normal
2026-01-02 06:23:00,P-101,65.8622318050596,2.2114137361628505,4.979378002232543,101.78118124136638,12.164862960921688,0,normal
2026-01-02 06:24:00,P-101,64.35972864009827,2.339837910156153,5.138255617225006,103.25044016172616,12.247369716227675,0,normal
2026-01-02 06:25:00,P-101,65.53167285811818,2.3408160888595404,5.05591618707688,103.73784901043464,11.992639698708158,0,normal
2026-01-02 06:26:00,P-101,65.99804678211837,2.1495921357824197,4.925864192634744,100.97495009246816,11.730140195474403,0,normal
2026-01-02 06:27:00,P-101,65.0551400974231,2.1131051644627967,5.125925118174928,105.47247809683763,12.161714653043518,0,normal
2026-01-02 06:28:00,P-101,64.48507744498178,2.0957678204581143,5.113694214926854,102.75029164770456,12.047939614468314,0,normal
2026-01-02 06:29:00,P-101,65.08050134256766,2.2253044991244653,5.036847748494839,102.95644948221027,12.001540585072185,0,normal
2026-01-02 06:30:00,P-101,64.71713000653314,2.4389472407347315,5.18435139830123,104.19189572305484,12.214220245324544,0,normal
2026-01-02 06:31:00,P-101,64.58155309483308,2.2519011437174816,5.090822573290523,103.33130845667992,11.94979333229928,0,normal
2026-01-02 06:32:00,P-101,65.24945446735246,2.0369384414602822,5.093999629754779,104.62139542442974,11.908242353217064,0,normal
2026-01-02 06:33:00,P-101,64.0010861990909,2.1323722020022955,4.9779297285325,103.416623803414,12.124315308172386,0,normal
2026-01-02 06:34:00,P-101,64.10727259916058,2.142845882533285,5.0618307438037,101.7912849810206,12.130932567944392,0,normal
2026-01-02 06:35:00,P-101,64.96732368274473,2.1126322749029876,5.050556109979634,103.53807205473193,11.870813172861949,0,normal
2026-01-02 06:36:00,P-101,65.05909861825675,2.169621951055131,5.044609769025508,100.82217388385364,12.210283338713824,0,normal
2026-01-02 06:37:00,P-101,65.13160787020388,2.2264591884023273,4.982775268347954,103.0696261687847,11.737992557508326,0,normal
2026-01-02 06:38:00,P-101,66.20790799354707,2.2669422873360214,5.037042572517479,102.80756506123495,11.96860426009392,0,normal
2026-01-02 06:39:00,P-101,65.07597392374105,2.310095183410723,4.967677216723618,102.48575217386644,12.022970857976471,0,normal
2026-01-02 06:40:00,P-101,65.37180515912908,2.250476630037457,4.875918773285332,102.6218020282954,11.951409318318476,0,normal
2026-01-02 06:41:00,P-101,64.3206633178727,1.9994146589410835,5.064466042820294,99.45847230198076,11.870742074349184,0,normal
2026-01-02 06:42:00,P-101,65.64956548309408,2.1114587985963924,4.913338283707223,101.8505512425489,12.429731433738093,0,normal
2026-01-02 06:43:00,P-101,64.62975945324379,2.180980712378736,5.037479625676155,102.99765731413858,11.919752901616375,0,normal
2026-01-02 06:44:00,P-101,65.24996809178155,2.237990219931473,5.054413987186013,103.110383812458,12.581555858868125,0,normal
2026-01-02 06:45:00,P-101,64.96997723520428,2.2907965607303953,5.032506998651421,100.96475875410071,12.116368118569232,0,normal
2026-01-02 06:46:00,P-101,65.73126547746944,2.2111563861674286,5.031030526908583,105.08460620604606,12.17094921364378,0,normal
2026-01-02 06:47:00,P-101,64.19485948899114,2.2103672110246406,5.03137282669603,101.23880234264318,12.132412140956829,0,normal
2026-01-02 06:48:00,P-101,63.7406005303433,2.249460381210257,5.07831121907109,104.53435241861288,12.642016122408776,0,normal
2026-01-02 06:49:00,P-101,64.82898719281968,2.1708085056563755,5.086942733485533,103.5495196382894,11.907766988362392,0,normal
2026-01-02 06:50:00,P-101,65.24300457178083,2.201655285964068,5.137425188155049,101.60842943981504,11.824169299407172,0,normal
2026-01-02 06:51:00,P-101,65.1086944690096,2.313694003585144,5.075974551076076,105.9580960471202,12.02776964209922,0,normal
2026-01-02 06:52:00,P-101,65.80953230919542,2.192591716393185,5.010530594950143,100.60471757989028,12.024570156789622,0,normal
2026-01-02 06:53:00,P-101,65.20967039889479,2.188450517113344,4.980511962344432,104.39829899189384,11.7867947447943,0,normal
2026-01-02 06:54:00,P-101,64.68268254006843,2.2022624830406907,5.0758688226967905,104.5352580023837,12.140525587935231,0,normal
2026-01-02 06:55:00,P-101,63.62295698717211,2.3451465342205915,5.0618899486712134,101.51731314513728,12.384228821036851,0,normal
2026-01-02 06:56:00,P-101,64.91116521144073,2.0966710288790704,5.038747964075425,105.22091869751384,12.18690903905037,0,normal
2026-01-02 06:57:00,P-101,65.67135532640242,2.377948343757388,5.060665691543468,102.25428162505862,12.009091356956704,0,normal
2026-01-02 06:58:00,P-101,64.73564188808837,2.0812730084709625,5.011661179051402,103.2137312599856,11.972779848062842,0,normal
2026-01-02 06:59:00,P-101,65.11440222961683,2.1455487233788,5.078491617939247,103.15221322930228,12.27426873778938,0,normal
2026-01-02 07:00:00,P-101,65.24160414147084,2.2707846813911297,5.088194800361264,102.43126383791812,11.907771360489935,0,normal
2026-01-02 07:01:00,P-101,64.51258547112465,2.3227488711915996,5.104120902999789,104.12169523286546,12.492930041105812,0,normal
2026-01-02 07:02:00,P-101,65.58327406932146,2.0800124681865784,5.0490448687024925,104.07957658726006,12.509059247160671,0,normal
2026-01-02 07:03:00,P-101,66.0767764590094,2.0921752188762395,4.922130552817253,99.49283234304468,12.036135130023698,0,normal
2026-01-02 07:04:00,P-101,64.9391209561157,2.2336642392153463,5.006933411088195,104.97673247731228,12.14699895670404,0,normal
2026-01-02 07:05:00,P-101,64.33431683803482,2.4422372201736176,5.037911037099472,99.62500244275418,12.194882034930938,0,normal
2026-01-02 07:06:00,P-101,65.0802222435585,2.3387420393710423,5.216061638513112,104.46447771112956,12.352894031779352,0,normal
2026-01-02 07:07:00,P-101,63.5462641086925,2.174289012669764,5.022371641671255,104.6222095678501,11.97746794082362,0,normal
2026-01-02 07:08:00,P-101,65.1886223705848,1.9546168289352803,5.038093502553415,100.61848650662448,11.913243568571394,0,normal
2026-01-02 07:09:00,P-101,65.22063623684565,2.199782318170582,4.979383189359211,101.83068683827688,11.790451118211648,0,normal
2026-01-02 07:10:00,P-101,66.12375848362578,2.240183382379073,4.9374988278004395,100.5676520897876,12.09884255036044,0,normal
2026-01-02 07:11:00,P-101,64.94323340097314,2.1696539163078845,4.974244617453833,102.1586727904248,12.198085760404124,0,normal
2026-01-02 07:12:00,P-101,65.19179515682711,2.1065024223204167,4.87401218228053,101.97852206497171,11.789370534376896,0,normal
2026-01-02 07:13:00,P-101,64.44949734111975,2.216983338337348,5.133977150601359,103.92366961978163,12.026670307630216,0,normal
2026-01-02 07:14:00,P-101,64.72510736461277,2.1008350226624977,4.892550660567178,104.86597782712012,11.876528551297334,0,normal
2026-01-02 07:15:00,P-101,63.99828319626396,2.386062435234517,5.031598420835251,105.00663969632956,11.970439228841116,0,normal
2026-01-02 07:16:00,P-101,64.92738600276905,2.357845823365172,4.9322244400753235,101.46933927498274,12.154283590294742,0,normal
2026-01-02 07:17:00,P-101,64.77216418844934,2.262432993243437,4.959006606737869,102.09132218132244,11.916043252104018,0,normal
2026-01-02 07:18:00,P-101,65.16737676530143,2.205873561751206,5.090599190244481,99.42426040627736,11.92256262098186,0,normal
2026-01-02 07:19:00,P-101,64.49114792872997,2.1221534085896367,5.02397728159029,100.99025922880922,11.704245431274812,0,normal
2026-01-02 07:20:00,P-101,65.11098352400289,2.2044137439959477,4.9740601080842834,104.16378392270026,12.16231155962594,0,normal
2026-01-02 07:21:00,P-101,64.83607617934196,2.3699609381478073,5.011945560607215,105.32117598819708,12.150780615676982,0,normal
2026-01-02 07:22:00,P-101,64.73535912316682,2.2812464030506905,4.948188574629827,100.1772260060774,11.85952493017569,0,normal
2026-01-02 07:23:00,P-101,65.05284768367191,2.2204391903386114,5.010135776891351,101.31839739368732,12.001749062274126,0,normal
2026-01-02 07:24:00,P-101,65.06335136822462,2.2966273140703084,5.035331764681149,102.322934674601,12.10574701633872,0,normal
2026-01-02 07:25:00,P-101,65.46775488418434,2.251474410201029,5.1612926429111745,102.86024087851752,11.922833596573655,0,normal
2026-01-02 07:26:00,P-101,64.82752570104012,2.2288784595000606,4.874698995241721,100.88400488615602,11.731267637784324,0,normal
2026-01-02 07:27:00,P-101,64.93140760300842,2.316208677892111,5.028461109062464,103.08979710955208,12.453808799823925,0,normal
2026-01-02 07:28:00,P-101,64.85346167485139,2.2483869375291134,4.992496550558581,101.45862890359972,11.917104326165935,0,normal
2026-01-02 07:29:00,P-101,64.5525346901357,2.287805588848321,5.088962752469158,102.27043555289836,12.048761045949574,0,normal
2026-01-02 07:30:00,P-101,64.87109413083675,2.228142858295462,5.057482563704555,103.26452954320676,12.300103833300264,0,normal
2026-01-02 07:31:00,P-101,66.59119978461393,2.2055527458085717,5.064099409793199,102.27740552251524,12.774133203189557,0,normal
2026-01-02 07:32:00,P-101,64.33502555941787,2.1369856268340066,5.038804419080491,101.46483860594356,11.795047868200534,0,normal
2026-01-02 07:33:00,P-101,64.87175382542775,2.1393125185899664,4.9551344664572365,102.03738452270838,12.151086978426552,0,normal
2026-01-02 07:34:00,P-101,64.72023202846697,2.0362943454235336,5.105386984338173,102.05983995836624,11.920284741692166,0,normal
2026-01-02 07:35:00,P-101,64.81776108130323,2.1063400200916433,5.071264820068289,101.53694767451924,11.938350369320236,0,normal
2026-01-02 07:36:00,P-101,64.75235087393793,2.102218238437084,5.0812978151153665,101.72107296946346,11.907589784882546,0,normal
2026-01-02 07:37:00,P-101,65.15571709761458,2.1463181697525604,5.1389662543802395,105.04827424447384,11.926317233774098,0,normal
2026-01-02 07:38:00,P-101,63.91871814471603,2.359690930849053,5.060877596041475,103.1640338995838,12.086662744630582,0,normal
2026-01-02 07:39:00,P-101,65.58780980438782,2.174375044129424,5.119729978131455,101.60605098432312,11.753280992120049,0,normal
2026-01-02 07:40:00,P-101,65.51290165127588,2.235802155446541,5.060193152741855,103.37583827167896,12.290636661452744,0,normal
2026-01-02 07:41:00,P-101,64.21177272613669,2.229576450974362,4.999703090795795,101.50371919575176,12.056112163079227,0,normal
2026-01-02 07:42:00,P-101,63.59876352942708,2.367176806352368,5.041531353640494,104.19936273743288,12.210467876703277,0,normal
2026-01-02 07:43:00,P-101,64.36099905367178,2.141995277319893,5.025692032897071,102.73610966665989,11.988845567610552,0,normal
2026-01-02 07:44:00,P-101,64.83609774799261,2.1770427574507942,4.982247582039446,101.86049745857846,11.982374136915004,0,normal
2026-01-02 07:45:00,P-101,66.72716328089282,2.195091325307589,5.142655146416488,102.84229270305732,12.142781562125188,0,normal
2026-01-02 07:46:00,P-101,65.26314381786634,2.3033708330783975,5.012655280253317,99.19146046680602,11.742933687523015,0,normal
2026-01-02 07:47:00,P-101,63.79972774961823,2.33151468612815,5.006365361875066,99.97336685667617,11.927602918817616,0,normal
2026-01-02 07:48:00,P-101,64.48981711697965,2.24038331855971,5.025527903689377,99.83487058445266,11.82312341475789,0,normal
2026-01-02 07:49:00,P-101,64.92641882955596,2.3188345846214324,5.2308247970047015,102.22349808331006,11.888591180381098,0,normal
2026-01-02 07:50:00,P-101,65.07040778046263,2.2069676390947706,4.971448018238661,105.06687114406373,11.730038486196785,0,normal
2026-01-02 07:51:00,P-101,64.30160653456397,2.200590337382976,5.000314382753341,105.94670785734807,12.446266553616445,0,normal
2026-01-02 07:52:00,P-101,64.89633666058846,2.3160530153755396,4.933967668297105,103.06076395183943,11.954515167924429,0,normal
2026-01-02 07:53:00,P-101,64.6443244580477,2.261423470094186,5.011673837721997,102.79557844124815,12.316542564270154,0,normal
2026-01-02 07:54:00,P-101,64.34302754930518,2.133357860837435,5.003524531508237,98.6338240475322,12.172773185704823,0,normal
2026-01-02 07:55:00,P-101,65.08796211548645,2.290510658970393,4.976232113800207,100.88046900840826,11.76921412894895,0,normal
2026-01-02 07:56:00,P-101,65.43124883551974,2.1709482995016187,4.966426228204617,100.4207104075241,11.794939065091157,0,normal
2026-01-02 07:57:00,P-101,65.73328851162957,2.18824469705381,5.016993554425509,100.70252137615398,12.533176233155755,0,normal
2026-01-02 07:58:00,P-101,65.51165126309843,2.3051061665184185,4.979838470287171,101.49860180252504,12.39514324246118,0,normal
2026-01-02 07:59:00,P-101,64.68429580908881,2.191983757987505,5.031038309391311,100.93260014885128,12.021674301799916,0,normal
2026-01-02 08:00:00,P-101,65.46357993143161,2.238795577773209,5.060002565253993,98.200616098201,11.9974931042295,0,normal
2026-01-02 08:01:00,P-101,65.18917615570818,2.264855760800268,5.078296913025767,103.09047801397108,11.966545059829697,0,normal
2026-01-02 08:02:00,P-101,65.11516473616571,2.1249174077581223,5.059611717399546,99.79407830979818,12.080292892134011,0,normal
2026-01-02 08:03:00,P-101,64.57462820187308,2.235311197151564,5.097377587881499,102.13632990760286,11.920653517083592,0,normal
2026-01-02 08:04:00,P-101,64.59167154258773,2.325191999138703,5.073993960599372,105.41959893910636,11.756117215313513,0,normal
2026-01-02 08:05:00,P-101,64.95564169698432,2.0937950214549943,4.989013312519016,100.01181843420324,11.736043395723888,0,normal
2026-01-02 08:06:00,P-101,66.55686668047716,2.241670691961589,4.916867794168686,97.092550913051,11.916995076961648,0,normal
2026-01-02 08:07:00,P-101,65.12831433418557,2.1093397090706767,4.983742698651551,101.11251701060516,11.807162063217636,0,normal
2026-01-02 08:08:00,P-101,64.63570473213667,2.3059085979382528,4.999234089991962,103.58920772793442,12.094220738855324,0,normal
2026-01-02 08:09:00,P-101,64.43740249342501,2.2987283449641382,5.102342687068661,105.11256242051964,11.938444664729015,0,normal
2026-01-02 08:10:00,P-101,64.61880714465174,2.157534102304034,5.017817843062929,99.3543064241335,11.824158408223605,0,normal
2026-01-02 08:11:00,P-101,66.50059718347097,2.430717887226409,5.07318721335681,102.44141629668088,12.243875550183065,0,normal
2026-01-02 08:12:00,P-101,64.76504725543293,2.313469853804906,4.925672074323459,100.68956542504702,12.070183072279432,0,normal
2026-01-02 08:13:00,P-101,65.60260827840241,2.2721948906171296,5.113383359513702,101.31608956168267,12.03754980258781,0,normal
2026-01-02 08:14:00,P-101,64.8827591558728,2.2795882342310927,5.032573314293806,106.24619402992788,12.363178615511968,0,normal
2026-01-02 08:15:00,P-101,65.19039798326655,2.300750180227457,4.910604006388569,98.76051713337958,12.058937232670855,0,normal
2026-01-02 08:16:00,P-101,65.63586477882971,2.1142906565011894,4.988274680592427,101.90199241299538,12.346372430640134,0,normal
2026-01-02 08:17:00,P-101,64.61987037648879,2.218501586002129,5.196527788269021,102.26641687878956,11.97602065390066,0,normal
2026-01-02 08:18:00,P-101,64.58846412699434,2.23891180450272,5.006441867622316,103.35820482767254,12.014819149124676,0,normal
2026-01-02 08:19:00,P-101,66.00356022714703,2.1514486708984384,4.992836174995575,101.559292799854,11.786556930717351,0,normal
2026-01-02 08:20:00,P-101,65.63007958740462,2.245347436169809,5.005717297059183,101.91646247032602,11.971697730635295,0,normal
2026-01-02 08:21:00,P-101,65.58814856837701,2.3316507513266056,4.995956257566339,100.63596844065414,12.212033032080113,0,normal
2026-01-02 08:22:00,P-101,65.62167328962823,2.1703880854060773,4.963339135432002,101.80424600380894,12.314124854566694,0,normal
2026-01-02 08:23:00,P-101,65.37309458147925,2.203057057285962,5.016833632311088,100.6808716486659,12.212487183077313,0,normal
2026-01-02 08:24:00,P-101,66.21112060430791,2.1064633362139333,5.0992533163382445,102.39616727643612,11.713046644983198,0,normal
2026-01-02 08:25:00,P-101,65.1105627074876,2.0306750774494873,5.027907058160848,100.59068060773374,12.23434946076416,0,normal
2026-01-02 08:26:00,P-101,65.26661413479236,2.265481057607682,4.941351666925393,101.91332378483926,11.689695988890763,0,normal
2026-01-02 08:27:00,P-101,64.13195856518297,2.2060039883753984,4.987499363874173,101.16035772195328,12.214434196483069,0,normal
2026-01-02 08:28:00,P-101,64.47182314515031,2.2056776664506637,4.993576423225828,103.21833412329426,12.022993118384615,0,normal
2026-01-02 08:29:00,P-101,64.2799563628721,2.1082356339272046,5.014478506385489,101.07727436090528,12.17282489361393,0,normal
2026-01-02 08:30:00,P-101,65.71341415940327,2.168337970538412,5.072697535552591,97.95659185432288,11.672208086050771,0,normal
2026-01-02 08:31:00,P-101,63.45850654233303,2.323105966477815,5.023555258428148,103.39770541496104,12.336164688990062,0,normal
2026-01-02 08:32:00,P-101,64.63042783590664,2.1877312023289086,4.988569714344085,99.47405551650132,11.69122671627406,0,normal
2026-01-02 08:33:00,P-101,63.006308221744774,2.19745752020259,5.123491668016311,99.90565306989504,11.863478609926217,0,normal
2026-01-02 08:34:00,P-101,64.38967270311457,2.2127539518066617,5.061216761437611,99.98823420205947,11.800028100507978,0,normal
2026-01-02 08:35:00,P-101,64.59496281023559,2.0665423160235026,5.075309087136857,103.51233973893994,11.754513221603698,0,normal
2026-01-02 08:36:00,P-101,65.87708914254085,2.259854667161633,5.108789214826867,97.17200017557424,11.93406551878492,0,normal
2026-01-02 08:37:00,P-101,65.45397498951529,2.096899254682284,5.100706398095338,106.6419610259757,12.560476654346663,0,normal
2026-01-02 08:38:00,P-101,64.67530424776317,2.130820869063754,4.889669645170707,102.87265451091334,12.619560679791404,0,normal
2026-01-02 08:39:00,P-101,65.71386556286498,2.0974772825323464,5.071799212521398,101.35126094697723,12.059968985826568,0,normal
2026-01-02 08:40:00,P-101,65.09845519341023,2.1924048436759045,4.896841825821849,100.82824178201552,12.248183508473971,0,normal
2026-01-02 08:41:00,P-101,65.05556050056778,2.1683138202071355,5.0458264879465435,101.41861121457728,12.088977264023026,0,normal
2026-01-02 08:42:00,P-101,64.27229682772317,2.206052731343456,4.89823936327875,101.82014134677974,12.154380879357037,0,normal
2026-01-02 08:43:00,P-101,64.35376077836943,2.10916234886881,4.987529738400941,102.0209617128935,11.992199121161356,0,normal
2026-01-02 08:44:00,P-101,64.49663128406269,2.3043146210623275,4.992905696496548,101.8370613569239,12.094127225792237,0,normal
2026-01-02 08:45:00,P-101,65.07806678591915,2.2888732664005103,4.955847328252324,100.97556657585469,12.136762738196923,0,normal
2026-01-02 08:46:00,P-101,65.0147158464462,2.1785146628718293,4.979944460130046,100.43640999334292,11.897400354025022,0,normal
2026-01-02 08:47:00,P-101,66.00344968049075,2.1521392653926497,5.077245082513465,100.49657620882266,11.99939842628608,0,normal
2026-01-02 08:48:00,P-101,65.25034571577679,2.142071091421732,4.953975643717429,100.39523475685976,12.000171018906292,0,normal
2026-01-02 08:49:00,P-101,63.32695265057329,2.178913540665808,5.065799975134336,102.76401135685984,12.2482010041719,0,normal
2026-01-02 08:50:00,P-101,65.11466679111523,2.053569705581869,4.9500919071442215,101.76873819167328,11.83985571142466,0,normal
2026-01-02 08:51:00,P-101,64.0054208085998,2.098088576219809,4.940582072234667,95.3847042582116,11.851232686024815,0,normal
2026-01-02 08:52:00,P-101,64.52522731861659,2.3035101442972503,5.041019259862353,101.8350511219432,12.437452627468836,0,normal
2026-01-02 08:53:00,P-101,64.56388442857346,2.2406720583442237,4.940062415136278,100.98194042995772,12.26227024341592,0,normal
2026-01-02 08:54:00,P-101,64.66930682744612,2.3749105043381236,4.913926430940921,100.57468612446694,12.287076393511748,0,normal
2026-01-02 08:55:00,P-101,64.1066654703664,2.170139065005078,5.0332908480454055,99.8859377504884,12.001464500550258,0,normal
2026-01-02 08:56:00,P-101,65.18188137351919,2.1695193140064797,5.104471096351165,102.585546839732,12.141765917929163,0,normal
2026-01-02 08:57:00,P-101,64.1767026100749,2.1699214327323797,5.016910747411891,102.24452987760073,12.267783129668606,0,normal
2026-01-02 08:58:00,P-101,65.33186021051651,2.1795151249129376,4.959234171528588,99.12460749875576,12.28578933086886,0,normal
2026-01-02 08:59:00,P-101,66.33028417008182,2.119862080970114,5.023149823703495,101.22525465653077,11.646437057119345,0,normal
2026-01-02 09:00:00,P-101,64.03039909356531,2.215039676539857,4.99108680704304,98.72032127294638,11.698521376778425,0,normal
2026-01-02 09:01:00,P-101,64.88533778763095,2.2109412050521473,4.996630223900494,97.9627046050707,12.20076995843265,0,normal
2026-01-02 09:02:00,P-101,63.332963892724365,2.1459469701998835,4.815968969893548,99.29461269155082,11.923460509592765,0,normal
2026-01-02 09:03:00,P-101,64.77786416311297,2.322083131706868,4.944679422277068,101.95167226586862,11.924206010124443,0,normal
2026-01-02 09:04:00,P-101,65.35193694033566,2.38213495409151,4.96175014044312,102.09162478236988,11.811916546071975,0,normal
2026-01-02 09:05:00,P-101,65.44296407373389,2.3137489860832456,5.023322393481296,101.27616594854864,11.92728163814764,0,normal
2026-01-02 09:06:00,P-101,64.96928151601578,2.2465546974604687,5.029355205349554,101.63437534959954,11.76855740380322,0,normal
2026-01-02 09:07:00,P-101,65.73736421516863,2.294387599949268,5.056881577049804,101.23489428419208,12.455265683072255,0,normal
2026-01-02 09:08:00,P-101,66.644205334444,2.3844152530490543,5.009307303130273,99.12765806855424,11.969342531660512,0,normal
2026-01-02 09:09:00,P-101,66.11982286552802,2.2768119108552094,4.919311741850955,101.03631967780689,12.019499481981663,0,normal
2026-01-02 09:10:00,P-101,64.71912596468772,2.1481973654605264,5.118051467556888,101.67611443259337,12.167898768011367,0,normal
2026-01-02 09:11:00,P-101,64.1406274268356,2.2488095404409374,5.104730334754145,101.56960535145794,12.239557194397053,0,normal
2026-01-02 09:12:00,P-101,64.8266621142719,2.27298563061146,4.935210345970538,102.32841562724232,12.259030100128196,0,normal
2026-01-02 09:13:00,P-101,64.47473261180158,2.110845005105308,5.037687345253185,101.43979746469924,12.257918312722492,0,normal
2026-01-02 09:14:00,P-101,65.25734294187653,2.1673888650802,4.966059554290027,100.77392612570378,11.89704867361294,0,normal
2026-01-02 09:15:00,P-101,64.23283604672444,2.310109107817388,5.0301609780065055,102.0440498762468,12.001748135296031,0,normal
2026-01-02 09:16:00,P-101,65.0069858218084,2.023858772551283,5.0741966596807915,100.04649401058607,12.155201151406038,0,normal
2026-01-02 09:17:00,P-101,65.49186660281788,2.0689179989095727,5.1339403478653765,98.48330492229094,11.849021335340804,0,normal
2026-01-02 09:18:00,P-101,64.93160303330372,2.1820227632811537,5.0501254535283495,99.75360141683667,11.991586716099656,0,normal
2026-01-02 09:19:00,P-101,64.39897821661482,2.2369773539963864,5.007472800877855,98.68273694201451,12.040234861145398,0,normal
2026-01-02 09:20:00,P-101,65.80583122379541,2.069059851089648,4.9640593092688805,98.78467910504612,12.12057738961346,0,normal
2026-01-02 09:21:00,P-101,63.65124591778958,2.1727591927624994,5.009912487871241,99.71630469004594,11.635952948227338,0,normal
2026-01-02 09:22:00,P-101,64.82149389216966,2.319326645736286,5.080449254435628,98.5265221902646,12.098744795685729,0,normal
2026-01-02 09:23:00,P-101,64.94999769525008,2.2042453411871934,4.990620286548318,99.37498995214892,11.93450488699412,0,normal
2026-01-02 09:24:00,P-101,65.02308391160388,2.295365269636727,4.902944727628153,96.4972613222488,12.03640938184034,0,normal
2026-01-02 09:25:00,P-101,65.17450222178853,2.1473234204765315,4.889283201673777,100.26614922599408,12.163370815250788,0,normal
2026-01-02 09:26:00,P-101,65.5078788674415,2.131704655414263,5.034521855753948,99.86085050352308,12.317408527329524,0,normal
2026-01-02 09:27:00,P-101,65.05455301415957,2.2937522801186825,5.000954068037341,98.36438992433992,12.221622427254438,0,normal
2026-01-02 09:28:00,P-101,64.86550397475753,2.24889705154001,4.964769134317542,100.99827064459038,12.29926245185977,0,normal
2026-01-02 09:29:00,P-101,64.85161917385715,2.0947606561238055,5.086578441698854,101.47574528993432,12.333006422531277,0,normal
2026-01-02 09:30:00,P-101,64.5900569146602,2.1184921582105916,4.939185769062388,96.87101495695232,11.96440624567176,0,normal
2026-01-02 09:31:00,P-101,65.4970225980675,2.354757488363461,4.974257276584135,98.36823630118704,11.95748410644298,0,normal
2026-01-02 09:32:00,P-101,64.62335248188224,2.112526877315008,4.982165698973417,98.33321883042731,12.124559981548488,0,normal
2026-01-02 09:33:00,P-101,65.58067209848717,2.2968924035448066,4.9554573185565225,98.0024010506189,12.08648822180517,0,normal
2026-01-02 09:34:00,P-101,65.00293521061037,2.151105422521369,5.02814907242451,101.16385178220402,11.973102306118468,0,normal
2026-01-02 09:35:00,P-101,64.68215627211737,2.2020792025031555,5.073591067793665,99.29850075783544,12.059919704496716,0,normal
2026-01-02 09:36:00,P-101,65.39056061020071,2.228155938661998,4.91150500298119,99.147873584948,11.96741691419152,0,normal
2026-01-02 09:37:00,P-101,64.4253133244869,1.9782628361565455,4.994133246978063,95.9936837284882,11.709023930162637,0,normal
2026-01-02 09:38:00,P-101,65.5127228903346,2.064917210898558,5.019261594458089,100.72104875856388,12.279723611032187,0,normal
2026-01-02 09:39:00,P-101,65.11403076042127,2.2058628769240447,4.9839966439438586,97.32331758757296,11.930739376133207,0,normal
2026-01-02 09:40:00,P-101,64.75200357119245,2.1435252000904335,5.057414873284773,99.6385753393587,12.398898911720533,0,normal
2026-01-02 09:41:00,P-101,65.22989870951398,2.2866622529042058,5.003517999251383,100.00671794861816,11.675103084418575,0,normal
2026-01-02 09:42:00,P-101,65.33660948840112,2.0372537595364464,5.052950030050113,101.93339817167134,11.946646190581466,0,normal
2026-01-02 09:43:00,P-101,65.72427644322079,2.253312785562293,5.021161934428041,97.105141035806,11.919681998412354,0,normal
2026-01-02 09:44:00,P-101,65.64464094374561,2.064280207751517,4.904721777731011,94.00273417576534,12.047558244798743,0,normal
2026-01-02 09:45:00,P-101,65.34462038080657,2.167680045423785,5.018399424402049,99.74565821450828,12.072263620955685,0,normal
2026-01-02 09:46:00,P-101,64.31644083603378,2.0992050754984297,5.008770449901756,102.63255824065,12.14107129805565,0,normal
2026-01-02 09:47:00,P-101,66.52945930247053,2.383143303493679,5.006699156977878,101.59868815582708,11.822507886163985,0,normal
2026-01-02 09:48:00,P-101,64.00375461584197,2.0564628011931263,4.9746852744795635,99.7229572233047,11.760300437253246,0,normal
2026-01-02 09:49:00,P-101,65.62319172568897,2.1884992490237227,5.017352138939332,98.437651065255,12.017630464015632,0,normal
2026-01-02 09:50:00,P-101,65.1927481495238,2.0173065187462935,5.013239975455072,100.75248458237944,11.749753338707713,0,normal
2026-01-02 09:51:00,P-101,64.17358212777637,2.3527312601943837,5.002861998982496,97.52439165803284,11.81935619968312,0,normal
2026-01-02 09:52:00,P-101,64.95543803316012,2.244269229438424,4.999887527830763,100.11137432334664,12.10352469551757,0,normal
2026-01-02 09:53:00,P-101,64.88152819563616,2.2060078885821737,4.889121310798087,100.14097816710094,11.807764490557672,0,normal
2026-01-02 09:54:00,P-101,65.97272964881999,2.3616142520483896,5.013363375962998,101.11675868360186,12.354573952980417,0,normal
2026-01-02 09:55:00,P-101,64.66563065947919,2.229517414960698,5.045978324065424,104.15306672044473,12.36937927046092,0,normal
2026-01-02 09:56:00,P-101,64.71836478787993,2.209229026134766,5.015675469828784,99.8693754228041,11.681797263016463,0,normal
2026-01-02 09:57:00,P-101,63.39764383377665,2.203582709039711,4.940681874597429,98.22429181554313,11.760254505829897,0,normal
2026-01-02 09:58:00,P-101,65.95784578367044,2.2369634289031817,4.90703557245699,99.0718452623575,11.514999908971737,0,normal
2026-01-02 09:59:00,P-101,64.20648026631794,2.139588390097128,5.002832960056261,95.91104949136611,11.720813212231356,0,normal
2026-01-02 10:00:00,P-101,65.24327514161514,2.1820893355333437,4.959072194851756,97.82246538091484,12.087951656741923,0,normal
2026-01-02 10:01:00,P-101,64.88740780217499,2.275698936159368,4.995125690436466,98.31386070985164,11.866636832840578,0,normal
2026-01-02 10:02:00,P-101,64.94844650924975,2.2291255394596643,4.961146680699053,98.08488862912328,12.034706107596891,0,normal
2026-01-02 10:03:00,P-101,65.41228925148121,2.1755332041686612,4.992377923238578,99.280225104273,11.67393988947184,0,normal
2026-01-02 10:04:00,P-101,66.11596488580835,2.063335679366755,4.9435843292542545,97.50343036097615,12.084697961745666,0,normal
2026-01-02 10:05:00,P-101,65.13489803182179,2.346539559466175,4.942029189058747,100.97950402995156,11.918363275312878,0,normal
2026-01-02 10:06:00,P-101,65.41552204516755,2.132679884285804,5.022560698108956,98.93994818551498,11.97063238202203,0,normal
2026-01-02 10:07:00,P-101,65.19573696667119,2.2966617201617665,4.946789863249047,98.90082694248756,11.948449907996016,0,normal
2026-01-02 10:08:00,P-101,65.55459389554078,2.2053694760243374,4.994530762184864,98.30541585222272,11.694852771388224,0,normal
2026-01-02 10:09:00,P-101,64.60949596354345,2.0604139888938193,5.020263180705849,99.15309651727031,11.743976029170152,0,normal
2026-01-02 10:10:00,P-101,65.77028930228363,2.3333744554002567,4.962294375700849,100.33712657930649,12.20367269117988,0,normal
2026-01-02 10:11:00,P-101,65.72108288045365,2.225369260957995,4.88842183107745,97.26938254835582,11.997879907951017,0,normal
2026-01-02 10:12:00,P-101,65.75220392835412,2.339083663983444,5.146065459447316,97.6239466477602,12.138728207743492,0,normal
2026-01-02 10:13:00,P-101,64.57515271751343,2.182244710644367,4.945458592299977,98.24026236161578,12.012139517948976,0,normal
2026-01-02 10:14:00,P-101,64.86219021943276,2.2671605151894987,5.0070680937214105,96.34288926193288,11.918884804819829,0,normal
2026-01-02 10:15:00,P-101,65.00616104411945,2.0066624318840316,5.108456014868799,97.269356639889,11.572878575463315,0,normal
2026-01-02 10:16:00,P-101,64.06761437989357,2.1452540375300444,5.033948187809017,97.8654645529244,11.881890597235495,0,normal
2026-01-02 10:17:00,P-101,66.03767170202522,2.07281193155051,4.981721831189288,100.27528278072168,12.002781619340904,0,normal
2026-01-02 10:18:00,P-101,65.11984208237034,2.1771298240415047,4.9868297816989,99.15279288263572,12.365205226133586,0,normal
2026-01-02 10:19:00,P-101,65.22221911396369,2.251485858181542,4.931792754402762,99.00752597844824,12.107617105773182,0,normal
2026-01-02 10:20:00,P-101,64.73425266764016,2.152034054487482,5.063415198213879,100.16964483268372,12.312301581322416,0,normal
2026-01-02 10:21:00,P-101,64.16224020622545,2.2892082801997655,5.023337026136855,98.36980765727468,12.070601770897186,0,normal
2026-01-02 10:22:00,P-101,64.55022934506938,2.107807166573912,4.956980665592581,99.29904728709027,11.836710773222812,0,normal
2026-01-02 10:23:00,P-101,65.13377254968097,2.2875282131043284,4.910944080254206,98.38963167510973,11.975113793483262,0,normal
2026-01-02 10:24:00,P-101,65.44410449119785,2.3317043752054545,4.897837550429683,99.03239120661418,12.018216465451273,0,normal
2026-01-02 10:25:00,P-101,65.01301790377181,2.2908215737811033,5.043907687184377,97.48517069180828,11.736724006800111,0,normal
2026-01-02 10:26:00,P-101,65.13676290184871,2.155454499536046,4.949663650124941,94.1237531098052,11.746835117975571,0,normal
2026-01-02 10:27:00,P-101,64.74816992644035,1.98371030534653,4.997563926629637,98.25150090863454,11.906391628523602,0,normal
2026-01-02 10:28:00,P-101,65.44581009151524,2.2723022452115305,4.952731820166922,101.03382239772876,12.352138638444888,0,normal
2026-01-02 10:29:00,P-101,65.81944774167985,2.1709744003603575,4.898753083060488,100.11983002917972,11.587446795797195,0,normal
2026-01-02 10:30:00,P-101,65.54430773470568,2.1120115170867324,5.069085148010977,100.17021977811628,12.246270277486696,0,normal
2026-01-02 10:31:00,P-101,65.4673202930287,2.1376427295888787,5.009317715553092,100.63749829632862,11.831765901897985,0,normal
2026-01-02 10:32:00,P-101,65.07986220086777,2.3307284220808757,5.0490274589919695,98.5521032787936,11.682147260909886,0,normal
2026-01-02 10:33:00,P-101,64.09218751232802,2.094178929375301,4.960263117777318,98.72784366334072,12.197823735907914,0,normal
2026-01-02 10:34:00,P-101,64.34323178034545,2.249375491877065,4.955834332329657,97.24115813422378,12.06361435787359,0,normal
2026-01-02 10:35:00,P-101,65.36001134027916,2.229149196974901,5.02757445396437,97.76435816009251,12.183834485279013,0,normal
2026-01-02 10:36:00,P-101,65.04287120088246,2.16997341463728,5.045485744935854,99.42213793603166,12.142804527590064,0,normal
2026-01-02 10:37:00,P-101,65.43493074389332,2.2814855964668452,5.0604426579350275,100.46130643470109,12.425808193388514,0,normal
2026-01-02 10:38:00,P-101,66.10803769013503,2.3653230937226155,4.959575721759254,98.02398094764436,12.052464195818228,0,normal
2026-01-02 10:39:00,P-101,65.43414689075867,2.166085534326765,5.01747250433864,97.44541977030798,11.892067117884608,0,normal
2026-01-02 10:40:00,P-101,65.8237756231205,2.176310429693738,5.060012908274015,98.23759456906446,12.015713112536202,0,normal
2026-01-02 10:41:00,P-101,65.14123373621355,2.2713140142770274,4.985664048775956,99.29980895936627,12.227688094450182,0,normal
2026-01-02 10:42:00,P-101,64.37455144374422,2.280309040327398,4.920053821085636,95.59980065498196,11.712118954597434,0,normal
2026-01-02 10:43:00,P-101,64.85424648166261,2.174870363302502,5.034460604545643,94.04682723134698,11.691027100434134,0,normal
2026-01-02 10:44:00,P-101,64.42557240141524,2.1635953212857992,4.925891923750971,97.17031250995622,11.853317372379106,0,normal
2026-01-02 10:45:00,P-101,65.82299800173548,1.9565332084804117,5.003517712652264,95.94543578542502,11.457446513809684,0,normal
2026-01-02 10:46:00,P-101,65.49412069492716,2.1199552796409584,4.968006635015887,97.20961967522771,11.94390427194034,0,normal
2026-01-02 10:47:00,P-101,65.1836234524495,2.068387727609373,4.849489777243885,97.8399370397804,11.557972370403206,0,normal
2026-01-02 10:48:00,P-101,65.77843198274593,2.2656132312080652,5.051720393668625,97.2718808945125,11.9287682894219,0,normal
2026-01-02 10:49:00,P-101,63.75471639015176,2.183352911950413,4.813790985610145,100.68407396784602,12.193580170262427,0,normal
2026-01-02 10:50:00,P-101,65.33462617865625,2.166250583478509,4.847508999639904,98.63979643129362,11.863818600810042,0,normal
2026-01-02 10:51:00,P-101,64.25051221112817,2.210800884600674,5.022659638909288,98.5746533345641,12.292662774074296,0,normal
2026-01-02 10:52:00,P-101,64.88397712430276,2.100261590508081,5.028255356540539,99.13603726330716,11.681980938015515,0,normal
2026-01-02 10:53:00,P-101,64.83823810952698,2.359993066626667,4.91485493082138,95.9485520872808,12.116708698944793,0,normal
2026-01-02 10:54:00,P-101,65.47582771041819,2.335042124033109,5.008861183089499,99.85136367682718,12.1305683215862,0,normal
2026-01-02 10:55:00,P-101,65.00538524194306,2.3454750787754484,4.8010721172719135,97.82722204763736,11.591610011766983,0,normal
2026-01-02 10:56:00,P-101,66.05519061360961,2.2890119460681113,5.041020520445423,99.15322379324812,12.51675557360555,0,normal
2026-01-02 10:57:00,P-101,64.56230365963668,2.191742110125564,4.977479816691996,95.9999032598244,11.86724804069394,0,normal
2026-01-02 10:58:00,P-101,65.34821317794038,2.3485916531211166,4.947959958580576,95.11549583139414,11.677968070510698,0,normal
2026-01-02 10:59:00,P-101,65.00030886197426,2.119887747378989,4.995134974820969,99.36760710713249,11.699610774257172,0,normal
2026-01-02 11:00:00,P-101,63.90650033895317,2.1093864180395205,5.020089960367671,98.55621680341588,11.912682898570544,0,normal
2026-01-02 11:01:00,P-101,64.35448393316923,2.134315663518352,4.960360809808958,96.23839164538086,11.861670374883431,0,normal
2026-01-02 11:02:00,P-101,64.87070685459274,2.2486445639922468,4.831618390412975,96.280227560416,11.908935932520412,0,normal
2026-01-02 11:03:00,P-101,65.70062263087495,2.1212331993406988,5.1522939891603885,99.85507327438124,11.936092966986644,0,normal
2026-01-02 11:04:00,P-101,65.3003033625812,2.1843350869118106,5.040777584465737,95.67215271057457,11.996809643340256,0,normal
2026-01-02 11:05:00,P-101,64.22190573596042,2.037618044495281,4.917592311538699,100.75384378755368,11.945089347093962,0,normal
2026-01-02 11:06:00,P-101,64.73302685218584,2.228022040876138,4.937440287793619,96.159989392698,11.497806858332844,0,normal
2026-01-02 11:07:00,P-101,66.28972033163136,2.045792079272076,4.972621839652279,98.91442329632022,11.937560399759676,0,normal
2026-01-02 11:08:00,P-101,64.87673234402541,2.08443385752819,5.047101005003231,97.15815353476044,11.441249075368155,0,normal
2026-01-02 11:09:00,P-101,64.79961118572582,2.323130748863707,4.837050093918543,98.81989193909266,12.035350884351056,0,normal
2026-01-02 11:10:00,P-101,65.2168432078154,2.3062846821356233,4.932463190483858,96.73937689939436,11.706321260925304,0,normal
2026-01-02 11:11:00,P-101,65.48045121942259,2.235630819548285,4.85086068025228,97.4105231285906,11.954987764840878,0,normal
2026-01-02 11:12:00,P-101,64.77197802811222,2.235393495770582,4.957664461765866,97.76211478738492,12.195678439926468,0,normal
2026-01-02 11:13:00,P-101,65.21689173584848,2.134357536142522,4.925620690984823,95.86957535007664,11.6863375214487,0,normal
2026-01-02 11:14:00,P-101,64.8499277875571,2.1299903148135666,4.995500510714202,98.99219259974124,12.18201702969466,0,normal
2026-01-02 11:15:00,P-101,65.40278845179205,2.156373031436023,4.924861439946446,96.72026478770891,11.814930030294036,0,normal
2026-01-02 11:16:00,P-101,65.20381376753618,2.0593218071086064,4.919608913755272,97.2180551152609,12.267180613870943,0,normal
2026-01-02 11:17:00,P-101,65.24388445434869,2.2173140402684313,5.001629349078842,95.82533806554214,11.801729619326622,0,normal
2026-01-02 11:18:00,P-101,64.37407801311208,2.189745663123236,4.961714546253052,92.98874543870716,11.621563766059875,0,normal
2026-01-02 11:19:00,P-101,64.48532228465616,2.108847408677947,5.011028115209571,97.24302312150944,12.05473838372434,0,normal
2026-01-02 11:20:00,P-101,65.60418236310062,2.3556806621780813,5.006773561423425,101.9156567757784,11.970311757348624,0,normal
2026-01-02 11:21:00,P-101,64.8786912409924,2.25272552975933,4.949692922941378,98.97146236971408,11.80085396826562,0,normal
2026-01-02 11:22:00,P-101,65.12568805553946,2.2623745201922993,4.966789147900577,97.51088216420304,11.829758494785333,0,normal
2026-01-02 11:23:00,P-101,64.76683870215126,2.1473798050826547,5.005670094438417,97.05887495336256,11.902844942164275,0,normal
2026-01-02 11:24:00,P-101,65.6524965795805,2.207675469508412,4.823217389774351,97.559196884238,12.195211932776113,0,normal
2026-01-02 11:25:00,P-101,64.45368662928783,2.245453051739555,5.012491890830037,98.49040557040776,11.567894618020317,0,normal
2026-01-02 11:26:00,P-101,64.8648295460985,2.2099034197996343,4.975310821596828,95.36711484833926,11.865629577240265,0,normal
2026-01-02 11:27:00,P-101,65.54923631296424,2.3645719053006684,4.999205547313072,99.48549838870714,12.109545670592023,0,normal
2026-01-02 11:28:00,P-101,65.76289478191472,2.1796744747678054,4.977095086381865,98.7547025912882,12.001330792737004,0,normal
2026-01-02 11:29:00,P-101,64.73809266113697,2.1585195125254533,4.807843679598029,98.74720366132978,12.2243891437266,0,normal
2026-01-02 11:30:00,P-101,66.25001944147458,2.260708128013229,4.951523629950924,98.23133583679524,11.932071009152152,0,normal
2026-01-02 11:31:00,P-101,65.16407265293401,2.0690170501465666,5.0999122840479565,97.46515742725404,11.887044434380432,0,normal
2026-01-02 11:32:00,P-101,64.3491634016244,2.2955230385793923,4.987192332127066,98.62892414372844,12.077333633714522,0,normal
2026-01-02 11:33:00,P-101,65.2307826123814,2.0688886806034215,4.9632009624845095,98.47112511917402,11.97399651656549,0,normal
2026-01-02 11:34:00,P-101,64.68966863676454,2.2568433953120013,4.9687517554612235,96.75683217699158,11.824623217653652,0,normal
2026-01-02 11:35:00,P-101,65.27994990170957,2.1349218314445055,4.9883343886796325,96.35002878756718,11.99372967154429,0,normal
2026-01-02 11:36:00,P-101,64.90078788205469,2.2395034939022143,5.021661630041662,97.55442129134,11.79612698009687,0,normal
2026-01-02 11:37:00,P-101,65.00704998494933,2.2860225330433286,4.985458852357123,100.14804637781792,11.882205960930673,0,normal
2026-01-02 11:38:00,P-101,64.31924698261776,2.2052601398245355,4.980927475903127,95.1183103735569,11.747950506853584,0,normal
2026-01-02 11:39:00,P-101,65.6825648900722,2.084497915133825,5.064327697997973,94.69621418046776,12.111500257447316,0,normal
2026-01-02 11:40:00,P-101,63.99809334082027,2.081702604631392,5.046673055376896,97.6235499416606,11.284503227052676,0,normal
2026-01-02 11:41:00,P-101,64.27977835783034,2.127188433307318,5.137900654548256,97.40796394382676,12.001358685267393,0,normal
2026-01-02 11:42:00,P-101,65.21617154276002,2.007915003876126,4.930205397601228,97.61793226858488,11.93539233089759,0,normal
2026-01-02 11:43:00,P-101,65.90040270777045,2.296582522685166,5.0946807695741265,97.73475040489856,11.595868420299333,0,normal
2026-01-02 11:44:00,P-101,64.75977478668239,2.209749078549832,4.913490393048011,96.8837547842593,11.96845799935498,0,normal
2026-01-02 11:45:00,P-101,65.48848655819988,2.090203001017363,5.024322876951918,99.95732466800852,12.093870138406562,0,normal
2026-01-02 11:46:00,P-101,65.6799795727491,2.3435455952072983,4.995114987135026,94.38416300883594,11.949452736536555,0,normal
2026-01-02 11:47:00,P-101,65.299448200526,2.1035704261330244,4.921894435326684,95.76488387599971,11.342580903671005,0,normal
2026-01-02 11:48:00,P-101,64.86250108519106,2.2324614172679382,4.9767662749699975,97.06087755467976,12.18510420901128,0,normal
2026-01-02 11:49:00,P-101,64.17911516334067,2.1047067202823007,5.006529514166623,94.27972369949944,11.680844370048014,0,normal
2026-01-02 11:50:00,P-101,63.58072797106847,1.999960714810509,4.919399271863051,96.9118234744884,12.044668253585288,0,normal
2026-01-02 11:51:00,P-101,64.8832346433668,2.069736626174001,5.118957607282236,100.21007651139008,12.15451705147816,0,normal
2026-01-02 11:52:00,P-101,65.67549478889538,2.144835299693924,4.8755608984817655,97.24826622126798,11.742108569514182,0,normal
2026-01-02 11:53:00,P-101,64.29050642445843,2.2922541802124545,5.111951846599631,97.61734456086434,12.06061232729624,0,normal
2026-01-02 11:54:00,P-101,65.37486827299043,2.2254798143508654,5.019346542737969,94.92537133019977,11.77066249172352,0,normal
2026-01-02 11:55:00,P-101,64.19620219521912,2.1927406657317334,4.954478964234671,96.07597545776149,11.468003827865212,0,normal
2026-01-02 11:56:00,P-101,65.1139601536282,2.004141578179999,4.9368332672989705,96.50200420855424,12.128608511362184,0,normal
2026-01-02 11:57:00,P-101,65.37008595329405,2.3167253466643847,4.9304837849421705,96.5975763337542,11.742918297409378,0,normal
2026-01-02 11:58:00,P-101,64.50593480258586,2.2148944652530806,4.98518133272725,99.46870275452414,11.813162390088111,0,normal
2026-01-02 11:59:00,P-101,65.06325988660743,2.182623358057005,4.978185722945869,98.15804332542872,11.864128126155515,0,normal
2026-01-02 12:00:00,P-101,64.69828236625204,2.309595652155862,5.039327898550699,95.14620612862788,11.908833528924314,0,normal
2026-01-02 12:01:00,P-101,65.42896283343659,2.3213915243713155,5.113639247869127,97.5833460842206,11.9160463003622,0,normal
2026-01-02 12:02:00,P-101,65.17062975532495,2.3174788642820556,4.994250795474773,98.02942010289922,12.05049598802841,0,normal
2026-01-02 12:03:00,P-101,64.934335253217,2.163589094882584,4.932586501550254,99.17804957095132,11.707443613822807,0,normal
2026-01-02 12:04:00,P-101,65.96058339603945,2.0936701635726855,4.961440098943389,99.96409217879224,11.85044549127762,0,normal
2026-01-02 12:05:00,P-101,65.37287657730306,2.292306872830054,4.9400382925307,95.2854647453489,11.83536452789616,0,normal
2026-01-02 12:06:00,P-101,64.63841463186073,2.073453795103566,4.884359294873706,95.646784224448,12.24898098526518,0,normal
2026-01-02 12:07:00,P-101,64.88200546204547,2.387619045016602,4.865839697331513,94.83655954790297,11.822334278754338,0,normal
2026-01-02 12:08:00,P-101,64.99169800324186,2.2074893503530153,5.113529052568327,96.67301477022154,12.117234895838973,0,normal
2026-01-02 12:09:00,P-101,65.03314980338406,2.0917335265646333,5.000462203352216,97.92792565359778,11.945548803364796,0,normal
2026-01-02 12:10:00,P-101,66.59510589504525,2.0715759863272396,4.93028160432905,98.86009236866737,11.869071043572507,0,normal
2026-01-02 12:11:00,P-101,65.19166108453774,2.0665946437973193,5.026569929890379,96.94076799653392,11.85887815507313,0,normal
2026-01-02 12:12:00,P-101,63.62808745339928,2.208484761982643,4.882481012986771,96.49652417232504,11.861211782763975,0,normal
2026-01-02 12:13:00,P-101,64.66150969812513,2.2009983713930112,4.89668280237656,97.34036457275336,12.040940084974748,0,normal
2026-01-02 12:14:00,P-101,63.7935512124827,2.082075562003934,4.899377775377509,95.55907434520068,12.14169448387133,0,normal
2026-01-02 12:15:00,P-101,64.81940633776557,2.1682144447553093,5.124004068238961,100.81881385784092,12.09650058527249,0,normal
2026-01-02 12:16:00,P-101,63.73001694637925,2.065694300899602,4.923891879385528,94.15934839900144,12.062195987718392,0,normal
2026-01-02 12:17:00,P-101,64.33843505730066,2.248069479279577,4.802893982468462,97.3813471551637,11.728482467128972,0,normal
2026-01-02 12:18:00,P-101,63.9897220838904,2.1920482251775955,5.091576247483782,100.68716321614905,11.937688794721664,0,normal
2026-01-02 12:19:00,P-101,65.16805893374546,2.1528288714730084,4.94908282399542,97.05295194867853,11.766728051618822,0,normal
2026-01-02 12:20:00,P-101,64.98765778657973,2.0697383213785003,4.8374900867406305,96.69486471521188,11.963734859631328,0,normal
2026-01-02 12:21:00,P-101,65.13389276971004,2.162780699387538,4.941731543269638,96.38993874270771,11.81990648524535,0,normal
2026-01-02 12:22:00,P-101,64.94853055501947,2.1604116641612543,5.0035225127591225,96.705223999678,12.04711130739718,0,normal
2026-01-02 12:23:00,P-101,64.02326353668221,2.223722050042684,5.023261721780506,99.49782801231984,11.798734498043109,0,normal
2026-01-02 12:24:00,P-101,65.26374525493254,2.208696810945063,5.056312093098171,93.04230445566346,11.79987532833416,0,normal
2026-01-02 12:25:00,P-101,66.29522625850642,2.2844380438457947,4.938116002534791,99.7809752914686,12.13080084094651,0,normal
2026-01-02 12:26:00,P-101,65.06319442156327,2.128365916560238,4.94782035101079,94.4549942592242,11.420589272768604,0,normal
2026-01-02 12:27:00,P-101,64.83528752046867,2.0267746794975037,4.91638664432044,96.53564938209288,12.320395742928827,0,normal
2026-01-02 12:28:00,P-101,64.01246278216122,2.2923328815603488,4.854453238903425,96.24067414965316,11.83058984751362,0,normal
2026-01-02 12:29:00,P-101,64.24774481498784,2.087881131093103,5.042692763622502,98.07058475610847,11.53710955994802,0,normal
2026-01-02 12:30:00,P-101,65.24393490340901,2.0835321948855805,4.973755111494425,94.13262416540988,11.855597504677654,0,normal
2026-01-02 12:31:00,P-101,65.67718148547955,2.1933631761240484,4.998251515575907,97.83940240969868,11.94187076588559,0,normal
2026-01-02 12:32:00,P-101,65.17065201693384,2.23035150882283,5.0363720848944205,100.64967713663152,12.003111438184447,0,normal
2026-01-02 12:33:00,P-101,65.53209372095725,2.1483068717312026,4.897525095305624,94.55081949938132,12.034762807566771,0,normal
2026-01-02 12:34:00,P-101,65.48443242212413,2.1489240533967795,4.903049358655855,97.3448014768128,12.069833038589795,0,normal
2026-01-02 12:35:00,P-101,65.30611150997058,2.158253271717128,4.960742765764295,95.81074497124392,11.933897587342086,0,normal
2026-01-02 12:36:00,P-101,64.58006786900198,2.3425769729189483,5.058965571069316,97.76807729005029,12.023073445490835,0,normal
2026-01-02 12:37:00,P-101,65.07461582776448,2.195339682099115,5.082918386568692,97.03529870869436,11.890187271373216,0,normal
2026-01-02 12:38:00,P-101,64.5292185704193,2.112422475247271,5.014137226139273,95.84569366627528,12.230468979836267,0,normal
2026-01-02 12:39:00,P-101,64.88550685585598,2.0898420113306417,4.980824836272102,97.87826263983357,11.640508675523453,0,normal
2026-01-02 12:40:00,P-101,65.22743909166357,2.1763261873526294,5.021363141034157,100.24782659761614,12.035365132771664,0,normal
2026-01-02 12:41:00,P-101,66.06065408885522,2.220293749294659,4.967376227172341,96.65646570195648,11.91269889729645,0,normal
2026-01-02 12:42:00,P-101,64.18771115626899,2.2528593807232418,4.911143310205257,98.29593439842176,12.111534113165572,0,normal
2026-01-02 12:43:00,P-101,65.19797607326898,2.199272559027536,4.948454730326517,94.67294138517792,11.671417466070356,0,normal
2026-01-02 12:44:00,P-101,65.7911855982142,2.096199157897875,4.85936107117511,95.2798948406304,11.509662324739605,0,normal
2026-01-02 12:45:00,P-101,65.48168142293244,2.1562836272024626,4.969841036087413,97.8526441914625,11.966943928963516,0,normal
2026-01-02 12:46:00,P-101,65.5576854341696,2.2752503191959863,5.1112747500065305,99.67473922647882,12.046488275238085,0,normal
2026-01-02 12:47:00,P-101,65.46154233059778,2.094481163312827,5.034046512949461,97.64463673546256,12.227258983953408,0,normal
2026-01-02 12:48:00,P-101,65.71763743638888,2.1389926627533815,4.899805810701178,96.4424153597735,11.639200051528189,0,normal
2026-01-02 12:49:00,P-101,64.34253302387252,2.265391295290485,4.964992126530173,97.00621614051325,12.14112523755874,0,normal
2026-01-02 12:50:00,P-101,64.20983107041661,2.300177674468921,4.889178798953719,94.75851407765512,12.31623829513508,0,normal
2026-01-02 12:51:00,P-101,64.9494820893796,2.1754055235402348,4.976617200807204,98.09931645796084,11.86742651623433,0,normal
2026-01-02 12:52:00,P-101,63.490194570306784,2.1468735975290203,5.058892683340448,98.6015136183729,11.699856964652543,0,normal
2026-01-02 12:53:00,P-101,65.73155110731354,2.0599746440953774,5.007729165437846,96.20186097561528,11.804660955993786,0,normal
2026-01-02 12:54:00,P-101,65.75425165809854,2.2480824815328817,5.135610498328847,96.17204126766735,11.887962231504297,0,normal
2026-01-02 12:55:00,P-101,64.73153073259188,2.333387522045745,5.058467172600619,97.4993754425089,12.03773883827665,0,normal
2026-01-02 12:56:00,P-101,64.67809586497944,2.447269320466685,4.976655630387273,96.23756037118348,11.768847865167894,0,normal
2026-01-02 12:57:00,P-101,65.02936849008393,2.2473754010868743,5.016477118705087,96.9076620515756,12.218269568376735,0,normal
2026-01-02 12:58:00,P-101,64.96429515733237,2.1869670902123577,4.993923260280667,100.80942824735006,11.801376384418887,0,normal
2026-01-02 12:59:00,P-101,64.92509997636964,2.090011730558435,4.886961645128182,96.58869424242368,11.54981979683815,0,normal
2026-01-02 13:00:00,P-101,65.40243578756908,2.016638299265475,5.055323587525891,96.3919227045764,12.113099765994756,0,normal
2026-01-02 13:01:00,P-101,64.68525833663249,2.194549121098327,5.029380773168487,95.87513697832722,11.421329903108576,0,normal
2026-01-02 13:02:00,P-101,65.58182084792695,2.4314619349487314,4.966968380680778,98.38421757023556,11.910700573332525,0,normal
2026-01-02 13:03:00,P-101,65.47369114549028,2.348089804720986,4.986401607598782,96.7226106013588,12.525214543882374,0,normal
2026-01-02 13:04:00,P-101,64.56141551265337,2.3066211986223033,5.04570841090529,95.88426677883535,11.874119292773075,0,normal
2026-01-02 13:05:00,P-101,65.78344740840119,2.21491733020048,5.053604514003239,99.43599141688172,11.758926212367204,0,normal
2026-01-02 13:06:00,P-101,64.10910011480603,2.235034276689249,4.893759082175114,99.61761697625924,11.97704901653042,0,normal
2026-01-02 13:07:00,P-101,64.89439376433063,1.9524025871852977,4.976917779188047,95.98643776837596,11.869432975327372,0,normal
2026-01-02 13:08:00,P-101,65.57372282344198,2.2699912309613066,4.9253905712331605,93.71247780173464,11.843504322122664,0,normal
2026-01-02 13:09:00,P-101,64.56471643760665,2.1460332522766516,5.066820093747677,98.89100448079692,12.09918273085583,0,normal
2026-01-02 13:10:00,P-101,65.08490423241352,2.116535043856397,5.030678557239176,95.85055655243896,11.66769446289962,0,normal
2026-01-02 13:11:00,P-101,65.45567097182588,2.1793886171267385,5.077418614553337,98.51160665808736,12.29285781078998,0,normal
2026-01-02 13:12:00,P-101,64.39007215398797,2.158518141703559,4.857228032736913,93.5480636447328,11.855464766216508,0,normal
2026-01-02 13:13:00,P-101,64.99018725199232,2.132499043057514,4.932180941644944,98.70687490288805,12.106565056367002,0,normal
2026-01-02 13:14:00,P-101,64.80102734423629,2.190273473945858,5.027247953248693,94.9262182719212,11.722156668206509,0,normal
2026-01-02 13:15:00,P-101,64.71491124780077,2.1525769091211098,4.942864889975617,98.4280097049588,12.210116718547871,0,normal
2026-01-02 13:16:00,P-101,66.44811549509937,2.2045496488631997,4.864947795986746,97.14481046507474,11.86293383218963,0,normal
2026-01-02 13:17:00,P-101,64.47520079484532,2.047993067068984,4.991368657599976,95.40869034669907,11.917771213099678,0,normal
2026-01-02 13:18:00,P-101,65.55008679946056,2.166809321030106,4.92569426510475,96.3999555923368,11.705377452332682,0,normal
2026-01-02 13:19:00,P-101,64.65783173758754,2.080445000866836,5.109035460977238,98.37501070556505,11.751863995886524,0,normal
2026-01-02 13:20:00,P-101,64.31390397357686,2.1381656391619033,4.9941073234464115,97.33744046672196,12.057764275292236,0,normal
2026-01-02 13:21:00,P-101,65.0169412791365,2.2086384009988627,4.993279577874656,98.20614278097396,11.85746291738774,0,normal
2026-01-02 13:22:00,P-101,65.36969612197085,2.0336328581952436,4.981346297343349,100.71933697564523,11.85081549176848,0,normal
2026-01-02 13:23:00,P-101,65.49402359022258,2.105838389864773,5.054896759443243,94.35382860683552,11.70197818979966,0,normal
2026-01-02 13:24:00,P-101,66.06532661039087,2.26259407145107,5.025982215473096,100.08834032808085,12.14244082418591,0,normal
2026-01-02 13:25:00,P-101,66.8427967383112,2.0504978329395205,4.945137700526809,97.37326667977432,11.795390428152508,0,normal
2026-01-02 13:26:00,P-101,65.10814488174454,2.371536502519698,4.900172706742906,95.57585662052875,11.84374471229543,0,normal
2026-01-02 13:27:00,P-101,64.51552097277812,2.3143300397004505,4.94293207022291,94.80751840424053,11.847231102184637,0,normal
2026-01-02 13:28:00,P-101,65.12729155570479,2.131452805073414,4.900267259788529,96.8702538389366,11.52263783796604,0,normal
2026-01-02 13:29:00,P-101,64.71220593821235,2.108164100475958,5.060805425062963,98.87840041454366,11.672126731361606,0,normal
2026-01-02 13:30:00,P-101,65.59390455300205,2.2192827410304723,4.843403786076169,96.99877298578656,11.977218767423109,0,normal
2026-01-02 13:31:00,P-101,64.10480534763883,2.049306590328889,4.989809442356907,99.95754243402214,11.851320400790126,0,normal
2026-01-02 13:32:00,P-101,66.5570517050989,2.0018010706640266,4.989055546964708,94.63461988085524,12.05038357868174,0,normal
2026-01-02 13:33:00,P-101,65.59506915225369,2.1584822465261255,4.996292543552489,97.23441841448128,12.110393973284548,0,normal
2026-01-02 13:34:00,P-101,63.903359755763944,2.186362251044805,4.899905011590404,95.01148197015006,11.994178192375587,0,normal
2026-01-02 13:35:00,P-101,64.64478137121327,2.221517026174554,5.025519188141955,97.9301078672497,12.30185759348001,0,normal
2026-01-02 13:36:00,P-101,65.5128965452522,2.1365195231399987,4.926796404260758,98.88191614477708,11.949839618794677,0,normal
2026-01-02 13:37:00,P-101,65.7736971372351,2.3284316444587705,4.963815708245598,96.53826342003735,12.025924287781889,0,normal
2026-01-02 13:38:00,P-101,64.05462996341079,2.036952825135791,4.971812233346518,92.6183323307893,11.661669774604473,0,normal
2026-01-02 13:39:00,P-101,65.61071466050178,2.103002113100803,5.009148622011714,97.6744727447196,12.420708164915332,0,normal
2026-01-02 13:40:00,P-101,63.8532710915561,2.262268396618636,4.933878367406189,98.1131098205552,12.34012002510386,0,normal
2026-01-02 13:41:00,P-101,64.92245096514648,2.0816088931737324,5.064479518337038,98.0654902177532,11.944340793436156,0,normal
2026-01-02 13:42:00,P-101,65.74540914953809,2.0825483778855265,5.001799730554126,99.5731110550138,12.064510577631452,0,normal
2026-01-02 13:43:00,P-101,64.68870069894706,2.2177281561937447,5.006328813583323,95.43191348175831,12.134816924325712,0,normal
2026-01-02 13:44:00,P-101,63.99545316419494,2.0917851846694995,5.09299175996392,98.59546894967922,11.928436167527556,0,normal
2026-01-02 13:45:00,P-101,65.04413070045247,2.180873395243024,5.073516693426642,99.52902550124196,11.854545950877318,0,normal
2026-01-02 13:46:00,P-101,64.6071348212149,2.1300374394088477,5.020335536497909,94.1926478054737,12.000577384365588,0,normal
2026-01-02 13:47:00,P-101,65.39350663130213,2.1120386231895076,4.993299924740399,97.9812329650937,11.955124838169544,0,normal
2026-01-02 13:48:00,P-101,64.40070505787676,1.9870457167304776,5.02067796069548,96.51025022317437,11.931906396624283,0,normal
2026-01-02 13:49:00,P-101,64.41085964734486,2.2040218724957765,4.987782826537721,97.2831066318219,11.751638930341064,0,normal
2026-01-02 13:50:00,P-101,63.54582436140672,2.059221100214568,4.896026259028578,98.06789717730672,11.598502485646522,0,normal
2026-01-02 13:51:00,P-101,65.09105733924135,2.180957868453562,4.986966644871864,96.5774579396511,11.944552220165352,0,normal
2026-01-02 13:52:00,P-101,64.91939192067534,2.151530096514301,4.9804526856717235,96.25074168100303,12.068514658728931,0,normal
2026-01-02 13:53:00,P-101,64.18592602532634,2.174592172565142,5.016272992204343,97.5411936897816,11.88107446087824,0,normal
2026-01-02 13:54:00,P-101,65.17964235019012,2.1911665410262757,4.946395563994484,95.53553522594214,12.153351960690037,0,normal
2026-01-02 13:55:00,P-101,65.57160816491614,2.208392821605821,4.902209170337521,95.55110593109904,11.725749912849862,0,normal
2026-01-02 13:56:00,P-101,64.77283864188828,2.117276390434926,5.033371727687246,98.74163018649804,11.751308014601756,0,normal
2026-01-02 13:57:00,P-101,65.1219770122984,2.3182889044889503,4.862713431718862,95.46424918265184,11.850481414040328,0,normal
2026-01-02 13:58:00,P-101,65.15869242212406,2.0130931493308664,5.089566473003568,98.74491334936152,11.945828885410588,0,normal
2026-01-02 13:59:00,P-101,64.25419773280281,2.1815708447723208,4.967719125501998,98.39183897863477,12.105748915626087,0,normal
2026-01-02 14:00:00,P-101,66.22443160327852,2.2707831913346372,4.961851941094453,94.46649690505208,11.679002342338766,0,normal
2026-01-02 14:01:00,P-101,64.7515704025574,2.2542627172587624,5.002771637929566,96.36725671998556,12.164636548962546,0,normal
2026-01-02 14:02:00,P-101,65.56153831956001,2.117952189587235,5.038851592639333,99.750342950024,12.38589368100237,0,normal
2026-01-02 14:03:00,P-101,65.45366507264085,2.1138811812659943,4.859861788841239,95.84906898378604,11.867643264119913,0,normal
2026-01-02 14:04:00,P-101,64.96307577334018,2.1054707561776738,5.025622133545259,96.79360729071604,12.153750302758343,0,normal
2026-01-02 14:05:00,P-101,65.3044574389047,2.2496416970796904,5.005978356138451,98.47575881521118,11.742973350331283,0,normal
2026-01-02 14:06:00,P-101,65.22527052485766,2.133491973511537,4.946219820027834,99.06881169469368,12.187108659077191,0,normal
2026-01-02 14:07:00,P-101,64.12266130554518,2.2305554114115447,4.919730741189818,97.2207427756032,12.12607756497999,0,normal
2026-01-02 14:08:00,P-101,64.80889924397363,2.229273169954588,4.942745703468297,96.61294192122767,12.071075713674803,0,normal
2026-01-02 14:09:00,P-101,64.60352256641,2.4370314214452686,4.911726243043046,100.26381611057803,12.004801865543282,0,normal
2026-01-02 14:10:00,P-101,64.50198071296745,2.208709696247877,5.1290467323494475,100.84880149803554,11.43461425669266,0,normal
2026-01-02 14:11:00,P-101,64.10218607442333,2.1131471002411986,5.09899158330555,99.49609905455168,11.856537542906125,0,normal
2026-01-02 14:12:00,P-101,65.66635180884812,2.0464615329891545,5.010651408545572,97.90323944772568,11.81191397989485,0,normal
2026-01-02 14:13:00,P-101,65.93407699491283,2.1601612164692674,4.947466506168769,96.31043953127146,11.693662198326049,0,normal
2026-01-02 14:14:00,P-101,65.60526516594152,2.1846129279335593,4.9490655086770055,96.28630678326236,11.913037804407285,0,normal
2026-01-02 14:15:00,P-101,65.78326091205146,1.9740634091301803,5.040440178043891,98.73755786117133,11.878334046730894,0,normal
2026-01-02 14:16:00,P-101,64.70320972987216,2.120297140990981,5.108709992118491,98.5662109153354,11.792063925507057,0,normal
2026-01-02 14:17:00,P-101,64.51601481224398,2.221687454852459,4.96359390952561,100.35216812973825,11.798805014242582,0,normal
2026-01-02 14:18:00,P-101,64.4335050389578,2.1398600466174313,4.911933289749122,99.01643127327549,11.827390341101218,0,normal
2026-01-02 14:19:00,P-101,65.44629081370228,2.300022220145451,5.059900253152236,95.1565399000567,12.078996039371686,0,normal
2026-01-02 14:20:00,P-101,65.09892717708736,2.038602777532938,4.872622152552504,99.7721853683416,11.860960550124748,0,normal
2026-01-02 14:21:00,P-101,64.87279859224267,2.2588874482760817,4.89039180935753,96.09889659352147,11.77997915651899,0,normal
2026-01-02 14:22:00,P-101,65.78069941054278,2.28440072921726,4.954931080731329,97.22111332070882,11.825293876616616,0,normal
2026-01-02 14:23:00,P-101,65.2699272957774,2.296417123675289,4.8745657237591455,98.37960665054976,12.019186902278376,0,normal
2026-01-02 14:24:00,P-101,64.50296488152877,2.0489106296393804,5.093236036034712,101.53856016382508,12.137406702620458,0,normal
2026-01-02 14:25:00,P-101,64.38167854053899,2.211371768668846,5.095597880577465,103.56145116421084,11.497912227077691,0,normal
2026-01-02 14:26:00,P-101,65.50507728112524,2.1401853466175687,4.950495113754085,99.0730639659158,12.176518961742996,0,normal
2026-01-02 14:27:00,P-101,65.75319344337125,2.0680791374183674,5.066259966198337,97.66869778558952,12.217334540416436,0,normal
2026-01-02 14:28:00,P-101,65.27434992634964,2.148985544689289,5.091232215701208,98.97817457129403,11.759307929666488,0,normal
2026-01-02 14:29:00,P-101,66.16104839115071,2.1012817099566456,4.988393847158071,99.63157925383751,11.79448772866816,0,normal
2026-01-02 14:30:00,P-101,66.00471868893551,2.285442364668969,4.943197768860304,97.4744541290065,11.834182946314542,0,normal
2026-01-02 14:31:00,P-101,65.24741364617866,2.2468195175614336,5.171182270406382,101.30101284644084,11.887829581501904,0,normal
2026-01-02 14:32:00,P-101,64.45486693418492,2.0847491946574443,5.035499881518876,98.50185539729846,11.999841036708274,0,normal
2026-01-02 14:33:00,P-101,64.0017710786564,2.110807921334856,5.007961517447984,99.00187917401638,11.580751317948716,0,normal
2026-01-02 14:34:00,P-101,64.66283775786712,2.152174359395673,5.088677573111681,99.3229356846909,11.75610254893338,0,normal
2026-01-02 14:35:00,P-101,65.5857990717201,2.2037549517310215,5.010150884961977,98.90157405117652,12.274886661570278,0,normal
2026-01-02 14:36:00,P-101,66.11889460710721,2.2928177138294576,4.96132027638452,99.67137173988638,11.804497158726988,0,normal
2026-01-02 14:37:00,P-101,65.32760397255193,2.275508335526338,4.976300155346224,97.06889721120952,12.160752571956872,0,normal
2026-01-02 14:38:00,P-101,65.75507834969427,2.2046144578625086,5.044643761781576,97.19379616691948,11.98688152412561,0,normal
2026-01-02 14:39:00,P-101,64.67439366547217,2.154945804324136,4.822920602275003,96.23735919194483,11.525267232840692,0,normal
2026-01-02 14:40:00,P-101,65.43906431287455,2.0265805258508696,4.970115312821645,99.027746458239,12.097898232790412,0,normal
2026-01-02 14:41:00,P-101,65.52335261261697,2.327847839579098,5.0933924794343355,99.6578461533623,11.9662019241623,0,normal
2026-01-02 14:42:00,P-101,63.67192026848928,2.150565374246969,4.955158965952889,99.09897540294357,11.881875850838355,0,normal
2026-01-02 14:43:00,P-101,64.76214998366945,2.359013761781389,5.121311607508427,101.30840082782277,12.088243443469084,0,normal
2026-01-02 14:44:00,P-101,65.63271820261208,2.2213724095367797,5.0820688376806995,98.30367703255132,12.044037008089898,0,normal
2026-01-02 14:45:00,P-101,65.22307460065257,2.40763358457515,4.990783204725851,99.53702428100772,12.127629092825156,0,normal
2026-01-02 14:46:00,P-101,64.26681555270427,2.2657236200797612,4.924080948347318,96.38786996895485,12.127286668578243,0,normal
2026-01-02 14:47:00,P-101,63.42458687689005,2.0572741992908075,4.956643838065093,97.67589592555672,12.011904060322372,0,normal
2026-01-02 14:48:00,P-101,64.6622152489148,2.127126764358006,5.182967890226914,99.6444875786814,11.71420780960317,0,normal
2026-01-02 14:49:00,P-101,64.91969300894574,2.1792263564272925,5.130618179249478,99.94084679641507,11.903496312362217,0,normal
2026-01-02 14:50:00,P-101,64.60944878598097,2.133650134531385,4.987811006027038,97.90336380005662,12.525710581055424,0,normal
2026-01-02 14:51:00,P-101,65.12611910163882,2.1660783631470104,4.940666887904575,98.32376365180036,12.094611121630356,0,normal
2026-01-02 14:52:00,P-101,65.45027887834978,2.0771492261587494,4.965599902577923,95.74070300872344,12.346078550424004,0,normal
2026-01-02 14:53:00,P-101,65.51105783053673,2.209156261774447,4.995573393254354,97.850550839118,12.214603341613378,0,normal
2026-01-02 14:54:00,P-101,63.4868001375378,2.2258151879003862,4.914128025257729,100.11631368903838,12.0518498249823,0,normal
2026-01-02 14:55:00,P-101,64.16229298700667,2.1014837222030387,5.001297941890078,99.56950530450096,12.047366573091251,0,normal
2026-01-02 14:56:00,P-101,64.79372201717794,2.3930799137605936,5.087127675498632,99.45593727618105,11.97636211031006,0,normal
2026-01-02 14:57:00,P-101,65.23624895847189,2.190846917362051,4.860695266987986,98.66502346731394,11.612389780850116,0,normal
2026-01-02 14:58:00,P-101,65.30465912102916,2.1168010004987536,5.043950119987097,98.608924242749,11.961877177776117,0,normal
2026-01-02 14:59:00,P-101,65.36446192246387,2.0436456650142256,5.070520846157248,97.4284988253414,12.164989875268684,0,normal
2026-01-02 15:00:00,P-101,64.70771069448274,2.2010722725697227,4.959720182414853,99.89591965714592,11.876949590750138,0,normal
2026-01-02 15:01:00,P-101,64.80975153778067,2.1765469492366245,5.112760457452249,99.41681543788754,12.064895062948988,0,normal
2026-01-02 15:02:00,P-101,64.58163842111499,2.2845957987959733,4.9473345697968085,99.56581641681927,12.157292701683218,0,normal
2026-01-02 15:03:00,P-101,65.41207100767262,2.1756909534346685,5.0084209817166,97.75451953863713,11.75069949829662,0,normal
2026-01-02 15:04:00,P-101,64.31598085859535,2.070833672701822,4.926992360768911,94.84664486953652,11.755138773217364,0,normal
2026-01-02 15:05:00,P-101,65.48881825705953,2.359791212496194,4.985699211684062,100.71889566854436,11.8179845719609,0,normal
2026-01-02 15:06:00,P-101,65.05554028210659,2.234469422501247,4.935824560150632,97.90354950336956,11.772673363763206,0,normal
2026-01-02 15:07:00,P-101,64.85154543394886,2.1609690539767032,5.0212400120417024,97.23397283813615,11.659498128413473,0,normal
2026-01-02 15:08:00,P-101,64.51070344072902,2.209328447497399,5.05998456573661,100.05681836954084,11.82161485881062,0,normal
2026-01-02 15:09:00,P-101,64.19856792683937,2.2565093541242858,4.9767363878774065,98.124594184781,12.227628961702996,0,normal
2026-01-02 15:10:00,P-101,64.52292058585692,2.0507023246109606,4.912400576984827,100.75983519418864,11.8396996500076,0,normal
2026-01-02 15:11:00,P-101,64.79418350268148,2.2167623325434413,5.028065551620029,99.98436399556222,12.024822763679005,0,normal
2026-01-02 15:12:00,P-101,63.42625692151414,2.1511159639896915,5.030801516395816,100.12605112370684,11.903207782977011,0,normal
2026-01-02 15:13:00,P-101,64.91705766064901,2.255911542747722,4.949418421606712,96.45884724037612,12.129538604618672,0,normal
2026-01-02 15:14:00,P-101,65.70438493372392,2.1378163954830303,5.141916936526234,101.12107464235774,12.295864698591457,0,normal
2026-01-02 15:15:00,P-101,65.42321148502411,2.14576065408939,4.8848439493068385,99.43189978498846,12.155770989977444,0,normal
2026-01-02 15:16:00,P-101,64.68124601706573,2.3667190911475733,4.82798101416846,98.31908738862096,12.01079953227918,0,normal
2026-01-02 15:17:00,P-101,65.00660732493724,2.3203596354844804,4.941482412779447,99.26408557582836,11.93171065990667,0,normal
2026-01-02 15:18:00,P-101,64.51128755600729,1.855906113561166,5.008039960648286,95.83102432618855,11.636555788947406,0,normal
2026-01-02 15:19:00,P-101,65.23049601201753,2.330967802286353,4.923952316970836,99.78614415912044,12.382290100998054,0,normal
2026-01-02 15:20:00,P-101,65.9187038173635,2.183221509594781,4.903532838724649,97.22008030214742,11.764667805513913,0,normal
2026-01-02 15:21:00,P-101,65.64091555185777,2.1304836600131396,5.033177289588952,96.66057960564817,12.032546657576011,0,normal
2026-01-02 15:22:00,P-101,65.37465102991959,2.1034122099971553,4.996154679486951,96.37763248911088,12.103242089198003,0,normal
2026-01-02 15:23:00,P-101,64.6527594590436,2.102017911696917,5.037826917841973,101.14326541679849,11.923241863122888,0,normal
2026-01-02 15:24:00,P-101,65.53943953434522,2.137946928830569,5.03500355009494,98.03035257323528,12.148513082660251,0,normal
2026-01-02 15:25:00,P-101,63.9774619853879,2.095736113492432,4.989700378553443,101.94638852825447,12.211234296515403,0,normal
2026-01-02 15:26:00,P-101,64.93848905645704,2.076256470435722,4.955910496982024,98.24393821660976,12.292910913574644,0,normal
2026-01-02 15:27:00,P-101,65.30621598958349,2.087596678252516,5.018263424648637,96.1578875569337,11.79086733342267,0,normal
2026-01-02 15:28:00,P-101,65.36232726456073,2.2187454969842486,4.878299788811295,97.24418634659786,11.660152786941993,0,normal
2026-01-02 15:29:00,P-101,65.415803610961,2.20276657969374,4.865021968087235,101.50123573351335,11.943939120916498,0,normal
2026-01-02 15:30:00,P-101,65.19595969143924,2.256079330121236,4.959860579727513,99.01904718814627,12.012342124151257,0,normal
2026-01-02 15:31:00,P-101,64.85937828468138,2.191831532774527,5.048517920891694,98.3356790657096,11.9617129173883,0,normal
2026-01-02 15:32:00,P-101,65.31829656001263,2.065744887464139,5.01422520975253,99.6336030823454,11.910320513215453,0,normal
2026-01-02 15:33:00,P-101,64.24985033476969,2.234496665052308,5.062728341744988,100.27179364563766,11.626314317573682,0,normal
2026-01-02 15:34:00,P-101,64.49862462640525,2.1049784832606075,4.872888958095927,101.40295598255489,12.136185278702468,0,normal
2026-01-02 15:35:00,P-101,65.19942294353642,2.282866619208862,5.042305053060233,102.02202764775888,12.455129725249206,0,normal
2026-01-02 15:36:00,P-101,65.13237391561444,2.085670336601875,5.033673240263192,98.79027249382248,12.056558422439274,0,normal
2026-01-02 15:37:00,P-101,63.82526800541908,2.132614379815203,4.87618549960998,97.07413191927276,12.034051061388883,0,normal
2026-01-02 15:38:00,P-101,65.322686060844,2.166928368883417,5.047743785429657,98.73997540913986,12.076688323505216,0,normal
2026-01-02 15:39:00,P-101,65.52981412844687,2.2705879867113254,4.99195312096602,99.9759443721426,12.07868766514076,0,normal
2026-01-02 15:40:00,P-101,64.99183848397352,2.2224081695929243,5.192952874489422,97.7959305377002,12.120211109504623,0,normal
2026-01-02 15:41:00,P-101,66.54830590785832,2.202560454926376,4.825904585692211,97.83111105149816,12.01400806778208,0,normal
2026-01-02 15:42:00,P-101,64.53626398117467,2.3863007985374773,5.097799150647003,100.19611449097704,11.943348000798656,0,normal
2026-01-02 15:43:00,P-101,64.70446126848965,2.009349446699328,4.96753955075911,99.51306175159353,11.826194070546055,0,normal
2026-01-02 15:44:00,P-101,64.72245022150368,2.093790088356957,4.883629728899677,99.68303489104794,11.940696315675304,0,normal
2026-01-02 15:45:00,P-101,64.95442912756664,2.092332703613906,4.945934102002114,98.28209620516635,12.011288785445124,0,normal
2026-01-02 15:46:00,P-101,64.75639185999545,2.0195133962561767,5.011984304705187,99.25607578115648,11.9144656812101,0,normal
2026-01-02 15:47:00,P-101,64.08689822704183,2.128199486543967,5.052928736598872,98.0306069729319,12.003785945814244,0,normal
2026-01-02 15:48:00,P-101,64.68934445490605,2.273874156089357,5.133737822169943,101.32003220006908,12.127430992742156,0,normal
2026-01-02 15:49:00,P-101,65.01171729983942,2.149426203244717,5.115578413260393,101.60458970510898,12.214773577407303,0,normal
2026-01-02 15:50:00,P-101,65.8510030890473,2.1726918440250262,4.896838104158565,96.4414845607879,12.149803530591432,0,normal
2026-01-02 15:51:00,P-101,66.41712614167145,2.026106575952435,5.06026152339723,98.11499949386015,11.959051468511577,0,normal
2026-01-02 15:52:00,P-101,65.74625136975621,2.1064266809014844,4.99856870482096,97.11787578224993,11.651980960437966,0,normal
2026-01-02 15:53:00,P-101,64.45782996090793,2.1494674233206847,4.9408288523182735,98.66510637833024,11.89093237198607,0,normal
2026-01-02 15:54:00,P-101,64.54774730198507,2.264242733556663,4.982251181479061,99.70849230224842,12.000067282548772,0,normal
2026-01-02 15:55:00,P-101,64.73929763283782,2.0145496411474797,4.923039605411524,97.27285915726544,11.551032023482543,0,normal
2026-01-02 15:56:00,P-101,66.23875720478297,2.163504145659674,4.985060664526952,98.24642005914004,12.225125505794695,0,normal
2026-01-02 15:57:00,P-101,64.8827238930329,2.307567463229876,4.930145922596936,98.12219743575248,11.972141505574667,0,normal
2026-01-02 15:58:00,P-101,64.16723740160161,2.1589336452034953,4.931300007284605,100.32595924098264,12.086049344145534,0,normal
2026-01-02 15:59:00,P-101,64.77088492344936,1.9994895800131416,5.0345509199847855,100.10125810399911,12.276143035625228,0,normal
2026-01-02 16:00:00,P-101,65.43433556331458,2.321317481978472,5.031019862418105,98.70087240399296,11.83499760609132,0,normal
2026-01-02 16:01:00,P-101,65.49223342750577,2.278492236827926,4.990286602718758,100.34183927251703,12.125063564352317,0,normal
2026-01-02 16:02:00,P-101,64.85233120505991,2.2849365218826776,5.086366569272301,99.0630977996784,11.949920109369964,0,normal
2026-01-02 16:03:00,P-101,65.42694130813,2.0236469805044304,4.9775868599044815,99.58170009591394,11.950633629474234,0,normal
2026-01-02 16:04:00,P-101,63.50100228461585,2.3487957687300125,5.0098702422389305,103.10644603977175,11.938754903632278,0,normal
2026-01-02 16:05:00,P-101,65.21065262580456,2.1390339484069725,5.071540322169197,102.53060934049982,12.4090389229523,0,normal
2026-01-02 16:06:00,P-101,65.51008228890375,2.1434145930081634,4.968750940310558,97.80207312565923,11.858962185754663,0,normal
2026-01-02 16:07:00,P-101,64.52501424179741,2.1373080400462694,5.022519529951029,101.65836889191984,12.189643916136736,0,normal
2026-01-02 16:08:00,P-101,64.34244273039944,2.281672321523753,4.840058160623394,101.6488853566728,11.674465083205796,0,normal
2026-01-02 16:09:00,P-101,63.84993047168143,2.1892340814326356,4.982619587312046,98.14500703803878,12.18034791707912,0,normal
2026-01-02 16:10:00,P-101,66.12503327652634,2.25864280496155,4.889188054836435,101.70917704594228,12.26171754256968,0,normal
2026-01-02 16:11:00,P-101,64.57050523643743,2.2120021390314593,4.944804825535443,103.02713655053635,12.110300918575552,0,normal
2026-01-02 16:12:00,P-101,65.12254047301224,2.1865943530480636,4.88914486517427,98.2617442887156,11.902463835433885,0,normal
2026-01-02 16:13:00,P-101,65.40641589439751,2.10690671561776,4.913561862148226,98.65426828955948,12.039628049809496,0,normal
2026-01-02 16:14:00,P-101,66.16574994572628,2.4021175763061287,4.983190165561656,102.16099357359144,12.5225879393838,0,normal
2026-01-02 16:15:00,P-101,64.78537356738062,2.0405643080604814,4.974358554430413,100.84130375185968,11.672591772775094,0,normal
2026-01-02 16:16:00,P-101,64.71848344963352,2.249124004899411,5.060185834259239,101.36865699612406,12.197465187398548,0,normal
2026-01-02 16:17:00,P-101,65.05931121877364,2.2315876303196176,5.025691393040434,101.01242460510056,11.848049277722236,0,normal
2026-01-02 16:18:00,P-101,65.84508043372307,2.316627429069025,4.878184353517574,101.1259563534834,12.029795011344556,0,normal
2026-01-02 16:19:00,P-101,64.85164910469665,2.334496003250176,4.986414299335585,98.05836747073084,11.89217500030619,0,normal
2026-01-02 16:20:00,P-101,64.37407480922842,2.185659964316388,5.045822619931233,102.35447526703928,11.984970606451627,0,normal
2026-01-02 16:21:00,P-101,64.02505200208513,2.256073096591346,5.002978569123059,102.59782252607656,12.075841649971752,0,normal
2026-01-02 16:22:00,P-101,64.12784500143307,2.3675374626368475,4.996766821231689,100.10288396151576,11.776252289789914,0,normal
2026-01-02 16:23:00,P-101,65.63873470307249,2.2022686352801366,5.01792894613894,100.46072373611464,12.219657799309031,0,normal
2026-01-02 16:24:00,P-101,64.64296862422782,2.0763708849308817,5.03158347622606,97.80615043915688,11.575355810934989,0,normal
2026-01-02 16:25:00,P-101,64.65875968448177,2.167684420264941,4.904867696146414,101.51092952688047,12.153280788372085,0,normal
2026-01-02 16:26:00,P-101,64.52896348070514,2.068888791655663,4.999278460106774,101.638065281155,11.983834787927735,0,normal
2026-01-02 16:27:00,P-101,64.97876951677668,2.228437647687651,5.110778241352692,100.51947144886516,11.781399164704464,0,normal
2026-01-02 16:28:00,P-101,64.88664281559981,2.311278606705202,5.1259489493004216,102.67826577195652,12.120824647278436,0,normal
2026-01-02 16:29:00,P-101,64.7142762107539,2.1755315198414062,5.060326232792739,100.0760647848434,11.690891726204006,0,normal
2026-01-02 16:30:00,P-101,65.89786510155821,2.0402816577382046,5.054743995458659,101.7166267581762,12.059441567089213,0,normal
2026-01-02 16:31:00,P-101,65.8884314080782,2.2894474634906996,5.104702726116679,98.88782937285332,11.68205949962329,0,normal
2026-01-02 16:32:00,P-101,63.99316355430557,2.02690469146587,5.141286118011676,100.70367578992094,12.113364690561196,0,normal
2026-01-02 16:33:00,P-101,65.15300808166812,2.0385557000848618,4.995514705388459,100.45503045517388,11.82877944692914,0,normal
2026-01-02 16:34:00,P-101,64.47604037550452,2.1799948172057775,4.944111463065515,101.1971734095698,11.945716398881231,0,normal
2026-01-02 16:35:00,P-101,64.86077954836212,2.2277091271243297,4.9825712665432365,100.14917287769518,12.063265063919488,0,normal
2026-01-02 16:36:00,P-101,65.15325639028543,2.236764800156188,5.222771912423131,100.60032264590868,11.863501257008814,0,normal
2026-01-02 16:37:00,P-101,64.88231238896928,2.1957380830781403,4.913609641677018,102.34645856677813,12.058800957069682,0,normal
2026-01-02 16:38:00,P-101,65.04483821348184,2.364008866921929,4.968021713719621,100.09594534866812,11.700112260211071,0,normal
2026-01-02 16:39:00,P-101,65.46072606470676,2.2091791690552944,4.8812393703105545,98.01277509850388,12.066558373674347,0,normal
2026-01-02 16:40:00,P-101,65.35782005785205,2.3224776830325333,5.049496490508363,104.0763020106946,12.475271821430992,0,normal
2026-01-02 16:41:00,P-101,64.81108952959822,2.305156385244575,4.950172110409236,103.43604824318764,12.66152322087762,0,normal
2026-01-02 16:42:00,P-101,64.58318165947169,2.069816787236964,4.97884422243569,98.64567940340432,11.977604011435416,0,normal
2026-01-02 16:43:00,P-101,64.14283846805978,2.1920151696556207,4.885848215946978,102.23548771482906,12.224705459604309,0,normal
2026-01-02 16:44:00,P-101,64.32147203083231,2.398220076953334,5.04434203829336,100.11085917374344,11.647200640630803,0,normal
2026-01-02 16:45:00,P-101,66.39641843374314,2.1634019430070133,5.100690449541042,101.5126281588284,12.34592571002597,0,normal
2026-01-02 16:46:00,P-101,64.55622896578619,2.1406558091583983,4.989024226091178,101.59002796356206,12.202946539851682,0,normal
2026-01-02 16:47:00,P-101,64.19736366437331,2.2139786887147648,4.997145883893636,100.66049843889354,11.92302826417656,0,normal
2026-01-02 16:48:00,P-101,65.29133851854931,2.162677768028306,4.985497448448793,99.69359545999852,12.238244023857758,0,normal
2026-01-02 16:49:00,P-101,64.90922394569994,2.1184536608200215,5.011496475460817,99.88327281950656,11.945602969256129,0,normal
2026-01-02 16:50:00,P-101,64.83554113415389,2.1474061449252,4.99231717740464,99.49890484922904,11.89336210887396,0,normal
2026-01-02 16:51:00,P-101,65.94571460537756,2.346610650246542,5.050493217555646,99.67250308854976,12.085242077741992,0,normal
2026-01-02 16:52:00,P-101,65.29373801299789,2.179115922153379,5.097017966839721,101.0705227498155,11.819444782528402,0,normal
2026-01-02 16:53:00,P-101,64.7262272873657,2.075275090207153,4.9422616424874155,99.92466280618687,12.202064837065596,0,normal
2026-01-02 16:54:00,P-101,64.6760248530685,2.0433321118486867,5.0029693734467795,102.46223679409805,11.862669141437571,0,normal
2026-01-02 16:55:00,P-101,64.64111166474196,2.416999681637522,5.102443584346902,103.93302229221696,11.907979710801872,0,normal
2026-01-02 16:56:00,P-101,65.50735151026099,2.1706689351975985,4.90281558703816,100.23324204022914,11.825059303525208,0,normal
2026-01-02 16:57:00,P-101,64.8710292748596,2.251609305411301,4.879344968726059,101.72954584552492,12.203786382868971,0,normal
2026-01-02 16:58:00,P-101,63.81457808053361,2.120591175323617,5.038034623784024,102.21925070811302,11.94322244893945,0,normal
2026-01-02 16:59:00,P-101,64.89723317338849,2.223943278591806,5.056649648271615,102.19053994966806,11.796117041616608,0,normal
2026-01-02 17:00:00,P-101,63.97427175457675,2.342885954338428,4.964425896657925,101.4986909814676,11.923824729456868,0,normal
2026-01-02 17:01:00,P-101,66.44606431569791,2.1377810444321654,4.986691940978107,102.71975147665388,12.075184070163518,0,normal
2026-01-02 17:02:00,P-101,64.31350207649767,2.239137103194672,4.969504913054206,102.2718375576069,11.831960629995333,0,normal
2026-01-02 17:03:00,P-101,64.80573638138401,2.0492480557099935,4.931283001340116,99.19677680942264,11.74556708247581,0,normal
2026-01-02 17:04:00,P-101,65.34722481129387,2.4227886728353227,5.078642126824381,103.00974193820583,12.512551524966092,0,normal
2026-01-02 17:05:00,P-101,64.78429398322302,2.223644654471832,4.947994978225875,103.062987231571,11.919776536184353,0,normal
2026-01-02 17:06:00,P-101,64.79004811391951,2.1562712298359177,4.982538009877423,100.11246101777576,11.938765356778672,0,normal
2026-01-02 17:07:00,P-101,65.26501953533258,2.169164793308872,4.952377315306318,101.5750847032358,11.973805140937216,0,normal
2026-01-02 17:08:00,P-101,65.99149511923392,2.1489338678075764,4.925700936030026,102.75711643431104,11.998442131475242,0,normal
2026-01-02 17:09:00,P-101,65.55466639958502,2.1604849688909384,5.0726184004283965,101.17059281961228,12.15938713258219,0,normal
2026-01-02 17:10:00,P-101,66.06414201749718,1.9670342567849624,4.99860079624912,103.49885618012668,12.29459427549821,0,normal
2026-01-02 17:11:00,P-101,64.359627098211,2.194766800329957,5.0716158805618266,105.84250749323742,12.114084338490803,0,normal
2026-01-02 17:12:00,P-101,65.12175563957956,2.176351552278123,4.896361743675869,100.19270552619402,11.758485508467352,0,normal
2026-01-02 17:13:00,P-101,65.18110591519259,2.2580314087380144,4.939478681480172,99.14144432431256,12.229131375299158,0,normal
2026-01-02 17:14:00,P-101,65.24457185342999,2.149555626937574,5.074865570909482,102.19394192608316,12.04675003954316,0,normal
2026-01-02 17:15:00,P-101,66.04681130164012,2.140297570954698,5.21076423399203,102.96552320828587,12.435030059220011,0,normal
2026-01-02 17:16:00,P-101,64.71263829174228,2.1827826471669445,4.874371782099037,101.27069066063582,11.589003540306042,0,normal
2026-01-02 17:17:00,P-101,64.79547736206457,2.0455122796566347,5.029138001791547,104.32155474618064,12.168727286642085,0,normal
2026-01-02 17:18:00,P-101,65.47420297751806,2.228869799804422,5.022014895036325,99.31552531662798,12.363187026274082,0,normal
2026-01-02 17:19:00,P-101,63.850850414882906,2.0145817526536223,4.986787920017414,102.99149307441638,12.01909196514486,0,normal
2026-01-02 17:20:00,P-101,64.83732609437203,2.3110852850318166,5.066194601884702,100.6728062795114,11.975085503718416,0,normal
2026-01-02 17:21:00,P-101,64.98466837628452,2.276643781202656,4.9881011472525705,104.87724341987924,12.205419640914446,0,normal
2026-01-02 17:22:00,P-101,64.4192229693512,2.1093763917805357,5.064647219331968,105.38778831168028,12.049874485573415,0,normal
2026-01-02 17:23:00,P-101,65.66986400668554,2.2641453041113775,4.967855618635074,100.44006519499597,11.950787569439331,0,normal
2026-01-02 17:24:00,P-101,64.29481667945485,2.209468323651445,5.093855358970069,100.84951831632348,11.957922530651423,0,normal
2026-01-02 17:25:00,P-101,64.90351073762086,2.098165059069495,4.986699885232439,103.40454004449316,11.97665205444952,0,normal
2026-01-02 17:26:00,P-101,65.28895052936753,2.008957908037959,4.987157762253804,101.178892799386,12.281138094021692,0,normal
2026-01-02 17:27:00,P-101,65.93104831825796,2.237506974433901,5.084321414565502,101.8123181940701,12.146585152281393,0,normal
2026-01-02 17:28:00,P-101,65.03124099040002,2.1249264064947897,4.947617005125724,101.9579711262224,12.108864780207332,0,normal
2026-01-02 17:29:00,P-101,65.64908684375263,2.314135472120384,4.9895620631039055,98.47495591304556,12.11596287876939,0,normal
2026-01-02 17:30:00,P-101,65.45707818002711,2.201596650164982,4.891656957962147,101.92343620202092,12.004831919419932,0,normal
2026-01-02 17:31:00,P-101,65.03366239467915,2.124717728426749,4.931091563090164,100.72469051941988,11.866899951912016,0,normal
2026-01-02 17:32:00,P-101,64.26114388571358,2.3762784562909127,5.03771233446887,101.09631451565136,11.91236457454663,0,normal
2026-01-02 17:33:00,P-101,64.11594815531255,2.2631790166774866,4.976652033402041,104.60008590695766,12.138359185429652,0,normal
2026-01-02 17:34:00,P-101,64.99253560521005,1.825726444979598,4.959453146080602,99.75732513082664,11.780877412250218,0,normal
2026-01-02 17:35:00,P-101,64.64898056231605,2.1515589408755145,5.069517763870808,103.5001715727452,12.00495294386502,0,normal
2026-01-02 17:36:00,P-101,65.57768237911533,2.059323977315613,4.974972050551603,101.5515080431888,11.943321912921377,0,normal
2026-01-02 17:37:00,P-101,65.64998111973492,2.138897278567494,5.073270799299253,101.5671854174108,12.471926808488126,0,normal
2026-01-02 17:38:00,P-101,64.72269508974858,2.167548729951879,5.050200473150725,103.51040780267004,11.550549246093317,0,normal
2026-01-02 17:39:00,P-101,64.26343842831892,2.2372279170165537,5.0576646839100805,102.71668660753656,12.04557665394497,0,normal
2026-01-02 17:40:00,P-101,65.48583512199659,2.2437202330401416,5.118351829297246,103.1484237385548,12.439591470719598,0,normal
2026-01-02 17:41:00,P-101,64.38760877593164,2.313418840904422,5.061194093840332,103.88064794573476,12.140788331198534,0,normal
2026-01-02 17:42:00,P-101,64.57609692317179,2.2715568061025073,5.12329954836845,101.55802380355958,12.197424208791006,0,normal
2026-01-02 17:43:00,P-101,64.38158878597937,2.2595557232918906,5.074475191967162,101.0686832154514,12.052025759483495,0,normal
2026-01-02 17:44:00,P-101,64.86571416586571,2.2150909271849484,4.96569467925619,100.23363493446018,11.87354237179051,0,normal
2026-01-02 17:45:00,P-101,65.61122180176086,2.311605232085733,5.097692650994938,100.71722857434494,11.573133670328566,0,normal
2026-01-02 17:46:00,P-101,65.09014159657741,2.1790487070777886,5.093743253968121,107.52726325049152,12.266909034922008,0,normal
2026-01-02 17:47:00,P-101,64.7046039944584,2.1701349467877833,5.017123474544776,104.47510541510108,11.979131841532553,0,normal
2026-01-02 17:48:00,P-101,63.95042001021105,2.002822060673085,5.017670992169631,99.81839934971694,11.834484899258449,0,normal
2026-01-02 17:49:00,P-101,65.3227487938604,2.3014870116708317,5.0767170888544895,99.88542111471712,11.89676518224569,0,normal
2026-01-02 17:50:00,P-101,64.64793736109293,2.2100446078445444,5.0633389246758895,103.14857680789338,12.4434295855615,0,normal
2026-01-02 17:51:00,P-101,65.27918110630603,2.5165371024860708,5.160382761036194,103.2815262757596,12.57941329672358,0,normal
2026-01-02 17:52:00,P-101,64.8196075269161,2.16514383108226,5.109052445371903,103.29953063189862,12.14242750646264,0,normal
2026-01-02 17:53:00,P-101,65.53189093847757,2.207380755311724,5.055296870349352,101.86756680112003,11.963073559251256,0,normal
2026-01-02 17:54:00,P-101,64.83760296827697,2.2477712522860434,4.9493299697482165,102.11547355400975,11.82801892313005,0,normal
2026-01-02 17:55:00,P-101,65.02543008719759,2.0970936847168526,5.016880063380582,102.94613393612909,12.182092050393086,0,normal
2026-01-02 17:56:00,P-101,65.46705229855938,2.2531481031265903,5.03026721426711,102.52507244845508,12.432333293466682,0,normal
2026-01-02 17:57:00,P-101,66.33529326146608,2.1995555309765775,5.0326651289774125,98.39009238921696,11.902234694271478,0,normal
2026-01-02 17:58:00,P-101,65.43180763560481,2.1529817102748017,5.064467459293312,101.98541464042592,11.583763231062132,0,normal
2026-01-02 17:59:00,P-101,64.99855575880397,2.3236775076377953,5.020673781956697,100.8805953241417,12.160427794087356,0,normal
2026-01-02 18:00:00,P-101,65.09985220484161,2.120799243745127,5.035848809448003,102.74243153716016,12.279352888404814,0,normal
2026-01-02 18:01:00,P-101,64.62988221727059,2.224180596048962,5.1285748981872095,107.8142915531885,11.917259618518484,0,normal
2026-01-02 18:02:00,P-101,64.42757380514496,2.350617401987963,4.97105812570719,103.1159161501288,12.128774321236456,0,normal
2026-01-02 18:03:00,P-101,64.69228527478542,2.1352319142762015,5.137721788537013,101.90356811895224,12.147352246795789,0,normal
2026-01-02 18:04:00,P-101,64.53646074892363,2.174695124626358,4.898103162302385,104.14048442638274,12.109593072389696,0,normal
2026-01-02 18:05:00,P-101,65.40464957898713,2.4322401854351616,5.135511134090884,103.36324703388422,11.942743227199456,0,normal
2026-01-02 18:06:00,P-101,64.40910666578725,2.2594829149044164,5.029472934679419,103.26359216691812,12.301095209720254,0,normal
2026-01-02 18:07:00,P-101,65.87628270583882,2.150488348443371,5.106306704293862,103.61261172948504,12.027702402690815,0,normal
2026-01-02 18:08:00,P-101,65.45033212099183,2.275862701338087,5.087816452332475,106.23476219319922,11.89000563325599,0,normal
2026-01-02 18:09:00,P-101,64.87521719043637,2.1274067667091696,5.029321723377334,100.50993146135784,11.6054030467068,0,normal
2026-01-02 18:10:00,P-101,65.12427637528113,2.057687753621575,5.072902395635086,103.41045823132288,12.35448365093955,0,normal
2026-01-02 18:11:00,P-101,64.69041162559111,2.34325290616544,5.065660465462428,100.90266652262838,12.150412790973077,0,normal
2026-01-02 18:12:00,P-101,65.21932557854159,2.0946964405772457,5.012803330583172,103.58214884442788,12.12505917475867,0,normal
2026-01-02 18:13:00,P-101,65.68631617481532,2.4427776709259854,5.081840985145691,100.94050460088548,11.940160210656405,0,normal
2026-01-02 18:14:00,P-101,64.52539207046716,2.149060336274746,4.94263339913774,101.85463427882544,11.949839345524136,0,normal
2026-01-02 18:15:00,P-101,63.949900001655614,2.407224166379361,5.020490121623073,102.08632617559016,11.84744245557938,0,normal
2026-01-02 18:16:00,P-101,65.47293656695469,2.0649437161534574,5.10237179604858,104.38539013495206,12.045270575136584,0,normal
2026-01-02 18:17:00,P-101,65.10751256108674,2.2907407503784274,5.112585309512809,104.29340789396971,11.704784793795058,0,normal
2026-01-02 18:18:00,P-101,64.2246408822534,2.2445749248059124,5.036345275504924,100.40900561266258,11.865057437686175,0,normal
2026-01-02 18:19:00,P-101,64.53052176104151,2.28460046851388,5.000073746752874,102.76112174097756,12.02064614895911,0,normal
2026-01-02 18:20:00,P-101,64.49892947142791,2.3033562420459694,5.076727302825976,101.3957758340166,12.163849284458582,0,normal
2026-01-02 18:21:00,P-101,64.53065158603474,2.150408064161254,4.957327614064672,100.41832508029847,12.00456445973428,0,normal
2026-01-02 18:22:00,P-101,64.86943707422796,2.0782391431545264,5.145633155527603,102.30345203651798,12.228088183870652,0,normal
2026-01-02 18:23:00,P-101,64.94374922106267,2.208280223405525,5.015564000496186,102.14909633211626,12.334299910986172,0,normal
2026-01-02 18:24:00,P-101,64.7254230245178,2.2392674715084904,4.963051909733783,107.08257083282,12.42411114374942,0,normal
2026-01-02 18:25:00,P-101,64.57691865731636,2.1607841253120275,4.951409729310086,103.5037572071245,12.199214685689446,0,normal
2026-01-02 18:26:00,P-101,64.85479279644483,2.2281556964436913,5.005600037867058,100.2544983285487,12.010007485692618,0,normal
2026-01-02 18:27:00,P-101,65.0584802339246,2.2271889229764312,5.027060051711705,101.72722827188817,11.855659246473932,0,normal
2026-01-02 18:28:00,P-101,64.89441674995207,2.1204270123272377,5.183793506034825,104.59175380882483,12.285741424540609,0,normal
2026-01-02 18:29:00,P-101,65.93919408295905,2.2607611873447255,4.992522380682893,106.52173343158894,12.531601479391972,0,normal
2026-01-02 18:30:00,P-101,65.35333155782185,2.1759158883103455,5.001931040306331,99.91686863550554,12.06592726699525,0,normal
2026-01-02 18:31:00,P-101,64.09382374531522,2.1446160302394763,4.919807560440956,99.39670589367007,12.365353006495328,0,normal
2026-01-02 18:32:00,P-101,65.29828222907474,2.2739214202859115,5.027084828008401,106.15706677333397,11.879597661587802,0,normal
2026-01-02 18:33:00,P-101,65.34955398892738,2.1172666388588457,5.1528702679918235,103.49922258869692,11.874144000705,0,normal
2026-01-02 18:34:00,P-101,64.79034213060034,2.162666939281648,4.932890516130202,101.24340517511214,12.208342456803017,0,normal
2026-01-02 18:35:00,P-101,64.08627939977295,2.2138516943352373,5.078862033312626,103.77690636278784,12.166165232914285,0,normal
2026-01-02 18:36:00,P-101,65.0770302579319,2.3456353751299575,5.008286478897331,98.0782963766323,12.205105326613332,0,normal
2026-01-02 18:37:00,P-101,65.02369079192724,2.2225585695313677,5.02667412419452,102.83661240395946,12.082004043973436,0,normal
2026-01-02 18:38:00,P-101,64.24616917564623,2.2499990308923605,5.0706439054994235,103.4283341876002,11.929254941122338,0,normal
2026-01-02 18:39:00,P-101,64.08910559424466,2.1739383846647637,4.963893441614416,104.5094868350446,12.09256595661033,0,normal
2026-01-02 18:40:00,P-101,64.84659796360557,2.181123353996687,5.126224143893838,101.02815683475887,11.72430791085802,0,normal
2026-01-02 18:41:00,P-101,64.80115177182874,2.1897010705522444,5.164885178733477,103.01459940748305,11.864719847605084,0,normal
2026-01-02 18:42:00,P-101,64.80946554692832,2.238552113246032,5.015313476018029,101.20161471748774,12.230537241108236,0,normal
2026-01-02 18:43:00,P-101,65.0418841907429,2.181386233361252,5.202956523728956,103.33390945860071,12.274574766651943,0,normal
2026-01-02 18:44:00,P-101,64.32193286255938,2.3384271320382024,4.984760621559279,101.2692576767774,12.110678587264536,0,normal
2026-01-02 18:45:00,P-101,64.61949540925795,2.1514980970207493,5.049558081558665,102.15278419887254,11.720368021774082,0,normal
2026-01-02 18:46:00,P-101,65.33313566733331,2.0277301033290613,5.111244279911726,101.10120454475096,11.961355421239952,0,normal
2026-01-02 18:47:00,P-101,64.72952383374945,2.4693658759773216,5.008588143197729,104.0718455413333,11.877155388507989,0,normal
2026-01-02 18:48:00,P-101,64.04231031678034,2.1820165507279685,4.947801180812118,104.45096149336788,12.368835495558589,0,normal
2026-01-02 18:49:00,P-101,64.67802609527236,2.329634244514013,4.912071829351503,102.48920239448228,11.957931645121947,0,normal
2026-01-02 18:50:00,P-101,64.2597470095631,2.335376228292269,5.174117240994398,102.98593815212108,11.872428602407322,0,normal
2026-01-02 18:51:00,P-101,65.17903240821161,2.295137867283493,4.966118830600977,100.31505561456916,12.01541090146136,0,normal
2026-01-02 18:52:00,P-101,65.1875109895726,2.1779420411688677,5.010881749754745,102.38833231940404,11.943619078215198,0,normal
2026-01-02 18:53:00,P-101,64.05550409818584,2.243949351072207,4.950530829543718,102.84243150261922,12.382021727119318,0,normal
2026-01-02 18:54:00,P-101,65.52230017600607,2.075856607084097,5.142934709510235,107.65509599571924,12.08269070036474,0,normal
2026-01-02 18:55:00,P-101,64.18901148556877,2.38894992954181,4.954698961802441,100.9408151948162,11.74837880399956,0,normal
2026-01-02 18:56:00,P-101,65.92137954092088,2.104294948994002,5.0214353958831115,105.58238078194046,11.73688872030671,0,normal
2026-01-02 18:57:00,P-101,65.01596845553607,2.18005824972151,5.068421746150001,104.74553167908708,12.13620864988993,0,normal
2026-01-02 18:58:00,P-101,64.18684408979823,2.2095557760010176,4.9601215201582765,103.46047350654658,11.991428182424812,0,normal
2026-01-02 18:59:00,P-101,64.22199618034628,2.185174553235907,5.048747287564812,106.12480464308072,11.897963217990077,0,normal
2026-01-02 19:00:00,P-101,65.34765276811069,2.1481859093076805,5.134483219990007,103.63285487247776,12.346830938425487,0,normal
2026-01-02 19:01:00,P-101,64.83086726539467,2.349172441643026,5.066649268310539,103.6671460484358,12.243463410938922,0,normal
2026-01-02 19:02:00,P-101,64.96538147209864,2.298251529874592,5.037882498447166,102.87445379771808,12.080590038144097,0,normal
2026-01-02 19:03:00,P-101,66.19815508226478,2.249330198262478,5.066797761966985,105.17572323045144,12.428136945747717,0,normal
2026-01-02 19:04:00,P-101,64.64384376219944,2.171284969137278,5.022260430529671,104.94998872480302,12.281006868423813,0,normal
2026-01-02 19:05:00,P-101,65.00083230005632,2.3020683234763455,5.15826052491656,101.8529862533716,11.89101840729746,0,normal
2026-01-02 19:06:00,P-101,65.85652950343206,2.145968060909623,4.949221380023492,100.60723791608775,11.81037310468448,0,normal
2026-01-02 19:07:00,P-101,65.26059208558365,2.36672584992298,5.040954944117205,102.619011277973,12.242166647229965,0,normal
2026-01-02 19:08:00,P-101,63.99969338198788,2.216148966973554,5.023517954422931,101.54661647789348,12.125671885630274,0,normal
2026-01-02 19:09:00,P-101,65.37056710378313,2.3277854951152426,5.099358044451031,102.87446689517118,12.120183560449268,0,normal
2026-01-02 19:10:00,P-101,64.23958377299806,2.1881077537310474,5.1294035821518635,105.21814064363085,11.987244658735143,0,normal
2026-01-02 19:11:00,P-101,65.9797595601728,2.214620137232252,5.019452337786832,102.1693654100926,12.186670475703927,0,normal
2026-01-02 19:12:00,P-101,64.44287961497065,2.319998512799504,5.049516635507153,102.91699809892398,11.936410166340927,0,normal
2026-01-02 19:13:00,P-101,66.9555911504707,2.4222965118017035,5.0539965149240444,103.09990821500674,12.072599915531468,0,normal
2026-01-02 19:14:00,P-101,66.10258085739505,2.373040849177011,4.886188536238612,104.52384521285542,12.42510418566306,0,normal
2026-01-02 19:15:00,P-101,64.42495293946438,2.281170731620364,4.878303590902054,98.95328630754987,11.836431742064468,0,normal
2026-01-02 19:16:00,P-101,64.92291754633641,2.2486321802198006,4.9767101331546595,101.90645915051968,11.742595923101018,0,normal
2026-01-02 19:17:00,P-101,65.45167499796679,2.144940126963185,4.99448287202119,103.37947793675706,11.89087489972869,0,normal
2026-01-02 19:18:00,P-101,65.63315783231513,2.2436690911468604,4.967647950652644,105.15977201901332,12.353652925907925,0,normal
2026-01-02 19:19:00,P-101,65.32755182080908,2.113270310380277,5.0736156106703865,102.1144830674232,12.114380719498737,0,normal
2026-01-02 19:20:00,P-101,65.80091511137557,2.236093840493917,4.9963703407624696,99.62220512912462,11.962890678135988,0,normal
2026-01-02 19:21:00,P-101,64.92764519311042,2.244870781317673,5.026125262439655,104.1153880756734,12.021642881207889,0,normal
2026-01-02 19:22:00,P-101,64.81509647372866,2.010025538230677,4.930628906760071,101.85597759755883,12.152751309437404,0,normal
2026-01-02 19:23:00,P-101,64.72410762497475,2.1981103428763986,5.005459532545778,100.85776730429134,11.855912048930696,0,normal
2026-01-02 19:24:00,P-101,65.5990235193728,2.2461824520335876,4.834879046876232,101.8746979796134,12.117374053116922,0,normal
2026-01-02 19:25:00,P-101,65.21416804176171,2.188977627493524,5.015248472893007,102.66554146494164,11.933715330185658,0,normal
2026-01-02 19:26:00,P-101,65.14653358263094,2.2309133638779177,5.023504149103714,101.90812922871712,11.877711999806504,0,normal
2026-01-02 19:27:00,P-101,65.46204534966994,2.0595584142532566,5.007188532798238,99.0254483895733,11.843265964722198,0,normal
2026-01-02 19:28:00,P-101,63.68892980670777,2.1249408690797207,4.936600869953267,104.60879933968164,12.063182490893658,0,normal
2026-01-02 19:29:00,P-101,65.25364312337078,2.3094479177851848,5.068610006203909,105.28728346355052,12.148852536719774,0,normal
2026-01-02 19:30:00,P-101,65.2022683450746,2.2069370028281994,4.968734726965587,104.16349158561049,12.171995906590537,0,normal
2026-01-02 19:31:00,P-101,65.83641994013396,2.2056101481073203,4.952536880966678,100.94097692271414,11.290556249395737,0,normal
2026-01-02 19:32:00,P-101,63.97743428437973,2.142035480826413,5.076495208334623,102.62400113270373,11.917189922431758,0,normal
2026-01-02 19:33:00,P-101,66.01597411223763,2.202384008178284,5.170714341213904,102.97263805787216,12.010865146264956,0,normal
2026-01-02 19:34:00,P-101,65.19699726056317,1.9867109336164392,5.044192240791957,104.05971276757698,12.422803790748976,0,normal
2026-01-02 19:35:00,P-101,65.28615630397313,2.280979834875689,4.984625500400757,104.18221825055733,11.909466025840294,0,normal
2026-01-02 19:36:00,P-101,66.11811870350758,2.384081454359417,5.029755243987121,101.65483126614214,12.082204261604248,0,normal
2026-01-02 19:37:00,P-101,65.50191630394337,2.1092035570487937,5.096940953461364,103.12089124364232,12.392632799256438,0,normal
2026-01-02 19:38:00,P-101,65.20815993591965,2.1000148438512136,5.081401586625663,103.7931757014571,11.85120156505426,0,normal
2026-01-02 19:39:00,P-101,65.24373250318104,2.2539443592419808,5.247889297833439,105.58713967609768,12.246409235455811,0,normal
2026-01-02 19:40:00,P-101,64.67400754020967,2.3460471665313625,4.992238138098072,104.23117679346991,11.966480937017192,0,normal
2026-01-02 19:41:00,P-101,64.99214340010046,2.2010087060939587,5.061452101682405,104.37958980880542,12.030460945806317,0,normal
2026-01-02 19:42:00,P-101,64.51131421068521,2.074370770337608,5.139486415826647,103.10621590873716,11.932564310471452,0,normal
2026-01-02 19:43:00,P-101,64.97744663344058,2.1798714326867437,5.158931270073446,105.49001234821492,12.01832890876327,0,normal
2026-01-02 19:44:00,P-101,63.710865462509226,2.123203410893969,4.900338892992425,103.68443478491317,12.654915473128694,0,normal
2026-01-02 19:45:00,P-101,65.35260780479435,2.1415418948131726,5.013688942626174,101.39239760289726,12.210663102501252,0,normal
2026-01-02 19:46:00,P-101,65.05536164633564,2.1849662742326665,5.158553797390315,105.46373437809063,12.38425960369996,0,normal
2026-01-02 19:47:00,P-101,64.85989188513574,2.1160303199151667,5.244235266366585,104.18902570386462,12.224069468483238,0,normal
2026-01-02 19:48:00,P-101,65.05277262537469,2.11191569853267,5.070568422340407,102.13027104778496,11.742656773753158,0,normal
2026-01-02 19:49:00,P-101,64.1174545526008,2.21308438316832,4.994843897637156,102.05943281959092,12.140774578652389,0,normal
2026-01-02 19:50:00,P-101,66.36536550111504,2.2342281530207178,4.963865236753847,103.4509457424464,12.31811429517486,0,normal
2026-01-02 19:51:00,P-101,64.91278833339514,2.0552690732878554,5.192764555546032,103.74525205188728,11.941677666748795,0,normal
2026-01-02 19:52:00,P-101,65.00701317866533,2.2512738362620492,5.083620666667824,103.26087556152206,12.290891600277886,0,normal
2026-01-02 19:53:00,P-101,64.45812763524499,2.17159349046759,4.9752368743005,103.46015591824792,12.244671919518252,0,normal
2026-01-02 19:54:00,P-101,65.20772070478989,2.2939867873493034,5.045315009652745,105.95359552961088,12.54901587485106,0,normal
2026-01-02 19:55:00,P-101,65.92284862332721,2.280486860028738,5.069874490011847,104.81614338338376,12.060927698998787,0,normal
2026-01-02 19:56:00,P-101,65.63036503114526,2.140633824191859,5.070306716985247,103.22402512130787,11.87719855718409,0,normal
2026-01-02 19:57:00,P-101,65.57804063689484,2.2640040378213153,4.98271247140948,104.56857774376844,12.064731710438544,0,normal
2026-01-02 19:58:00,P-101,65.46624206629465,2.1289995671970807,4.967095030911669,101.00883601804544,12.317379279174087,0,normal
2026-01-02 19:59:00,P-101,64.67651357309741,2.3220409166850273,4.920060892702505,103.57663120686124,11.741617760037446,0,normal
2026-01-02 20:00:00,P-101,63.97676181161923,2.1108712793649915,5.133882570056385,106.10992097840506,11.769622486265945,0,normal
2026-01-02 20:01:00,P-101,64.90134230651968,2.2389341046606086,5.0006198870477805,102.45331797217024,12.091478594951427,0,normal
2026-01-02 20:02:00,P-101,64.82948370511109,2.1792733891993405,5.045767665492513,101.31251500496828,11.950857591594216,0,normal
2026-01-02 20:03:00,P-101,65.69965349148107,2.100360503512786,5.116125860526513,101.65677649261708,12.051248873413648,0,normal
2026-01-02 20:04:00,P-101,65.27631929140168,2.2986876337559936,5.02400393836264,100.86130283964636,12.214901439436565,0,normal
2026-01-02 20:05:00,P-101,66.02404366592692,2.1358486674321355,5.0061120924149405,101.40200257313758,11.931546207970356,0,normal
2026-01-02 20:06:00,P-101,65.66972102676746,2.0175760378727574,5.034968678532151,102.13941751502756,11.689581359264702,0,normal
2026-01-02 20:07:00,P-101,64.84920447539287,1.928475991862686,5.007102516618593,100.26789643490773,12.41693320448722,0,normal
2026-01-02 20:08:00,P-101,63.79294318789349,2.1078986352082216,5.115405974439196,102.81744245877404,11.885077616275463,0,normal
2026-01-02 20:09:00,P-101,65.87274032486835,2.334404147393484,5.065805374825079,104.40466869973632,11.92033263658967,0,normal
2026-01-02 20:10:00,P-101,65.9728064095299,2.33596881982807,4.97326870336217,101.1376774732694,12.254874326942602,0,normal
2026-01-02 20:11:00,P-101,64.14276932622191,2.1316609438004885,5.128321909012065,105.49724750297824,12.088019600881044,0,normal
2026-01-02 20:12:00,P-101,66.01513196442765,2.1664546172772656,5.1228608013091,103.6726896364016,12.097502718685089,0,normal
2026-01-02 20:13:00,P-101,65.3304595681713,2.1628896532771034,4.95230552145776,104.59886653351916,12.234524020817638,0,normal
2026-01-02 20:14:00,P-101,65.19657252114558,2.0771855794394902,5.122795948263493,101.55010763297248,12.263219849611174,0,normal
2026-01-02 20:15:00,P-101,66.0710239035051,2.107564217208446,5.068155573426545,104.26257493019516,12.0611851092695,0,normal
2026-01-02 20:16:00,P-101,65.98830650444911,2.311173368151417,5.027318897877127,100.74900013668648,12.326460405283454,0,normal
2026-01-02 20:17:00,P-101,65.31908064334029,2.238470561371473,5.11353183274018,104.30681085284245,11.702044355838312,0,normal
2026-01-02 20:18:00,P-101,65.39231183152306,2.236991255995306,4.990345588018802,103.0033935389102,12.24205925355792,0,normal
2026-01-02 20:19:00,P-101,65.3805239639961,2.064184501708357,5.103586377148232,103.6794861154867,11.942479071861069,0,normal
2026-01-02 20:20:00,P-101,64.84186962760454,2.2217168310751902,4.979195209942754,100.55694928244036,12.291162741794809,0,normal
2026-01-02 20:21:00,P-101,64.98516387475547,1.972013196431938,4.907264598671076,101.05111462507996,12.059942334518508,0,normal
2026-01-02 20:22:00,P-101,64.40551670694566,2.2833685956897245,4.967420137293736,103.72630768312216,11.977208164091785,0,normal
2026-01-02 20:23:00,P-101,64.83972123889755,2.2322800150026114,5.0490231631759235,100.93316348726984,12.160563123222422,0,normal
2026-01-02 20:24:00,P-101,64.86056942251176,2.076777491206767,4.968444129859473,103.46269136591,12.28251841041875,0,normal
2026-01-02 20:25:00,P-101,64.63362881802672,2.3669656766953815,5.114271728319175,100.15663996958996,12.133078023659426,0,normal
2026-01-02 20:26:00,P-101,65.0601988752714,2.017105093917415,5.124575923001921,104.13260812611458,11.918038995856826,0,normal
2026-01-02 20:27:00,P-101,64.75947503111834,2.249609199261956,5.097096725172079,100.37559835497714,11.914464525924895,0,normal
2026-01-02 20:28:00,P-101,65.36371931230306,2.259776233363497,5.044498160265769,103.57636596883498,12.10647641164076,0,normal
2026-01-02 20:29:00,P-101,63.981414452163705,2.080138424728141,5.055013195582227,103.69628823715796,12.102636716584726,0,normal
2026-01-02 20:30:00,P-101,64.99249074491978,2.203777372186362,4.929477482401791,101.30373121988904,12.18906103168434,0,normal
2026-01-02 20:31:00,P-101,64.98219385372973,2.0245098200834977,5.105636630367995,103.593178465697,11.704815107469589,0,normal
2026-01-02 20:32:00,P-101,64.8530125763551,1.9216393206243547,5.056606140357661,103.00177985050644,12.156918806425894,0,normal
2026-01-02 20:33:00,P-101,64.88392488617922,2.0927529648560013,5.055215046975958,101.5503653205499,11.98851468872917,0,normal
2026-01-02 20:34:00,P-101,63.91816129823278,2.13245992922605,5.125102063329378,100.69202365276765,11.853060586306238,0,normal
2026-01-02 20:35:00,P-101,65.16883371080621,2.257239742969199,4.947199417042644,98.961682591897,11.82035312220299,0,normal
2026-01-02 20:36:00,P-101,65.43858767613594,2.208757241359494,5.0222762095882185,103.11061180796312,12.0504108213353,0,normal
2026-01-02 20:37:00,P-101,65.0650616878592,2.180127396981672,5.019379730164061,99.65127656561089,11.269321276076424,0,normal
2026-01-02 20:38:00,P-101,65.65365604015034,2.096098803558833,4.960780208730585,102.62606871126944,11.938524147179772,0,normal
2026-01-02 20:39:00,P-101,65.09033670090871,2.1423522932701564,5.006534268106164,101.96661855955432,11.883835591857371,0,normal
2026-01-02 20:40:00,P-101,65.38675742585428,2.1156490142623614,5.071001566521824,103.6495079789136,12.216041881231932,0,normal
2026-01-02 20:41:00,P-101,65.06470128479187,2.0733017198450097,4.995914961071186,101.8694450067285,11.89497801369975,0,normal
2026-01-02 20:42:00,P-101,65.45081350530356,2.1410764044519546,5.109689738281403,101.80604796003652,12.011158678766996,0,normal
2026-01-02 20:43:00,P-101,64.12163320389317,2.2242320919243816,4.931257283951625,103.70220032788146,12.419521335368705,0,normal
2026-01-02 20:44:00,P-101,64.51999945684089,2.1542592436034775,5.108329681711119,102.97356948947848,12.28807738864744,0,normal
2026-01-02 20:45:00,P-101,66.12535660598105,2.1783779420757363,5.075533298392833,102.92503151557123,12.268205225455828,0,normal
2026-01-02 20:46:00,P-101,63.39917836078724,2.269315669108257,4.9920417277077425,103.18597288367032,11.99560470042794,0,normal
2026-01-02 20:47:00,P-101,64.94230240794512,2.1537437652545397,4.93091597430134,99.5624574077439,12.095480178090249,0,normal
2026-01-02 20:48:00,P-101,65.78418035091268,2.069140665720347,4.891117810316068,103.67375935230392,12.063433220478398,0,normal
2026-01-02 20:49:00,P-101,64.96134242408235,2.2588552786383533,4.97832668382807,103.39889346970376,12.062748161955724,0,normal
2026-01-02 20:50:00,P-101,64.77015825440562,2.2304038735192355,5.077814248503834,100.4511882653624,12.095472716710182,0,normal
2026-01-02 20:51:00,P-101,65.06151279487501,2.2302818018109543,5.014339005002913,101.826500584242,11.935396299843074,0,normal
2026-01-02 20:52:00,P-101,64.89786769126663,2.2771433866985107,5.103204462539045,102.17958009116164,12.36398802362349,0,normal
2026-01-02 20:53:00,P-101,65.02976523407759,2.2467742171634333,4.976534904634799,101.99258795785175,12.027751610815963,0,normal
2026-01-02 20:54:00,P-101,64.62869589876006,2.2112035632469187,5.077695843455052,102.8198412247592,12.208267349994708,0,normal
2026-01-02 20:55:00,P-101,65.87271439774307,2.4565253834019916,4.997569375210123,104.7794277356032,12.434502927919556,0,normal
2026-01-02 20:56:00,P-101,66.04074586582973,2.0847172587568963,4.973750609486064,104.13408599207531,12.330353334677294,0,normal
2026-01-02 20:57:00,P-101,64.81266345872768,2.1298573770768865,4.990588242691941,99.80871478938884,11.71247762314356,0,normal
2026-01-02 20:58:00,P-101,64.1643026903977,2.3042215294789044,4.986193392966005,103.27410487584044,12.18720232527719,0,normal
2026-01-02 20:59:00,P-101,64.7666172499939,2.22650037900357,4.937302404886789,104.52999553193936,12.30604374485031,0,normal
2026-01-02 21:00:00,P-101,64.97242232713272,2.28630829839537,5.015413727757813,102.8175756808002,12.262899874856156,0,normal
2026-01-02 21:01:00,P-101,65.29338740154687,2.212951315131947,5.048134069576664,104.06835904264732,11.899391804456492,0,normal
2026-01-02 21:02:00,P-101,64.35875210286424,2.339001163450306,5.1458833547251075,105.70982519203832,12.039887708357684,0,normal
2026-01-02 21:03:00,P-101,64.61075459387332,2.1119014974070436,5.104710706436273,103.91343090369588,12.3163145742592,0,normal
2026-01-02 21:04:00,P-101,65.30489142995484,2.33115478212314,5.11041999184571,102.50239678994116,11.922719829561707,0,normal
2026-01-02 21:05:00,P-101,65.6304464125037,2.319403154655054,5.08960063978706,103.91756148995138,12.05758763336568,0,normal
2026-01-02 21:06:00,P-101,64.73021345152529,2.0943138978211024,5.046081249527536,102.27983564010373,12.383570231103503,0,normal
2026-01-02 21:07:00,P-101,64.1515309920805,2.265137635520041,4.934419594333235,102.04457377862671,12.051777363281843,0,normal
2026-01-02 21:08:00,P-101,67.09799223589145,2.191503481639694,5.024004953572332,101.35138997168625,11.89518687158382,0,normal
2026-01-02 21:09:00,P-101,65.4979081569929,2.1380572727035503,5.089579009999489,104.78034455863316,11.967886865386417,0,normal
2026-01-02 21:10:00,P-101,64.85472721965849,2.014370042720464,5.106772381918881,100.47517254629496,12.080799042305886,0,normal
2026-01-02 21:11:00,P-101,65.52078057823717,2.0938798042187967,5.0949264929074465,104.68862949862194,11.874029283263216,0,normal
2026-01-02 21:12:00,P-101,64.93131596082866,2.2722069591776624,5.114947114342167,102.81202739197876,12.03489362898008,0,normal
2026-01-02 21:13:00,P-101,65.58041884171732,2.2833003399320217,4.921513220321479,99.37530727170464,12.047905325149143,0,normal
2026-01-02 21:14:00,P-101,65.221189781305,2.1923671465424346,5.00252573313355,102.53749669639168,12.335954865001284,0,normal
2026-01-02 21:15:00,P-101,65.08586605784346,2.2847315799182764,5.010826891297855,98.07723413415658,12.075826640098697,0,normal
2026-01-02 21:16:00,P-101,64.90731590109941,2.292371049555062,5.110913044264527,102.9646355912548,11.946126044141208,0,normal
2026-01-02 21:17:00,P-101,64.17753285456351,2.228987506870008,5.023968632015138,103.4134637223862,12.338087775184327,0,normal
2026-01-02 21:18:00,P-101,66.24651334151315,2.1262525412615645,5.001578982417599,100.73501995580396,11.962147591164625,0,normal
2026-01-02 21:19:00,P-101,64.32255360521748,2.236625485954881,5.068147311834471,102.00474904142617,11.813001866832902,0,normal
2026-01-02 21:20:00,P-101,64.15939059119462,2.2536591468569163,4.9739974334761206,105.28083913762794,12.124016902275743,0,normal
2026-01-02 21:21:00,P-101,64.97106882288408,2.279900467226543,5.120857273340521,100.833895485288,12.312650704787782,0,normal
2026-01-02 21:22:00,P-101,64.38470943676671,2.287645025920057,4.936650294476742,99.81898209942796,12.027617472995823,0,normal
2026-01-02 21:23:00,P-101,65.01317635324358,2.069130933334479,4.909425537117204,104.37267967663549,12.133684763165022,0,normal
2026-01-02 21:24:00,P-101,65.61644984099773,2.168367457112863,5.052893761361699,105.21890707651184,12.484009541235926,0,normal
2026-01-02 21:25:00,P-101,65.56432235658822,2.0006950621448447,5.135625738250139,101.67336290838492,11.76392991784066,0,normal
2026-01-02 21:26:00,P-101,65.47599390120656,2.268576053224388,5.075728738300647,103.46770191772944,11.846911234721327,0,normal
2026-01-02 21:27:00,P-101,64.73067071463005,2.1706924609437577,5.092996150589704,104.04198125794494,11.798090143544982,0,normal
2026-01-02 21:28:00,P-101,65.06116565308051,2.2463878030812237,5.005607091025177,100.27100876636791,12.08265990028705,0,normal
2026-01-02 21:29:00,P-101,65.28427276022366,2.054620853997018,4.996473440183622,100.7139864992604,12.054718220400838,0,normal
2026-01-02 21:30:00,P-101,64.0051519532344,2.356979659688935,4.929687042306746,103.78306981782636,12.422039367990749,0,normal
2026-01-02 21:31:00,P-101,65.43601733614105,2.0880103442310034,4.887646795912011,104.58038339653044,12.186106517323267,0,normal
2026-01-02 21:32:00,P-101,64.05113771476039,2.2772714449170897,5.03914216164651,102.54030979556497,11.995377861971088,0,normal
2026-01-02 21:33:00,P-101,66.3255438034035,2.211717132988031,5.091109751235081,99.92313076312642,11.998052897469416,0,normal
2026-01-02 21:34:00,P-101,64.79846711734191,2.188073084802697,5.074720219401527,105.06308600635624,12.17543406388288,0,normal
2026-01-02 21:35:00,P-101,64.76816406482905,2.160222038482273,5.0487531279779345,100.51011610842934,11.680951228587247,0,normal
2026-01-02 21:36:00,P-101,64.69825473726891,2.1588867678425023,5.1192803583567335,100.84201301619652,12.567326719352874,0,normal
2026-01-02 21:37:00,P-101,64.64833861191372,2.3361275185609243,5.043421452317805,102.0407772716931,12.165197521771177,0,normal
2026-01-02 21:38:00,P-101,66.5369748226054,2.207982883739487,5.033426924979149,104.2012782000683,12.168040007606567,0,normal
2026-01-02 21:39:00,P-101,65.68496261525935,2.081503254696587,4.971904062418499,102.9200798814004,12.210635193297728,0,normal
2026-01-02 21:40:00,P-101,64.0648188379936,2.1698097429210534,5.162642173406747,102.1087293998701,12.205144078113424,0,normal
2026-01-02 21:41:00,P-101,65.99073562123061,2.214319301095746,5.058606896703017,102.17485521622596,12.037134959386291,0,normal
2026-01-02 21:42:00,P-101,65.74610111039291,2.2864083717503583,4.9479293190169065,101.39814391312598,11.91569609014564,0,normal
2026-01-02 21:43:00,P-101,64.88335777069743,2.1470975560836867,4.941050951960859,102.30326887069457,12.188988203385176,0,normal
2026-01-02 21:44:00,P-101,65.19195613337247,2.145376986825611,5.054955758233478,96.72412973484548,11.978866060151654,0,normal
2026-01-02 21:45:00,P-101,64.94117594219605,2.1967305948655698,4.934599939114284,100.72208578628666,11.859684553770718,0,normal
2026-01-02 21:46:00,P-101,66.39903311755221,2.3006974739560695,5.146457616611811,101.66892255866551,12.33387479903342,0,normal
2026-01-02 21:47:00,P-101,64.4939286767765,2.0644408092542665,4.7984596585643615,99.14120543607112,12.03290657034673,0,normal
2026-01-02 21:48:00,P-101,65.16580592097459,2.258638208770074,5.11844992028495,101.88682564396514,12.20256864177248,0,normal
2026-01-02 21:49:00,P-101,64.82755821308096,2.1656911959272813,5.042099985437233,100.80173486558954,12.302436223503667,0,normal
2026-01-02 21:50:00,P-101,64.11528897329761,2.172901340259346,5.051380675154612,104.30790655406317,12.133614960854862,0,normal
2026-01-02 21:51:00,P-101,66.48830716957478,2.4074424092317233,5.027294731737703,103.9576822190626,12.1821208679687,0,normal
2026-01-02 21:52:00,P-101,64.2914758284321,2.187152403813266,5.135010325737995,100.26592363364136,12.169983156710463,0,normal
2026-01-02 21:53:00,P-101,65.1008584042868,2.270643595878829,5.057603366074513,100.81092459864288,11.879355521199276,0,normal
2026-01-02 21:54:00,P-101,63.88206507084104,2.2734365797189944,4.946048936509745,100.92731891324269,12.03862989996648,0,normal
2026-01-02 21:55:00,P-101,64.75175887375609,2.083272434220333,4.88192994421943,100.22536411414517,12.031870640754583,0,normal
2026-01-02 21:56:00,P-101,65.22171185199977,2.0094528095426263,5.026083392240177,101.36725873198652,11.849806051622917,0,normal
2026-01-02 21:57:00,P-101,64.62226310091522,2.3001942306807504,4.996216080066282,99.62910594139004,12.452400535976478,0,normal
2026-01-02 21:58:00,P-101,65.27174543077663,2.0791110067892578,4.882975683900783,98.9366446517069,11.686640650852729,0,normal
2026-01-02 21:59:00,P-101,64.75599428361258,2.0256812466388787,5.016825564261889,102.07031110456523,11.802488552399526,0,normal
2026-01-02 22:00:00,P-101,65.86768163782295,2.315602279171718,4.9804266180320464,102.0602042347241,12.32465144218244,0,normal
2026-01-02 22:01:00,P-101,65.92937010910758,2.103111671243748,4.9952187599059235,99.45684551244553,12.126358615532672,0,normal
2026-01-02 22:02:00,P-101,64.57298285618806,2.117533046792998,5.075752260326085,102.4937607510696,11.869619859035932,0,normal
2026-01-02 22:03:00,P-101,65.08947529399224,2.4019629081245664,5.10171003377934,99.7227337456858,12.113139815390912,0,normal
2026-01-02 22:04:00,P-101,65.23556782119591,2.047320472317725,5.07654894001171,101.29267074658604,12.332350211397044,0,normal
2026-01-02 22:05:00,P-101,65.42451350400988,2.076878420085289,4.972408553234862,102.29094057229764,12.062675605649533,0,normal
2026-01-02 22:06:00,P-101,65.198942624165,2.1756981087933203,5.033135224352338,100.73111653342944,12.5416980760178,0,normal
2026-01-02 22:07:00,P-101,65.01962051530525,2.1640867036431173,5.020291516116972,101.58740176125303,11.702809690663983,0,normal
2026-01-02 22:08:00,P-101,64.88842664432953,2.115955854982104,4.904915936200806,99.81649630249694,12.133259579846728,0,normal
2026-01-02 22:09:00,P-101,65.16044354305673,2.09391021935627,5.031572148251745,100.36958533232854,12.244393227214058,0,normal
2026-01-02 22:10:00,P-101,65.90951798462802,2.358525930595215,5.133264954814071,100.32978911598308,12.188162453800542,0,normal
2026-01-02 22:11:00,P-101,65.39865161507927,2.223864041929508,4.995605490061439,99.33356277683488,11.939135737975915,0,normal
2026-01-02 22:12:00,P-101,65.43901574231852,2.2565968260415272,4.891769574725034,100.33623623058122,11.951998790515209,0,normal
2026-01-02 22:13:00,P-101,65.47844684725008,2.1872433265226556,4.980557830392695,97.84390234150918,12.024146104462726,0,normal
2026-01-02 22:14:00,P-101,64.95423210242572,2.235140672948587,4.912282997484009,99.72428514121376,12.154879451566828,0,normal
2026-01-02 22:15:00,P-101,65.25017191718528,2.2981969476947977,5.06117733626187,100.07249507798298,12.122669539595964,0,normal
2026-01-02 22:16:00,P-101,64.36850187552459,2.1088117861389324,5.037750753313413,100.1010203892655,12.21104218983664,0,normal
2026-01-02 22:17:00,P-101,65.75449909146508,2.218457784207119,4.9890791646888895,100.10428684321218,11.799354613883018,0,normal
2026-01-02 22:18:00,P-101,63.17938017371969,2.2682675975971085,4.980864618800993,100.40461174109,11.966584156407974,0,normal
2026-01-02 22:19:00,P-101,64.89178576009206,2.34858627350815,4.998699151609527,101.35555527226153,11.852663471743094,0,normal
2026-01-02 22:20:00,P-101,65.73601054917152,2.394152316725758,5.021013555889555,102.04343412855924,11.984080468639547,0,normal
2026-01-02 22:21:00,P-101,64.17695392444824,2.2142394747047276,4.938707947439731,99.27643989336389,12.181337375163777,0,normal
2026-01-02 22:22:00,P-101,65.2491137135409,2.3126360969218505,4.885426705891022,98.2569421561123,11.969305048828415,0,normal
2026-01-02 22:23:00,P-101,64.72448063391631,1.952066500856294,5.064945767004047,98.52368407354209,12.477082354836217,0,normal
2026-01-02 22:24:00,P-101,64.7685561849772,2.35617438320624,4.968012276070633,99.49903444254204,12.023652306714204,0,normal
2026-01-02 22:25:00,P-101,65.61609117116942,2.1275521534569224,5.008884555494878,99.7191538203038,12.003512990725062,0,normal
2026-01-02 22:26:00,P-101,65.12507351133439,2.175471570473674,5.009401836722901,98.94321001411772,11.989532884311576,0,normal
2026-01-02 22:27:00,P-101,63.61173609277819,2.2365752949399056,5.002269067293219,97.97276337173534,11.811621162580073,0,normal
2026-01-02 22:28:00,P-101,64.35561856453829,2.1835466393100305,4.91244581470813,99.461307450502,11.97227190103954,0,normal
2026-01-02 22:29:00,P-101,65.7190603732183,2.2293701545900255,4.88854545861736,100.58542701359892,12.243120415830298,0,normal
2026-01-02 22:30:00,P-101,65.3135082320141,2.361248778558462,4.9718558265284365,101.30643032568756,12.06198704339618,0,normal
2026-01-02 22:31:00,P-101,66.07243539540202,2.1542805409809733,5.019785001891172,99.20851946219852,11.817563637889265,0,normal
2026-01-02 22:32:00,P-101,66.0231372552018,2.0832409119605915,4.943493264064096,99.44497547872976,11.798332340266166,0,normal
2026-01-02 22:33:00,P-101,64.73024286561801,2.375940922897103,4.960123441079175,98.49679358381218,11.864863429181195,0,normal
2026-01-02 22:34:00,P-101,66.63316466658121,2.2533690037903003,5.149758107417013,100.08472884545434,12.017314552245807,0,normal
2026-01-02 22:35:00,P-101,65.08466422589728,2.400081319302037,4.85672640712102,98.59060790573376,12.196435544267263,0,normal
2026-01-02 22:36:00,P-101,64.29225280231971,2.276990116736241,4.958406243696951,101.12586234106855,11.76567814195877,0,normal
2026-01-02 22:37:00,P-101,64.53273550360062,2.0613092941063695,5.101323480890369,96.85611960901944,11.841718332692832,0,normal
2026-01-02 22:38:00,P-101,63.536928162608305,2.264972693580994,4.990875978375544,99.39978854152102,12.010855660132648,0,normal
2026-01-02 22:39:00,P-101,65.92214127821669,2.0876142131665625,4.956236587547188,100.56555491321126,11.650225493870453,0,normal
2026-01-02 22:40:00,P-101,65.98171788542936,2.1944714765354925,5.085122845484584,100.33090212938052,11.843207407288132,0,normal
2026-01-02 22:41:00,P-101,64.34297890536105,2.1927781299923335,5.052105119478665,104.82389889249876,12.008739258827726,0,normal
2026-01-02 22:42:00,P-101,64.80227372635123,2.0325648782566343,4.981443593269787,100.58251809228676,11.858281467998504,0,normal
2026-01-02 22:43:00,P-101,65.05585840735212,2.118000494321415,4.994686049204461,98.12202243118357,11.982038581939836,0,normal
2026-01-02 22:44:00,P-101,64.36173763026156,2.418914971633502,4.951271704123259,99.73393207800528,11.9599060404398,0,normal
2026-01-02 22:45:00,P-101,63.785505912592754,2.2154174242462883,4.895625397122666,96.6849771524832,11.789492094054289,0,normal
2026-01-02 22:46:00,P-101,64.89021775294462,2.18552040886509,4.989184226056937,99.71360109913692,12.077000558284634,0,normal
2026-01-02 22:47:00,P-101,64.89443791094217,2.3930763980044567,4.9125866983712925,98.3356485576613,12.294684400259088,0,normal
2026-01-02 22:48:00,P-101,64.87760362437214,2.1752417182519217,5.015341841199957,101.45933093742036,12.37163123147096,0,normal
2026-01-02 22:49:00,P-101,64.99756035539959,2.174034525484111,5.012797925202549,98.79894654793452,11.579414042025569,0,normal
2026-01-02 22:50:00,P-101,65.96490449358639,2.303162195960228,5.055258672567462,99.55444406438502,12.102047758698578,0,normal
2026-01-02 22:51:00,P-101,64.77579803817072,2.1568187979635485,5.06492611686696,98.59713678807832,11.922309445629582,0,normal
2026-01-02 22:52:00,P-101,65.15154870184995,2.130006297799729,5.000074519819547,102.84760749338048,12.116459293374485,0,normal
2026-01-02 22:53:00,P-101,65.43530391944905,1.9703772817799112,5.026118919091761,99.1159896536026,11.89382308289957,0,normal
2026-01-02 22:54:00,P-101,65.39960280364777,2.110854157394809,5.064170638684339,102.96939974498945,12.112599718327123,0,normal
2026-01-02 22:55:00,P-101,64.62290826711805,2.107943917744942,5.034075919901513,101.11286097943936,12.063667308597584,0,normal
2026-01-02 22:56:00,P-101,65.02728157129906,2.2118151199782825,4.9713550453185755,100.4917204085108,11.89896126078554,0,normal
2026-01-02 22:57:00,P-101,65.29593088908284,2.132100459824131,4.930678809623431,100.26435564959188,11.82865715992272,0,normal
2026-01-02 22:58:00,P-101,64.23816731296488,2.412555693353936,5.038001446644424,100.2861314409765,11.9188448067054,0,normal
2026-01-02 22:59:00,P-101,65.79658231211232,2.0914121875587584,4.841361341201358,96.08417205548712,11.929377014555966,0,normal
2026-01-02 23:00:00,P-101,65.96226395050886,2.343691087213704,4.971538304674298,99.02870649540796,12.090660463199091,0,normal
2026-01-02 23:01:00,P-101,64.60072886236335,2.2300365559015867,4.83153306698885,101.02872380842518,12.201531509720786,0,normal
2026-01-02 23:02:00,P-101,65.08495228688517,2.275999320709394,4.900413808054005,99.39619776890838,11.88304792845387,0,normal
2026-01-02 23:03:00,P-101,65.40513258486209,2.273190727247978,4.90791738460842,96.931676029974,11.964719194359768,0,normal
2026-01-02 23:04:00,P-101,64.70583302429769,1.9850887013586287,5.0702059749860835,99.3435280452034,12.17280635974676,0,normal
2026-01-02 23:05:00,P-101,65.42070289147107,2.211148034019351,5.0729887513404135,102.4821189632115,12.30758254792517,0,normal
2026-01-02 23:06:00,P-101,65.11917631092058,2.1752697752858365,4.977585004149972,101.63604320189296,12.037314725230484,0,normal
2026-01-02 23:07:00,P-101,64.02258622757762,2.0840431097357692,5.043625660695855,99.25697750367722,11.933522980122394,0,normal
2026-01-02 23:08:00,P-101,65.32294443098702,2.248761412361696,5.072715397181777,101.05817897451496,12.069970216002726,0,normal
2026-01-02 23:09:00,P-101,64.19038818372967,2.3608518320798444,4.975382296241071,98.6628835627302,11.729945012302425,0,normal
2026-01-02 23:10:00,P-101,65.55737248585535,1.9266299935858824,4.865420480426484,96.23269505214418,11.848258949357223,0,normal
2026-01-02 23:11:00,P-101,64.5907675774642,2.1496450068502546,4.961573498684049,97.61273603886768,12.077299360860655,0,normal
2026-01-02 23:12:00,P-101,64.96180563346043,2.0830395167703717,5.013818832856152,102.06713012182018,12.190403329543344,0,normal
2026-01-02 23:13:00,P-101,65.85981097693454,2.2035011749888285,4.9011076359749675,98.73794433330826,11.908084809126471,0,normal
2026-01-02 23:14:00,P-101,65.32497638603574,2.1677039649183727,5.013396172377386,98.77028968722884,12.006652330834298,0,normal
2026-01-02 23:15:00,P-101,64.22639911237584,2.131210239878489,5.006046528772265,98.64596989711,11.794449028855162,0,normal
2026-01-02 23:16:00,P-101,64.41674864105904,2.2776871870704425,5.05705771442373,102.59047254311372,12.218412605938417,0,normal
2026-01-02 23:17:00,P-101,64.62671078695445,2.36547614148398,5.040196140696405,102.06715238946832,12.046450284456755,0,normal
2026-01-02 23:18:00,P-101,65.26987472873046,2.4676582736956263,5.082205846903146,103.11168344450974,12.038160212996065,0,normal
2026-01-02 23:19:00,P-101,65.19506981096494,2.1217142301541303,4.975538085463352,98.80910474144645,11.891928375024715,0,normal
2026-01-02 23:20:00,P-101,64.44343419880066,2.0169353815989384,5.010175688482167,99.60507309661996,11.975573419518629,0,normal
2026-01-02 23:21:00,P-101,64.17132883055515,2.247921357259776,4.935364305197791,96.32061250949782,11.800042846298542,0,normal
2026-01-02 23:22:00,P-101,65.24680988780636,2.3683376934752434,4.975952352030648,101.68672971241844,12.182230498573066,0,normal
2026-01-02 23:23:00,P-101,64.82161293186972,2.2744915080907395,5.062717305576646,96.90398314233,11.828062784666663,0,normal
2026-01-02 23:24:00,P-101,66.50712462723033,2.3726271954260945,4.850676013433514,99.37398225403686,12.29981228682658,0,normal
2026-01-02 23:25:00,P-101,65.09471540693949,2.1855568221024733,5.031238242031082,96.9865042790284,12.202637229067127,0,normal
2026-01-02 23:26:00,P-101,66.09459225311096,2.1293657463204902,4.935358290524129,97.87961518053255,11.758079757445078,0,normal
2026-01-02 23:27:00,P-101,64.21694015911103,2.2089938190691427,4.9216022790114575,97.4104951446476,11.936255708225284,0,normal
2026-01-02 23:28:00,P-101,63.90878085995502,2.159101169339898,4.9963249326118735,97.8014508727295,11.803912201914644,0,normal
2026-01-02 23:29:00,P-101,64.2270643248521,2.261180220533313,4.874760651341989,97.903332420656,11.871770459981956,0,normal
2026-01-02 23:30:00,P-101,65.8906874723363,2.310434276587955,4.921529043684162,97.8650658720396,12.336437469690148,0,normal
2026-01-02 23:31:00,P-101,66.12340332287002,2.3027440566936703,4.94386240452249,100.33021797784,11.94839225591204,0,normal
2026-01-02 23:32:00,P-101,64.48340711218232,2.2501248393377584,4.952700154932875,96.81980330058312,11.97663930643298,0,normal
2026-01-02 23:33:00,P-101,64.72995598094828,2.2279335355580425,4.93554979964914,99.18394378203872,12.083782572262818,0,normal
2026-01-02 23:34:00,P-101,64.18017507797056,2.2725869740232207,5.121656141978096,100.95778339833468,11.828607627453392,0,normal
2026-01-02 23:35:00,P-101,63.73969022314267,1.9942443662369709,5.103993829467493,97.8202673312636,11.763588925056068,0,normal
2026-01-02 23:36:00,P-101,65.35556532283681,2.20832538600848,4.832764534627227,97.4304081219591,11.68170776937715,0,normal
2026-01-02 23:37:00,P-101,65.06495284381876,2.1961037653620004,5.0209669686347445,98.2864379301143,11.771398991123874,0,normal
2026-01-02 23:38:00,P-101,64.81575380367337,2.1994722241611964,5.068143319390246,100.80368786548154,11.45410461410101,0,normal
2026-01-02 23:39:00,P-101,64.11767282657324,2.1944044540293692,5.028093542904404,99.00845787370268,12.079170216369809,0,normal
2026-01-02 23:40:00,P-101,66.18542476116669,2.256837311400796,4.930750483188458,97.68184277048768,12.341294051365844,0,normal
2026-01-02 23:41:00,P-101,64.67779014790999,2.1431079395771295,4.977793859134223,99.48805484853207,12.014205793263269,0,normal
2026-01-02 23:42:00,P-101,65.21214524519576,2.2975566936956535,4.913741621040689,96.61208468751272,11.61510876875726,0,normal
2026-01-02 23:43:00,P-101,64.00746045825439,2.2419850202171707,4.968600297310737,99.80187794918552,11.865501061895577,0,normal
2026-01-02 23:44:00,P-101,64.83658468497659,2.210545849586056,4.908204769308878,99.29023213155804,11.88693159494174,0,normal
2026-01-02 23:45:00,P-101,65.09695331293847,2.119683761951632,4.971765592760173,97.98008102745916,11.7358854753811,0,normal
2026-01-02 23:46:00,P-101,65.24135545677603,2.28481815309695,4.864845575783622,97.00416955749776,12.082161614403963,0,normal
2026-01-02 23:47:00,P-101,65.1246601224849,2.2234246634930033,4.954962358608626,96.89717774045964,12.068967341088856,0,normal
2026-01-02 23:48:00,P-101,65.23463123732527,2.114530702645573,4.906954751344732,99.43554695817151,11.751976049981613,0,normal
2026-01-02 23:49:00,P-101,64.32289785239097,2.2009322627658063,5.02112521742165,100.66480720962518,12.164960425178256,0,normal
2026-01-02 23:50:00,P-101,65.2066652587788,2.2718651836661827,4.925294134346001,97.28535036120032,12.223923043551462,0,normal
2026-01-02 23:51:00,P-101,65.19911593879469,2.2694628903999834,5.012716214985919,99.2375590634701,12.357638412950015,0,normal
2026-01-02 23:52:00,P-101,65.29482873164939,2.265185638143399,5.022069360801328,94.6358709815793,12.412118534064572,0,normal
2026-01-02 23:53:00,P-101,64.95574872228214,2.1988216341483553,5.0844649202756065,97.32036347482769,11.73921237435619,0,normal
2026-01-02 23:54:00,P-101,64.35222589420574,2.323132147301557,4.806009933436945,98.29702546683798,12.51375484928418,0,normal
2026-01-02 23:55:00,P-101,64.08394223501247,2.3169810302535394,4.908565004932575,96.69585915037388,11.83003449680946,0,normal
2026-01-02 23:56:00,P-101,63.483847500412544,2.264946183994697,4.945064358520383,96.62803839182232,11.780348060678568,0,normal
2026-01-02 23:57:00,P-101,65.5237617657255,2.140382225008836,5.003146059748237,97.09231124615324,11.978183812360166,0,normal
2026-01-02 23:58:00,P-101,65.48464286506737,2.0880984549840336,4.872484496257759,98.80093115485764,11.847615667827126,0,normal
2026-01-02 23:59:00,P-101,65.55438574538567,2.146300658284704,4.910439213663075,97.91856821390904,12.017365874546575,0,normal
2026-01-03 00:00:00,P-101,65.04619026670127,2.377854450923539,4.951203284417374,94.20782802313764,11.562219403146669,0,normal
2026-01-03 00:01:00,P-101,63.53796377997257,2.219540022410089,4.949945942272374,94.40037653655077,11.784260775683835,0,normal
2026-01-03 00:02:00,P-101,64.39224594778563,2.4194564990321874,4.997497108488201,97.10638200387945,12.17030790698872,0,normal
2026-01-03 00:03:00,P-101,65.0963155134552,2.186328221872076,5.0210951889010715,99.0037888018904,11.95870140577048,0,normal
2026-01-03 00:04:00,P-101,65.02676399316887,2.1671103233911895,4.955859311539467,93.21577012213564,11.824792261012046,0,normal
2026-01-03 00:05:00,P-101,64.85953540404887,2.1930882597753283,4.985987910514179,97.24320383499756,12.01234783599339,0,normal
2026-01-03 00:06:00,P-101,65.29210126777984,2.196760316096325,4.975672043025461,97.17702588926151,12.149443102541378,0,normal
2026-01-03 00:07:00,P-101,64.89805985109363,2.110119050653025,5.052582912424976,100.60494961442708,11.687103545994926,0,normal
2026-01-03 00:08:00,P-101,65.09206171831855,2.086664992121637,4.817194301037212,97.39468876967078,12.03874547345761,0,normal
2026-01-03 00:09:00,P-101,64.55280742598477,2.2464993646981513,5.09569346987131,98.75901257833236,11.90914254950162,0,normal
2026-01-03 00:10:00,P-101,65.63218394007612,2.304790277370832,4.828745443510046,98.30591870716688,11.982505140277372,0,normal
2026-01-03 00:11:00,P-101,64.73328215438904,2.446016267213073,4.866446471052802,94.19877982361166,12.037953428660824,0,normal
2026-01-03 00:12:00,P-101,64.04517282307441,2.1463538209923625,4.978115118174151,99.39883739396616,11.743127791536615,0,normal
2026-01-03 00:13:00,P-101,64.41102026756244,2.1546966942729773,5.030944556467364,98.3861654091075,11.749056073984606,0,normal
2026-01-03 00:14:00,P-101,64.62642326154905,2.10606864609025,4.779289777752877,98.89584601088497,11.579789388383787,0,normal
2026-01-03 00:15:00,P-101,65.66048435568365,2.3142164621652306,5.048339553673937,105.03082563498656,12.041092980696842,0,normal
2026-01-03 00:16:00,P-101,65.00470309673062,2.2851761507039967,4.997417206670266,94.19495539111648,12.091935130609258,0,normal
2026-01-03 00:17:00,P-101,64.88141640709229,2.1125822846033997,5.079953270610661,101.0337002488667,12.006893569771307,0,normal
2026-01-03 00:18:00,P-101,64.06720601999913,2.0959330194278305,4.9251354846582025,97.3948560753024,11.653820703128115,0,normal
2026-01-03 00:19:00,P-101,65.4598984476504,2.289461163203725,4.963067507419276,98.41259775061286,11.855242183603377,0,normal
2026-01-03 00:20:00,P-101,64.44894673559688,2.223772830630794,4.934837207126497,97.79675761489813,11.63633038774882,0,normal
2026-01-03 00:21:00,P-101,64.82575268451957,2.263355533338995,4.943497364684253,97.0984590431079,11.687916550947005,0,normal
2026-01-03 00:22:00,P-101,65.95594550296842,2.1110176096512756,4.895971359807817,96.81992183588068,11.982361437129164,0,normal
2026-01-03 00:23:00,P-101,65.23196029939852,2.00094341466229,4.921976412491696,98.42240638646606,11.717897526332775,0,normal
2026-01-03 00:24:00,P-101,63.9678821757185,2.1155031905300814,4.981228199179253,95.08218146372674,12.074992304952463,0,normal
2026-01-03 00:25:00,P-101,63.83589471323171,2.2671854006423584,5.000693825861414,99.14807497323211,11.960218191030895,0,normal
2026-01-03 00:26:00,P-101,64.93302538295444,2.40822890363857,5.00473062339404,97.03195678627073,11.928077644377026,0,normal
2026-01-03 00:27:00,P-101,64.14741001930832,2.149704048930319,4.972292937478584,95.73119301995249,11.816261197076996,0,normal
2026-01-03 00:28:00,P-101,65.44352099295003,2.4300959432720957,5.018700138547493,96.93964364671616,12.062758877110229,0,normal
2026-01-03 00:29:00,P-101,65.08226092748335,2.289243683635582,5.061445211405821,99.99702315349708,12.156542672160317,0,normal
2026-01-03 00:30:00,P-101,65.09688328343834,2.0594834193802996,4.84563162607508,96.75517894657072,11.969666238779556,0,normal
2026-01-03 00:31:00,P-101,64.56281422150514,2.223940216875122,4.923685993193975,98.34876687229806,12.063420827350471,0,normal
2026-01-03 00:32:00,P-101,66.07896685828347,2.280347997252284,4.947531072729546,96.3727389753848,11.84876423527746,0,normal
2026-01-03 00:33:00,P-101,66.87553674074407,1.9606346607204188,4.988790294219345,99.03777210034582,12.079573764392183,0,normal
2026-01-03 00:34:00,P-101,64.78364102370695,2.260413240836917,4.942019886910812,98.89262270780738,11.89920312613946,0,normal
2026-01-03 00:35:00,P-101,65.23983294864767,2.3184558250883605,5.0735571080420945,100.9715451072913,12.02959267765122,0,normal
2026-01-03 00:36:00,P-101,65.01588816907639,2.2344658862513533,5.111731584390085,97.31351986097434,11.864476845955972,0,normal
2026-01-03 00:37:00,P-101,64.78679506968918,2.188752625323386,5.001218792774738,98.8187455884017,11.873118659788211,0,normal
2026-01-03 00:38:00,P-101,64.3875797798881,2.174527408432936,4.983678548210963,97.77746759570884,11.795501668326906,0,normal
2026-01-03 00:39:00,P-101,64.326663259574,2.180512618823541,5.058656360872735,99.91944230154316,12.091121289818073,0,normal
2026-01-03 00:40:00,P-101,64.31453422385674,2.088421727788812,4.832181724327554,96.27905071917944,12.150492704138076,0,normal
2026-01-03 00:41:00,P-101,65.33383508887792,2.1392966536404723,4.990994667977456,98.90018421467674,12.201225920774212,0,normal
2026-01-03 00:42:00,P-101,64.54480052065597,2.1449221876048785,5.040483464929875,97.19509571471492,11.66453980425236,0,normal
2026-01-03 00:43:00,P-101,63.38722752814213,2.2185629067064,4.929144617467343,97.41653972714214,12.18033680209564,0,normal
2026-01-03 00:44:00,P-101,65.24256783214207,2.13899395152037,4.890979886898696,97.6839127491834,11.866885682151915,0,normal
2026-01-03 00:45:00,P-101,64.99575752816342,2.1154444885233645,4.96658984605962,97.9596238766604,12.05893531932893,0,normal
2026-01-03 00:46:00,P-101,65.78337771686934,2.265467402022138,4.9685856760586224,97.28336563827568,11.737257902738827,0,normal
2026-01-03 00:47:00,P-101,65.23006328429445,2.23563668018739,4.915056370946019,97.86620306801014,11.964382074815106,0,normal
2026-01-03 00:48:00,P-101,64.0640528868357,2.148955986256746,5.149807576594625,100.3076287271059,12.07197349839256,0,normal
2026-01-03 00:49:00,P-101,63.43868477537734,2.237824943360397,4.958774041221073,99.22827878916289,11.679927405290956,0,normal
2026-01-03 00:50:00,P-101,64.56449050844547,2.158358217290279,4.909309423134461,99.00655777343214,12.091850166471804,0,normal
2026-01-03 00:51:00,P-101,64.65229932821171,2.213005834567393,4.9595452706306755,96.60987629656188,12.16748329046452,0,normal
2026-01-03 00:52:00,P-101,65.55690809894826,2.2910877904206464,5.021721648921086,95.8171404281772,11.83958462370899,0,normal
2026-01-03 00:53:00,P-101,65.08026237034404,2.149457716549919,4.992473004262552,99.1254006832675,12.245795646663629,0,normal
2026-01-03 00:54:00,P-101,65.71281437089637,2.0800064788888935,5.023701471235471,98.97098968323904,11.93119099180669,0,normal
2026-01-03 00:55:00,P-101,64.19867928251544,2.192323200980399,4.939327450348013,100.03331919513336,12.170916482063324,0,normal
2026-01-03 00:56:00,P-101,65.43310305797851,2.0414456364535933,5.066977339579483,96.2839148331238,11.444803451803493,0,normal
2026-01-03 00:57:00,P-101,65.60589693079956,2.1879413183299836,5.0087859972090705,96.94662252547798,12.392154231627032,0,normal
2026-01-03 00:58:00,P-101,63.73400503671721,2.177177075971224,5.017315425993314,94.39763161718814,12.131020597564236,0,normal
2026-01-03 00:59:00,P-101,65.80440658403484,1.9473121575769097,4.991874360952387,96.63131166791258,11.842014249186642,0,normal
2026-01-03 01:00:00,P-101,64.91347026492107,2.236231772977074,5.048949956105794,99.1208073464779,11.579206415065572,0,normal
2026-01-03 01:01:00,P-101,65.2379959944736,2.179807259555762,4.903653064801346,96.47667439787516,11.951905905597352,0,normal
2026-01-03 01:02:00,P-101,64.32055993811919,2.3047887779854994,4.950189079872527,98.45878090407965,11.664978317707638,0,normal
2026-01-03 01:03:00,P-101,65.82805396113592,2.2214553011493092,5.063780932267593,96.9527290578672,11.997552579247516,0,normal
2026-01-03 01:04:00,P-101,64.23562821201695,2.27429596857695,5.087870151243885,97.86882149340076,12.01837778863488,0,normal
2026-01-03 01:05:00,P-101,65.42466371286991,2.305724321140916,4.871802667788231,95.20972597685656,11.668011145505291,0,normal
2026-01-03 01:06:00,P-101,65.58476380637771,2.192699028527162,4.991673196544814,97.4191671794347,12.146768420105916,0,normal
2026-01-03 01:07:00,P-101,64.33783880550081,2.196608839263639,4.8885552716958625,91.87213377298283,11.91727895375072,0,normal
2026-01-03 01:08:00,P-101,66.32505886513657,2.0467446520051933,4.920311027527025,96.91032303825648,12.102474358605408,0,normal
2026-01-03 01:09:00,P-101,65.09129097446754,2.3171877702178434,4.962964895883778,94.30261172088969,11.830849892360469,0,normal
2026-01-03 01:10:00,P-101,65.31963460308083,2.1733850493312357,5.073858920588083,99.3991515322504,11.698869732584772,0,normal
2026-01-03 01:11:00,P-101,64.06131955829113,2.105592439280558,5.017804007610452,98.61876344805576,12.1541373578839,0,normal
2026-01-03 01:12:00,P-101,66.33713062626974,2.2694700914275057,4.95814091160441,98.0506783098742,11.887446069469068,0,normal
2026-01-03 01:13:00,P-101,64.10612226729451,1.9708315126253824,5.035439223990037,99.9398941394576,11.720240795545196,0,normal
2026-01-03 01:14:00,P-101,65.71341792770133,2.162471634444508,4.929657849549594,95.4856181700257,12.134976418295636,0,normal
2026-01-03 01:15:00,P-101,64.50382904713862,2.308023179983381,5.032154798535948,100.33067974848056,12.42980189655492,0,normal
2026-01-03 01:16:00,P-101,64.58275058546292,2.154524192782143,5.086305624119961,98.85530250880602,11.95740944946834,0,normal
2026-01-03 01:17:00,P-101,65.62963708125244,2.1415731709310735,4.822035463758155,96.74366399092132,12.334134150648296,0,normal
2026-01-03 01:18:00,P-101,65.66596282687034,2.158162070343732,5.047866262782269,99.20586018844666,11.99443875137567,0,normal
2026-01-03 01:19:00,P-101,64.0962434712689,1.9901588716323513,4.843894866427893,95.16287109378254,11.778794951980206,0,normal
2026-01-03 01:20:00,P-101,65.61913322017789,2.2612994214972573,5.04260998934176,95.66270496036472,11.743789457973849,0,normal
2026-01-03 01:21:00,P-101,65.7522969381988,2.196061066243705,4.915849967121016,96.04417598121154,12.208741761034895,0,normal
2026-01-03 01:22:00,P-101,64.29561505390512,2.1619429412467297,4.876567614378444,96.18046108108976,11.729385056155138,0,normal
2026-01-03 01:23:00,P-101,66.04044155175124,2.1732840658924695,5.000908621342658,95.2239775446446,12.003773188334335,0,normal
2026-01-03 01:24:00,P-101,64.0067680920539,2.196119471322474,5.018698589057376,99.32066846374074,11.86778728690038,0,normal
2026-01-03 01:25:00,P-101,64.52646665969905,2.25763731861058,4.896523880492418,96.64669636997336,11.807339538584328,0,normal
2026-01-03 01:26:00,P-101,65.35974796945818,2.200324647457035,4.889698383874902,97.740836687669,12.138275039423984,0,normal
2026-01-03 01:27:00,P-101,64.3773517916643,2.0560843310929897,4.947611968219657,96.07356723440463,11.80619964777427,0,normal
2026-01-03 01:28:00,P-101,65.07822695717624,2.246893846609797,4.853885559244284,93.81716457562678,11.733555861384746,0,normal
2026-01-03 01:29:00,P-101,65.21052891018371,2.25600890726746,4.901442730142335,97.57458382469892,12.153798454175927,0,normal
2026-01-03 01:30:00,P-101,64.92344826354778,2.225700875707081,4.944501768160014,93.64083128305136,12.128704397135866,0,normal
2026-01-03 01:31:00,P-101,65.5542049911532,2.3090263753897697,4.9019283711635095,96.95393855613662,12.037556117340946,0,normal
2026-01-03 01:32:00,P-101,64.74912906824385,2.1913308486094465,4.9759505767447045,94.60928264428468,11.70732452420375,0,normal
2026-01-03 01:33:00,P-101,65.12152421812401,2.3078258972869308,5.1107530215650545,100.64429698532108,11.917207209700116,0,normal
2026-01-03 01:34:00,P-101,65.73718002574346,2.3398037656194193,4.976628965637452,98.7027844680492,11.977066586789483,0,normal
2026-01-03 01:35:00,P-101,65.50751515117392,2.2574963302275486,4.981590584169781,97.24800098307898,11.9816260418775,0,normal
2026-01-03 01:36:00,P-101,65.43470263312918,2.116497082852199,5.1345448739744075,99.32781026759234,11.782261125999815,0,normal
2026-01-03 01:37:00,P-101,64.25666309054368,2.1873362660908504,4.872122375320716,95.52544535371308,12.010370948527363,0,normal
2026-01-03 01:38:00,P-101,65.32634192363362,2.322197231926725,5.063615812694071,98.02293490314185,11.957790713022176,0,normal
2026-01-03 01:39:00,P-101,64.28158009916137,2.0333919920549417,5.048963741945516,97.4003710091642,11.5788694665473,0,normal
2026-01-03 01:40:00,P-101,64.0759332061805,2.1503878266719916,5.034923924988317,97.5121711246152,11.73957983724631,0,normal
2026-01-03 01:41:00,P-101,64.91099942420072,2.1608587791308627,5.083658117590871,99.32357680395866,11.878881569388428,0,normal
2026-01-03 01:42:00,P-101,64.38976644598206,2.110914176228123,5.003124395735643,98.34841481185396,11.935880906587409,0,normal
2026-01-03 01:43:00,P-101,65.62038826811663,2.299457809377095,4.9346589688179225,97.54640335098712,12.304247859630411,0,normal
2026-01-03 01:44:00,P-101,65.48359105459562,2.23244070776621,5.017068715493895,94.04485851084564,11.868980016553294,0,normal
2026-01-03 01:45:00,P-101,63.6550123826518,2.1165192427779203,5.032226067796225,95.2927112976322,11.69062696094924,0,normal
2026-01-03 01:46:00,P-101,64.44341853663472,2.258473027721836,5.045344383636152,96.79724105316215,11.948043392456295,0,normal
2026-01-03 01:47:00,P-101,63.99692130633986,2.177962107171642,4.974952084246475,97.1836938484128,11.845093265961609,0,normal
2026-01-03 01:48:00,P-101,64.66930299470063,2.1075533454761675,4.899655858064844,94.9789474017777,11.91432006996004,0,normal
2026-01-03 01:49:00,P-101,65.35070209581613,2.134975348735874,5.026917426653436,101.35220688656234,12.156679744003991,0,normal
2026-01-03 01:50:00,P-101,64.92441583312143,2.252965461413294,5.0633436742123195,99.73875729825704,12.2340088483925,0,normal
2026-01-03 01:51:00,P-101,64.59491513703777,2.291416261391773,5.052617671164774,98.09130458745766,11.937881838489725,0,normal
2026-01-03 01:52:00,P-101,65.9297656340933,2.1609975643233517,4.941278532755038,97.13558616502591,12.241859690470744,0,normal
2026-01-03 01:53:00,P-101,63.529941268089125,2.2576553825413823,4.98830166834718,96.6225565618263,12.080281229362027,0,normal
2026-01-03 01:54:00,P-101,65.70498967269427,2.34686375197574,4.861284290156724,95.28987714707408,11.717208405449783,0,normal
2026-01-03 01:55:00,P-101,64.77089117320975,2.0883619230784967,5.040364285456527,97.14177782461178,12.356224467888046,0,normal
2026-01-03 01:56:00,P-101,64.94550582571277,2.235141465259415,4.919822735940843,97.46543489115976,11.989361949388812,0,normal
2026-01-03 01:57:00,P-101,64.54379458377541,2.270103369505938,5.0026245119047985,94.76566367347908,11.675945009409926,0,normal
2026-01-03 01:58:00,P-101,66.09340100254931,2.200830587934276,4.895567556118647,97.60188765359584,12.25863923985396,0,normal
2026-01-03 01:59:00,P-101,64.31087498355187,2.3365152932541697,5.0394053758421915,96.72062623918109,12.317174304215122,0,normal
2026-01-03 02:00:00,P-101,64.93775930901501,2.411898637391357,4.958187927259801,93.5659463958207,11.800373339130708,0,normal
2026-01-03 02:01:00,P-101,65.25981930031315,2.224848012164821,4.899818956383439,95.45139950766252,11.762811933154756,0,normal
2026-01-03 02:02:00,P-101,63.90146869534804,2.170769083283446,5.010953748099597,96.25588014239608,11.85320141278115,0,normal
2026-01-03 02:03:00,P-101,64.4562834503081,2.3038945391774073,4.96266138649921,100.39867049255834,12.15490646028029,0,normal
2026-01-03 02:04:00,P-101,64.97216831648045,2.292033670409711,5.032501612051794,98.00327594306356,12.19566960929801,0,normal
2026-01-03 02:05:00,P-101,64.40688552431803,1.9461989384353675,4.92679665739233,94.59844606689802,11.952050848179654,0,normal
2026-01-03 02:06:00,P-101,64.45470702810927,2.197994064893942,4.858308658166582,97.87819569606584,11.95669051257633,0,normal
2026-01-03 02:07:00,P-101,64.816753640961,2.1655874101215953,4.873424718441927,94.21938552755933,12.126183919887666,0,normal
2026-01-03 02:08:00,P-101,65.38935433142937,2.2359135938210337,4.959418607509009,98.95476371171192,11.906075616741054,0,normal
2026-01-03 02:09:00,P-101,64.80907220470843,2.184272887362531,5.057367904037191,96.159467237479,12.090967884797752,0,normal
2026-01-03 02:10:00,P-101,65.64764001054306,2.185386731816974,5.031487082727747,96.8407028590701,11.847608526101848,0,normal
2026-01-03 02:11:00,P-101,64.3753040881112,2.1164040551212957,5.107646527223521,99.39762283609711,12.068133276685092,0,normal
2026-01-03 02:12:00,P-101,64.12261355782569,2.2661801249434124,5.062718661949481,94.6964196827391,11.818180077524085,0,normal
2026-01-03 02:13:00,P-101,66.19047337476891,2.3584583776954644,4.907575552093751,94.50081084151144,11.82385388871478,0,normal
2026-01-03 02:14:00,P-101,64.50357036343028,2.107374878954253,4.946482303278998,95.96763834621166,11.803551846893908,0,normal
2026-01-03 02:15:00,P-101,64.23039068147592,2.069721181807912,4.960109170906562,98.88987656097,12.23566710306524,0,normal
2026-01-03 02:16:00,P-101,63.75639286126279,2.1892835132301163,4.895882587230907,94.28883296019823,11.68207978118424,0,normal
2026-01-03 02:17:00,P-101,65.56225360445109,2.181527160693648,4.790383577159479,91.92882068130304,11.60981816992935,0,normal
2026-01-03 02:18:00,P-101,64.88690896743812,2.3295226388368544,4.961146090555962,96.21784308171412,12.310734005620445,0,normal
2026-01-03 02:19:00,P-101,64.8828159781405,2.082535054011709,4.890275147876284,98.02647394360612,12.13636373123905,0,normal
2026-01-03 02:20:00,P-101,64.72113369290149,2.1261604602613393,4.989582029570042,99.19740612774449,11.498899444093729,0,normal
2026-01-03 02:21:00,P-101,65.57901849194616,1.976156032291692,5.110174174436577,96.2070217767168,11.773158905459423,0,normal
2026-01-03 02:22:00,P-101,64.71765944763793,2.318567373875158,4.92738688454412,96.30410412872688,11.526725256349394,0,normal
2026-01-03 02:23:00,P-101,66.44790787976767,2.2163999398067884,5.004892534742082,99.12583543481172,11.7836369243613,0,normal
2026-01-03 02:24:00,P-101,64.80096817997668,2.1209737150980827,5.0003414188902715,93.68760318836216,11.182925162404056,0,normal
2026-01-03 02:25:00,P-101,65.64233304910067,2.062306903635484,4.983203458072222,96.35830676346087,11.863351287365038,0,normal
2026-01-03 02:26:00,P-101,65.41622347328158,2.0647029731129845,4.994524838855959,97.4050945699998,11.69376447326773,0,normal
2026-01-03 02:27:00,P-101,64.95819844560071,2.239356884695533,4.953389768492022,97.87579388501868,11.948254867909847,0,normal
2026-01-03 02:28:00,P-101,64.46433364646255,2.071642042568597,4.9453145184101155,96.15459766644015,11.5596136782167,0,normal
2026-01-03 02:29:00,P-101,65.19154485672199,2.2076312055324263,4.904194000048462,97.13947366016096,11.930766580439236,0,normal
2026-01-03 02:30:00,P-101,65.22486099634428,2.3920998370917372,4.985262160648895,92.6039010026636,11.695133774455844,0,normal
2026-01-03 02:31:00,P-101,64.68994392737359,2.172341221551899,4.837131918410948,95.90363343739344,12.177499596159524,0,normal
2026-01-03 02:32:00,P-101,65.18497618828185,2.1126390899355822,5.047081845678876,97.91056619921216,12.21958835832549,0,normal
2026-01-03 02:33:00,P-101,65.80949416761851,2.2388819698881077,4.855061817390741,95.33207043229083,12.017031233570782,0,normal
2026-01-03 02:34:00,P-101,66.29333430885562,2.0714629148887234,5.0395075026202445,97.21249934348788,11.851052224172394,0,normal
2026-01-03 02:35:00,P-101,65.67244523621223,2.385381901945524,4.954402821085986,97.91700479208392,12.334586222814576,0,normal
2026-01-03 02:36:00,P-101,66.06535789570336,2.323740721087826,4.878794495644936,96.5025303814252,11.584468855874793,0,normal
2026-01-03 02:37:00,P-101,64.46570012758512,2.1692735083754147,5.014877066049643,97.43261608940688,11.642266756769471,0,normal
2026-01-03 02:38:00,P-101,65.40205552139628,2.104080059864177,5.019010750836231,95.39970233809272,11.84523445016497,0,normal
2026-01-03 02:39:00,P-101,65.993881588588,2.171576602209341,4.937011866428653,96.7677371795901,12.353839737171926,0,normal
2026-01-03 02:40:00,P-101,64.38479441542923,2.166708991004147,5.032894933971277,98.24521955637512,11.906888805317235,0,normal
2026-01-03 02:41:00,P-101,64.64462514297769,2.2338148521200725,4.814411592831813,97.43675074586668,11.886453473734145,0,normal
2026-01-03 02:42:00,P-101,65.98781724046727,2.28775513524718,4.8686181361007606,96.10598763830228,11.594797557926707,0,normal
2026-01-03 02:43:00,P-101,64.40691787158161,2.101003837249071,5.066199155489199,97.57305303563884,12.11637750812324,0,normal
2026-01-03 02:44:00,P-101,64.1788561973978,2.3068727529484496,4.968979703968978,98.46365531628324,12.144544910354368,0,normal
2026-01-03 02:45:00,P-101,65.980126369717,2.260275800921281,4.804600384056511,93.49553169079309,11.962680991003774,0,normal
2026-01-03 02:46:00,P-101,65.7262906619945,2.143323287005878,4.943879379613371,99.28000122443102,11.852555902163456,0,normal
2026-01-03 02:47:00,P-101,65.19567534101326,2.081591345566449,4.901330210932692,96.5968244009448,11.756563378353745,0,normal
2026-01-03 02:48:00,P-101,64.85852325238463,2.198850156632618,4.968148203018572,97.97655242216769,11.680672122584037,0,normal
2026-01-03 02:49:00,P-101,64.71426213057426,2.093961501254648,4.967792177889875,99.37447467564104,11.998008740621415,0,normal
2026-01-03 02:50:00,P-101,65.05261141677462,2.2874360447789743,4.960118708500184,94.7593487474513,11.62669899656784,0,normal
2026-01-03 02:51:00,P-101,65.90204029937323,2.0733449544510343,4.954742073939193,95.96046975520734,11.643330791606363,0,normal
2026-01-03 02:52:00,P-101,65.0910467907475,2.2474539117454753,5.062455232556309,96.72734847037178,11.81708231072902,0,normal
2026-01-03 02:53:00,P-101,66.33065952436472,2.1830396207361145,4.988172623806179,95.84542218258018,11.777531430440565,0,normal
2026-01-03 02:54:00,P-101,64.3827603103856,2.1401000945398243,5.03592377284955,100.38867600659992,11.904064574433606,0,normal
2026-01-03 02:55:00,P-101,64.97505912891663,2.1883284629943573,5.038894805768981,95.73338070963652,11.965290340657148,0,normal
2026-01-03 02:56:00,P-101,64.724043325884,2.304173340948054,4.935641533865185,96.28553463952558,11.904375599615822,0,normal
2026-01-03 02:57:00,P-101,64.24995419131696,2.0756652527431907,4.888303928020393,97.66353490554864,11.872274841064234,0,normal
2026-01-03 02:58:00,P-101,64.86229798384623,2.1544189056582477,5.035908403982069,95.1420481257812,11.890864029435733,0,normal
2026-01-03 02:59:00,P-101,65.16620063159486,2.112818396161634,4.9755503303608135,96.60414079932464,11.699818815758812,0,normal
2026-01-03 03:00:00,P-101,65.3260522817682,2.1944585911936287,4.988738547529778,97.8983962976852,11.958007613712493,0,normal
2026-01-03 03:01:00,P-101,66.38709150558789,2.1288230638086123,4.923053014802219,96.73861093093365,11.932278826496937,0,normal
2026-01-03 03:02:00,P-101,65.1670869461843,2.0077842290029357,4.9286261943198895,97.180606763714,11.614808831039923,0,normal
2026-01-03 03:03:00,P-101,65.77956111437624,2.09814021010499,5.023340686741154,96.40701230271954,12.091349119955655,0,normal
2026-01-03 03:04:00,P-101,64.92503375146354,2.350298072296007,5.0153762399030635,94.64503340334304,11.663064261054892,0,normal
2026-01-03 03:05:00,P-101,66.07565231371015,2.2229489552333095,5.034481435994189,97.96137975919224,11.956903352617054,0,normal
2026-01-03 03:06:00,P-101,66.64630719981905,2.231215081287871,5.061037162237688,100.55298498565044,12.249471897676568,0,normal
2026-01-03 03:07:00,P-101,65.38311202561977,2.176070954197467,5.01422189374668,97.43898261384972,12.108304829958266,0,normal
2026-01-03 03:08:00,P-101,64.33431909512164,2.1925000238936745,4.987439084405809,97.82324933003376,11.94156415761478,0,normal
2026-01-03 03:09:00,P-101,64.60400766322056,2.152530913776944,4.974490906123683,98.6767484026152,11.887802651502042,0,normal
2026-01-03 03:10:00,P-101,65.19873461912177,2.2544616899084957,5.036295515627446,95.15728461315366,12.044220920109725,0,normal
2026-01-03 03:11:00,P-101,65.34940182662625,2.216101240136033,4.979029496462557,100.51899573968878,12.150508867752388,0,normal
2026-01-03 03:12:00,P-101,65.38791847054583,2.075323708492252,5.0042106255422025,97.831208057055,11.811263237702825,0,normal
2026-01-03 03:13:00,P-101,65.24786508595437,2.219513775242402,4.947889707709838,100.41706175666356,11.853533123299568,0,normal
2026-01-03 03:14:00,P-101,64.81929307734914,1.9329547084480196,4.915580252659988,96.173118523952,11.47072251937936,0,normal
2026-01-03 03:15:00,P-101,64.60542331968527,2.243551897849683,4.991250206486958,100.77810262369644,12.05414944704761,0,normal
2026-01-03 03:16:00,P-101,65.24354842841807,2.057099578155927,4.932864695293487,98.91403816643891,11.950881595989488,0,normal
2026-01-03 03:17:00,P-101,66.26981445989236,2.1977170831006987,5.041125133788198,98.52755060047166,12.183064792942655,0,normal
2026-01-03 03:18:00,P-101,65.66673879616006,2.080969834266897,4.885305551047454,97.9667948655606,12.01081486466289,0,normal
2026-01-03 03:19:00,P-101,65.41062775381474,2.2074903412734477,4.978064305026312,97.11182313896364,12.180200533003449,0,normal
2026-01-03 03:20:00,P-101,65.61760901755301,2.251929625306847,5.006614626800234,99.73390600212812,11.852544334480609,0,normal
2026-01-03 03:21:00,P-101,64.81579387341131,2.356795336204599,4.8516392381167845,97.83952085991622,12.16281569199101,0,normal
2026-01-03 03:22:00,P-101,64.57023582436838,2.034505168135713,4.909730538144165,94.06022055808184,11.716023340921524,0,normal
2026-01-03 03:23:00,P-101,64.5222158352296,2.29849314163197,4.973941280751018,95.60423130876488,12.0236461516214,0,normal
2026-01-03 03:24:00,P-101,64.78804824011644,2.198199218528213,5.0029610856198445,97.29501260892596,11.62709869976164,0,normal
2026-01-03 03:25:00,P-101,64.72327713555381,2.154656823964934,4.967718969168546,98.20204737705576,11.993088481184907,0,normal
2026-01-03 03:26:00,P-101,65.6207973452513,2.2571763663719366,5.022950669293302,97.5568494979652,11.529767896649773,0,normal
2026-01-03 03:27:00,P-101,64.67095058650783,2.1741116072344795,4.991024463914596,99.86766019211188,11.942602308575006,0,normal
2026-01-03 03:28:00,P-101,64.4479086716475,2.268287655890775,4.9427204730092855,94.1764769164031,11.913365106267676,0,normal
2026-01-03 03:29:00,P-101,66.20480845842866,2.094159690651628,4.997235857281359,97.96200864523004,11.83466654911068,0,normal
2026-01-03 03:30:00,P-101,64.574762870508,2.1216324991373265,5.009354168986421,94.44641949750304,11.623305059173898,0,normal
2026-01-03 03:31:00,P-101,65.14958897536111,2.3000509170678467,4.943716106781072,99.10163669501596,12.142272794709664,0,normal
2026-01-03 03:32:00,P-101,65.26070367239761,2.3448079193644027,4.941718879974849,97.579641105113,11.906696675184005,0,normal
2026-01-03 03:33:00,P-101,64.21134599309795,2.190804983844312,4.93838340337764,98.52061577986854,11.85770434398992,0,normal
2026-01-03 03:34:00,P-101,65.76637139721082,1.9170776156968596,4.939007333730091,96.22611738600258,11.895162705810934,0,normal
2026-01-03 03:35:00,P-101,65.5997449443646,2.2013085080931316,5.100837091552353,100.1000693486769,12.530335908849423,0,normal
2026-01-03 03:36:00,P-101,66.09042089159415,2.212096472796145,5.036972757483505,99.68819851304173,12.22134652534756,0,normal
2026-01-03 03:37:00,P-101,64.62812243686386,2.184678856165613,4.909620421916742,98.87967040785604,12.19890484587325,0,normal
2026-01-03 03:38:00,P-101,65.06985115309371,2.23425321479332,4.9340936130323545,97.61249006235624,12.01548396566916,0,normal
2026-01-03 03:39:00,P-101,65.02574639917256,2.152327882488992,5.0151519812669045,98.9058275567556,12.0004718812181,0,normal
2026-01-03 03:40:00,P-101,64.96816762800205,2.2606459554020355,4.902607185675338,96.60627303406312,11.41897173335581,0,normal
2026-01-03 03:41:00,P-101,64.00104355121614,2.077219317045901,4.943580256232214,99.43540590892472,11.847266107975114,0,normal
2026-01-03 03:42:00,P-101,65.04765737303585,2.3208978680938017,5.102960448832252,100.88132722000611,11.930324933959689,0,normal
2026-01-03 03:43:00,P-101,63.94004763860745,2.3398363602284404,4.9556271588794685,99.85634528725922,11.62071194580827,0,normal
2026-01-03 03:44:00,P-101,65.1165453204468,2.095394388956118,5.033157419487663,96.6330742365606,11.66750906905373,0,normal
2026-01-03 03:45:00,P-101,63.463168079910545,2.091130304393704,5.074014112612093,98.61414893449276,11.562257173850254,0,normal
2026-01-03 03:46:00,P-101,63.748145619859706,2.23554690990902,4.905190730425224,95.65330768070513,11.86193446328168,0,normal
2026-01-03 03:47:00,P-101,65.57917220336914,2.0866625919037847,4.927990163635024,99.02875425940242,12.134615821951837,0,normal
2026-01-03 03:48:00,P-101,64.7097143011725,2.158186489695381,4.968942259418134,98.8271505471816,12.186169420140311,0,normal
2026-01-03 03:49:00,P-101,64.3309425302837,2.3071727274335636,4.870477360313914,94.66813007610672,11.923000794699051,0,normal
2026-01-03 03:50:00,P-101,65.71619658164286,2.2612060396412685,4.968076820854864,95.9604449359672,11.686134079839302,0,normal
2026-01-03 03:51:00,P-101,65.0520922952795,2.3796350917707914,4.961204190086862,97.55998239165989,11.540386440045804,0,normal
2026-01-03 03:52:00,P-101,65.41811271324082,2.2000788817478893,5.000702405971046,97.54618048590044,11.575011674696714,0,normal
2026-01-03 03:53:00,P-101,64.76036714544757,2.123878998910023,5.057074873235277,95.928883129898,11.62406997844604,0,normal
2026-01-03 03:54:00,P-101,66.66719502648269,2.196602794073609,5.0454682860921904,98.8244337438268,11.786961072707667,0,normal
2026-01-03 03:55:00,P-101,64.58113498758243,2.181977622853,5.020200490760499,98.5953706481634,11.925911419846583,0,normal
2026-01-03 03:56:00,P-101,66.03995235303059,2.1756048886164465,4.840492555107042,97.81159440147972,11.731514988418995,0,normal
2026-01-03 03:57:00,P-101,64.95044543308228,2.1965148702358235,4.999231601214255,96.81952824670896,11.97238102613492,0,normal
2026-01-03 03:58:00,P-101,63.90921642570226,2.1050688356748672,5.121448057765041,100.08641215157218,11.95613766398727,0,normal
2026-01-03 03:59:00,P-101,65.32716226551409,2.229742984728816,4.801237120006582,101.19736961485282,12.03803023079379,0,normal
2026-01-03 04:00:00,P-101,65.25675865614093,2.065095157932149,5.021919113730282,97.36623357219882,12.149037117700203,0,normal
2026-01-03 04:01:00,P-101,64.20414012931018,2.11546011733098,4.960383499728666,97.15385999616184,11.67856945304478,0,normal
2026-01-03 04:02:00,P-101,64.42103794977983,2.190452749962292,4.932105930204512,99.15915804161176,12.058515656906827,0,normal
2026-01-03 04:03:00,P-101,64.9582919524261,1.971112716783736,5.032577616516363,97.64986156425265,11.926701201232364,0,normal
2026-01-03 04:04:00,P-101,65.18365180674843,2.2719066652730344,5.100307762095011,98.0628349052498,11.875187790963556,0,normal
2026-01-03 04:05:00,P-101,63.45251579081649,2.001364197551032,5.050912800759099,99.6646649740456,12.16699121339456,0,normal
2026-01-03 04:06:00,P-101,65.69267888613862,2.267890191032465,4.9231774692966175,94.91609058849248,12.023285548566175,0,normal
2026-01-03 04:07:00,P-101,64.6201509668359,2.0640418881289713,4.941413308038883,100.74561957474543,11.833070428044678,0,normal
2026-01-03 04:08:00,P-101,64.10610801213912,2.1562788597294142,4.995357379953826,98.52334455885584,11.919268219994091,0,normal
2026-01-03 04:09:00,P-101,65.60693171726173,2.2513688885598544,5.0378396038353666,97.67177533686552,11.98639559662278,0,normal
2026-01-03 04:10:00,P-101,64.94739261071308,2.415556157357672,4.955625116446174,98.27188282825354,11.893555135243089,0,normal
2026-01-03 04:11:00,P-101,65.81450190718252,2.2143873866020556,4.963523342026262,98.38501514418178,12.068554720783013,0,normal
2026-01-03 04:12:00,P-101,65.25559790295931,1.998414959411189,5.151107151554168,95.35671340654802,11.916939805778496,0,normal
2026-01-03 04:13:00,P-101,65.13972782811354,2.3114509138384083,5.087346558317038,101.1840922099857,12.402035014370774,0,normal
2026-01-03 04:14:00,P-101,64.77878010264212,2.162871538586008,5.066389108815453,98.58801013278988,11.65158447679774,0,normal
2026-01-03 04:15:00,P-101,65.29817394623748,2.205209025660281,4.8910953876790275,99.33154011031442,11.955459005359954,0,normal
2026-01-03 04:16:00,P-101,64.67041855589773,2.2488393171743377,4.953172078096739,100.26752856472814,11.826325354639405,0,normal
2026-01-03 04:17:00,P-101,64.4538573924667,1.9783798700410768,4.9726010988295934,96.73733840677968,12.022941643291198,0,normal
2026-01-03 04:18:00,P-101,65.27744772716488,2.1870544616237333,4.924404970702856,99.44845997548168,11.660019421255342,0,normal
2026-01-03 04:19:00,P-101,64.910745683361,2.1595635001818607,5.093381040050009,98.13532291277578,12.013322229428251,0,normal
2026-01-03 04:20:00,P-101,64.97941884796026,2.3173377622251707,5.100344020423056,100.16221589617103,11.878856790615464,0,normal
2026-01-03 04:21:00,P-101,65.60242113807624,2.260634147142531,4.910952374196655,94.83005478135394,11.698069270216417,0,normal
2026-01-03 04:22:00,P-101,64.8089943645989,2.0239299973935174,5.109892429962503,98.50181274999797,11.665754741791805,0,normal
2026-01-03 04:23:00,P-101,64.95218793865588,2.3196815437553298,4.97586540397988,97.6163050750276,11.835473963010626,0,normal
2026-01-03 04:24:00,P-101,64.68090057675994,2.253029395582084,5.176264634581695,99.50073543644626,12.201922169151572,0,normal
2026-01-03 04:25:00,P-101,65.27391380264997,2.0445824511760233,5.006029032383258,99.59010032465048,11.98266527303362,0,normal
2026-01-03 04:26:00,P-101,65.24498894078506,2.2075868300684793,5.01525079565804,97.49173031350504,12.050287992980046,0,normal
2026-01-03 04:27:00,P-101,65.67583185390941,2.313805813470792,5.073043803460838,97.50505625789688,12.25808005213016,0,normal
2026-01-03 04:28:00,P-101,64.62742741286239,2.079036887818872,5.075527921133471,98.60935866469246,12.011031876905289,0,normal
2026-01-03 04:29:00,P-101,64.63407373946043,2.3299468501210048,5.007913853904193,97.21626092746806,11.804727913411574,0,normal
2026-01-03 04:30:00,P-101,65.50598655549216,2.0678175893247093,4.993795381186117,100.36752035471856,12.119625672047528,1,bearing_wear
2026-01-03 04:31:00,P-101,65.19549769472412,2.1298587117511794,5.018081092254706,98.20918032551876,11.872550768235563,1,bearing_wear
2026-01-03 04:32:00,P-101,64.27565324561965,2.1527558153764828,4.879497583440342,93.663047547167,11.691315582228933,1,bearing_wear
2026-01-03 04:33:00,P-101,65.80868219184909,2.4279609136323805,4.9930782385066665,98.24288781861782,11.660733721064254,1,bearing_wear
2026-01-03 04:34:00,P-101,64.1127749247006,2.2261644283921673,4.893050438636571,97.07019659114307,12.119693998760022,1,bearing_wear
2026-01-03 04:35:00,P-101,65.48287262741333,2.166731237418394,4.835591808803756,96.02535236093782,11.82964434599805,1,bearing_wear
2026-01-03 04:36:00,P-101,64.23749068490618,2.4067878090518846,4.971094056394396,96.75641829046349,12.04682788784959,1,bearing_wear
2026-01-03 04:37:00,P-101,66.27742331344308,2.4165735955248104,5.080388668186133,99.20292158391165,11.844827147047102,1,bearing_wear
2026-01-03 04:38:00,P-101,64.16179882543871,2.4137944885359106,5.079004337274248,101.41980123625235,12.164726136186829,1,bearing_wear
2026-01-03 04:39:00,P-101,65.77745578228348,2.3576685391535213,4.9904091508133295,99.6143011514122,11.94528252267656,1,bearing_wear
2026-01-03 04:40:00,P-101,65.10042258642554,2.4021090048743012,5.102101708053153,97.98124291808682,12.065346894898502,1,bearing_wear
2026-01-03 04:41:00,P-101,64.96796985094846,2.3409381319535876,4.959325839355478,99.9160136714738,12.303424944854946,1,bearing_wear
2026-01-03 04:42:00,P-101,65.39791341904659,2.6107776759787154,4.848666878333228,98.29151646590893,12.169472205476383,1,bearing_wear
2026-01-03 04:43:00,P-101,65.57473323474022,2.5046691871840396,4.826154366179162,97.89014567732296,12.034603734362133,1,bearing_wear
2026-01-03 04:44:00,P-101,64.58611911185821,2.5076812704808735,4.888168372948929,97.08517387906296,11.722365126646999,1,bearing_wear
2026-01-03 04:45:00,P-101,64.86629051796506,2.56873689057233,5.017487600010873,96.0323867982517,12.592242835318897,1,bearing_wear
2026-01-03 04:46:00,P-101,65.79738430545738,2.538815572872459,4.940628993940252,98.50651817829689,12.46003974732445,1,bearing_wear
2026-01-03 04:47:00,P-101,64.27776204221003,2.4130746465631563,5.027423386554584,99.51562816245723,12.30392171533716,1,bearing_wear
2026-01-03 04:48:00,P-101,64.8141170399008,2.569452655190836,5.106039914175665,99.08000773247863,11.952848236417662,1,bearing_wear
2026-01-03 04:49:00,P-101,67.29842355844198,2.524251386083999,4.90827355609151,98.52803434719564,12.098342403484486,1,bearing_wear
2026-01-03 04:50:00,P-101,64.72288115113811,2.73807529332354,5.009468191217493,97.59732099917808,11.896997523817967,1,bearing_wear
2026-01-03 04:51:00,P-101,66.12429967707016,2.6764543274866908,5.041901808530156,100.41743934442562,12.417437236562602,1,bearing_wear
2026-01-03 04:52:00,P-101,64.9962209147418,2.6640128719279126,4.909495669005948,96.97473281990652,12.144789180481029,1,bearing_wear
2026-01-03 04:53:00,P-101,65.69350344673003,2.408284963445872,5.102449114421699,100.76543496545432,12.02693896475641,1,bearing_wear
2026-01-03 04:54:00,P-101,65.81758946068096,2.608946540005589,4.955736980910161,97.58764747986235,12.088175581991232,1,bearing_wear
2026-01-03 04:55:00,P-101,66.15622414148153,2.6107514433260897,4.95374074740325,98.06034560671614,12.336210255529698,1,bearing_wear
2026-01-03 04:56:00,P-101,65.32271855341772,2.671655032413342,5.115789352420604,96.7976427131346,12.431009653024669,1,bearing_wear
2026-01-03 04:57:00,P-101,66.86533312258985,2.6672989948294257,5.022178610863933,98.55849388982628,12.493650163626185,1,bearing_wear
2026-01-03 04:58:00,P-101,65.1661817744927,2.6637782031319874,5.077168089722206,101.23977512442214,12.466033577641044,1,bearing_wear
2026-01-03 04:59:00,P-101,65.63350585873113,2.751920194840158,5.099198205401454,100.43557001949252,12.160390363781678,1,bearing_wear
2026-01-03 05:00:00,P-101,65.45838568774239,2.644683193251354,4.967385384103152,101.29185640652976,11.67283521311001,1,bearing_wear
2026-01-03 05:01:00,P-101,64.77046805977953,2.8147281650795395,5.092425869603661,100.49383928099031,12.32843520487624,1,bearing_wear
2026-01-03 05:02:00,P-101,65.32057133527145,2.6021067119431236,4.940774318078488,97.59069061283256,12.158010396001805,1,bearing_wear
2026-01-03 05:03:00,P-101,65.65127508232904,2.6552591138826678,4.951928516552627,99.00521538063072,12.2781580728711,1,bearing_wear
2026-01-03 05:04:00,P-101,65.21248497797916,2.87143492419266,4.963156420607387,98.21964186689566,12.235341602790655,1,bearing_wear
2026-01-03 05:05:00,P-101,67.16384372763783,2.6272112939159316,4.97687968790282,102.04242263489677,12.055687409444241,1,bearing_wear
2026-01-03 05:06:00,P-101,65.0578408170311,2.9390803228502542,5.032716725317596,97.51657750315948,12.322229047045955,1,bearing_wear
2026-01-03 05:07:00,P-101,66.34188446942069,2.863365662760724,5.031733570595306,101.30288247351524,12.442414495123682,1,bearing_wear
2026-01-03 05:08:00,P-101,66.23827208755989,2.769383051646102,4.9788642112392045,101.32499202624024,12.473157736337576,1,bearing_wear
2026-01-03 05:09:00,P-101,65.63722583564866,3.1564733356393107,5.077559924977789,103.0344572656952,12.598637096445097,1,bearing_wear
2026-01-03 05:10:00,P-101,65.11525520486066,2.9996484453976935,4.9710090978437895,99.02718684608338,12.44231533017574,1,bearing_wear
2026-01-03 05:11:00,P-101,65.1562718795106,2.767330055684629,4.9877380633689805,101.0702989294508,12.220554610042623,1,bearing_wear
2026-01-03 05:12:00,P-101,65.28217844551483,2.943538477352923,5.042593889414928,103.91860174718197,12.479233967537859,1,bearing_wear
2026-01-03 05:13:00,P-101,64.5122210545885,2.873689231294858,5.019676169314455,98.723394441782,12.23726902224091,1,bearing_wear
2026-01-03 05:14:00,P-101,64.98491118748885,2.760508549870615,4.998245417479548,97.09560820231282,12.249595493214551,1,bearing_wear
2026-01-03 05:15:00,P-101,64.75731530785202,2.7681069930528035,4.93955458215919,96.49820249168884,12.435596958518499,1,bearing_wear
2026-01-03 05:16:00,P-101,66.68070233089234,2.992431219506785,5.071184278267919,101.188649374716,12.499576137152049,1,bearing_wear
2026-01-03 05:17:00,P-101,66.15866056226206,2.89136656655704,4.949828912734361,96.53965033099372,12.62290173413145,1,bearing_wear
2026-01-03 05:18:00,P-101,66.28585713544736,2.9302042967471227,4.946978123325152,99.28270375277629,12.74640102175281,1,bearing_wear
2026-01-03 05:19:00,P-101,66.02303215356874,2.775674522769326,4.904874504926325,100.76360203400398,12.359634856707007,1,bearing_wear
2026-01-03 05:20:00,P-101,65.4788204485752,2.8290578298406635,5.07215565333287,100.33331596629384,11.563061465789788,1,bearing_wear
2026-01-03 05:21:00,P-101,66.7211126531316,2.915873946557476,5.008760929915557,100.78936245819764,12.6368649020212,1,bearing_wear
2026-01-03 05:22:00,P-101,65.27163490806974,2.9483349515325465,5.019233502019506,100.447243692377,12.258404167809683,1,bearing_wear
2026-01-03 05:23:00,P-101,65.74025707318556,2.693390846918557,5.096932581683616,102.37263775846492,12.234234278177311,1,bearing_wear
2026-01-03 05:24:00,P-101,66.17342872901983,2.9682567341882775,4.950382191707198,98.38006279190456,12.24439174423056,1,bearing_wear
2026-01-03 05:25:00,P-101,64.79305195965159,2.8920158298084857,4.892783934587329,98.89918819805186,12.233871723685768,1,bearing_wear
2026-01-03 05:26:00,P-101,67.81136428949743,3.0643499584761615,4.9923899726614795,98.75053235064144,12.457438459484385,1,bearing_wear
2026-01-03 05:27:00,P-101,65.61143808912932,3.2222024423531517,5.038149266656521,101.65919580109002,12.105698650271759,1,bearing_wear
2026-01-03 05:28:00,P-101,65.87089725801225,2.9165312913675723,4.999691455545765,101.80908901769904,12.16337900820909,1,bearing_wear
2026-01-03 05:29:00,P-101,66.58278822284561,2.810760663746679,5.113402495791,101.0240865325668,12.432428939352025,1,bearing_wear
2026-01-03 05:30:00,P-101,66.32030866258441,2.955134821164907,4.849624999135359,102.3656658875854,12.567977590863922,1,bearing_wear
2026-01-03 05:31:00,P-101,65.69632717846227,2.926528687285261,5.059787820014147,98.13838553611627,12.44065106677514,1,bearing_wear
2026-01-03 05:32:00,P-101,65.7871308379066,3.1105608705233094,5.088214038932972,103.2833283407476,12.289985883780943,1,bearing_wear
2026-01-03 05:33:00,P-101,64.67249368408999,3.074291734184611,5.062449983303704,103.0476028864672,12.248215845046627,1,bearing_wear
2026-01-03 05:34:00,P-101,65.35205804404207,3.0547356016213625,4.783020116820318,101.65332252831548,12.334685319344429,1,bearing_wear
2026-01-03 05:35:00,P-101,66.10802944474929,2.9317922410582886,5.125470717110533,103.55985022816142,12.484028617117549,1,bearing_wear
2026-01-03 05:36:00,P-101,66.05289197224288,3.015139320883452,4.902090391524218,97.39407792687292,12.581021652304095,1,bearing_wear
2026-01-03 05:37:00,P-101,66.29065713627828,2.9770147348747593,4.959015135216232,99.45535737030688,11.912246722029424,1,bearing_wear
2026-01-03 05:38:00,P-101,65.50572541184627,2.965745260535958,4.979050088130547,99.0991574665852,12.2646501967659,1,bearing_wear
2026-01-03 05:39:00,P-101,64.68162861295995,2.7455330513764595,5.0459660632701775,101.74468008445398,12.159097492027382,1,bearing_wear
2026-01-03 05:40:00,P-101,66.27526583637825,3.0265426903851953,5.030550463591847,98.57905006383685,11.989759496115223,1,bearing_wear
2026-01-03 05:41:00,P-101,66.70251208579609,2.985999646309223,5.081059356887492,101.85605180851408,12.609065079608273,1,bearing_wear
2026-01-03 05:42:00,P-101,66.25675421482286,2.9100697707216425,5.086937269305819,102.98275236003232,12.570441630618769,1,bearing_wear
2026-01-03 05:43:00,P-101,65.6124051985083,2.899648663579366,5.035608378954227,101.79034746593078,12.474151764298622,1,bearing_wear
2026-01-03 05:44:00,P-101,66.42736031579209,2.750886998446337,5.03984354399751,101.07289578634789,12.563603779949506,1,bearing_wear
2026-01-03 05:45:00,P-101,67.78520882788004,2.9440233502114035,4.911718229416713,98.80709895242704,12.18231902290073,1,bearing_wear
2026-01-03 05:46:00,P-101,65.68211477043403,2.708293961139072,4.938268424993106,99.08403014704388,12.215459301894175,1,bearing_wear
2026-01-03 05:47:00,P-101,64.96534008592292,2.967861338818002,5.091489508747218,102.88072930899791,12.835568560505875,1,bearing_wear
2026-01-03 05:48:00,P-101,65.18981200431105,2.766093313821159,5.0791772433832,102.05725793121924,12.327165689500376,1,bearing_wear
2026-01-03 05:49:00,P-101,66.09745526598236,2.6002273577412245,5.056737645808386,100.60716866572773,12.490682182777444,1,bearing_wear
2026-01-03 05:50:00,P-101,64.59103595329769,3.0251071988145393,4.963471815775934,99.9480989091891,12.278281546295887,1,bearing_wear
2026-01-03 05:51:00,P-101,65.60104067440841,2.7460908524488152,5.0345021593450445,97.07677101089864,11.903847100105772,1,bearing_wear
2026-01-03 05:52:00,P-101,65.73144891333533,2.783349041488169,4.906898241405001,98.81853530786258,11.818984435811531,1,bearing_wear
2026-01-03 05:53:00,P-101,66.50950403512061,2.916419801231091,5.117509411452864,104.2094224762505,12.262504337933605,1,bearing_wear
2026-01-03 05:54:00,P-101,66.42908577890087,2.9745839967059493,4.966607035133704,98.48679912209168,12.483723498232981,1,bearing_wear
2026-01-03 05:55:00,P-101,66.2103911749593,2.634354931336987,5.129445778721776,101.15538502779316,12.493743432081814,1,bearing_wear
2026-01-03 05:56:00,P-101,64.25576442616035,2.725197792876359,4.920002778254107,102.65037246986904,12.553051287962383,1,bearing_wear
2026-01-03 05:57:00,P-101,66.07293534592661,2.682323611269199,5.109445411772089,98.60071285577926,12.045604603124053,1,bearing_wear
2026-01-03 05:58:00,P-101,66.29728602583282,2.8493304789819422,4.986843495261587,101.21459983030286,12.61934577866523,1,bearing_wear
2026-01-03 05:59:00,P-101,65.66235294872834,2.918734301860902,4.999365070552705,102.59286184735268,12.11177059409303,1,bearing_wear
2026-01-03 06:00:00,P-101,64.45197662725882,2.6280592111169736,5.023134214954571,100.94954976255788,12.320812882771834,1,bearing_wear
2026-01-03 06:01:00,P-101,65.08810243211347,2.8940520646459564,5.012330040121401,106.11255640174494,12.40191548421825,1,bearing_wear
2026-01-03 06:02:00,P-101,64.70902189207777,2.606053888543773,4.974619705794976,97.9682735886137,12.167722747823628,1,bearing_wear
2026-01-03 06:03:00,P-101,64.25324324830157,2.7250568692736414,4.977363411622827,102.89972501917867,12.577605273704982,1,bearing_wear
2026-01-03 06:04:00,P-101,65.43462444157926,2.528286999349411,4.957977259165679,100.70517063342224,12.075630235933144,1,bearing_wear
2026-01-03 06:05:00,P-101,64.79992697096596,2.592589108848608,5.058360091020425,102.4278074499385,12.00633809725923,1,bearing_wear
2026-01-03 06:06:00,P-101,67.12693222022314,2.640996972898948,4.9554381893727175,101.8547774043964,12.27775520130381,1,bearing_wear
2026-01-03 06:07:00,P-101,65.23203544533021,2.5976371929428,4.943853916796265,99.76275132466492,12.094247639222214,1,bearing_wear
2026-01-03 06:08:00,P-101,66.47862134235555,2.675968722042552,4.91907028416256,101.51656716448085,12.886930649139222,1,bearing_wear
2026-01-03 06:09:00,P-101,64.48563433399721,2.4868837117833653,4.942545093414296,97.78202410115894,12.258947332318103,1,bearing_wear
2026-01-03 06:10:00,P-101,64.90688057508224,2.4435724982758034,5.114151100061912,102.23389579812378,12.167497756033251,1,bearing_wear
2026-01-03 06:11:00,P-101,65.37529786845221,2.582635794415762,4.957849328214268,101.70646830214751,11.991769006056737,1,bearing_wear
2026-01-03 06:12:00,P-101,64.53981813666574,2.6521819034924343,4.972195991191512,102.34103197546192,11.838938802890391,1,bearing_wear
2026-01-03 06:13:00,P-101,64.96430065295493,2.492073054964973,5.044750973971138,103.1176437717431,12.04612587800844,1,bearing_wear
2026-01-03 06:14:00,P-101,65.2254517322423,2.5537760330229915,4.993006837515962,101.8962587881928,12.17879141282922,1,bearing_wear
2026-01-03 06:15:00,P-101,65.23495189044941,2.588187778422645,5.171196212016968,101.52254016824918,12.422857223462914,1,bearing_wear
2026-01-03 06:16:00,P-101,66.47807549434677,2.61701526904019,4.985537191159711,99.6914148687049,12.318955730242012,1,bearing_wear
2026-01-03 06:17:00,P-101,65.4599578536313,2.3620927093237825,5.023631487935145,100.01662036999294,12.156746563609529,1,bearing_wear
2026-01-03 06:18:00,P-101,65.57563928099368,2.363350020947848,5.1006232131948215,103.45593982588694,12.156527836635282,1,bearing_wear
2026-01-03 06:19:00,P-101,65.57311144369902,2.3486327780226417,5.103983846533241,103.92633959228412,12.315218716205814,1,bearing_wear
2026-01-03 06:20:00,P-101,65.56369915999156,2.526385470734068,5.0256638578475865,100.93337271385694,12.040590036400735,1,bearing_wear
2026-01-03 06:21:00,P-101,65.24748943160007,2.440613686194149,5.003378356618603,101.46572806866229,12.464552362663309,1,bearing_wear
2026-01-03 06:22:00,P-101,64.88887228950347,2.402289305281203,5.139436833224477,99.77548356779292,12.027625076327906,1,bearing_wear
2026-01-03 06:23:00,P-101,65.37427194157686,2.450749417735381,5.028372095638933,103.53553149109318,12.12250492606657,1,bearing_wear
2026-01-03 06:24:00,P-101,65.76576669238835,2.164920713640565,4.99551180573951,102.64301130495036,11.690322522828685,1,bearing_wear
2026-01-03 06:25:00,P-101,65.76056616710453,2.50514869887272,5.0043911219206745,104.9600551101256,12.14673909210863,1,bearing_wear
2026-01-03 06:26:00,P-101,64.98379416238284,2.331852093901647,4.878177720474263,99.90539446637368,12.210725180538022,1,bearing_wear
2026-01-03 06:27:00,P-101,65.45486687991522,2.288549870173922,5.065776926468574,100.82638238119732,11.813890711226389,1,bearing_wear
2026-01-03 06:28:00,P-101,64.92063551425147,2.093311232339493,4.855072481280914,101.94372690779714,11.94206572044762,1,bearing_wear
2026-01-03 06:29:00,P-101,65.08466936332714,2.329750022224843,5.02670978976427,102.71103886276153,12.29501746872741,1,bearing_wear
2026-01-03 06:30:00,P-101,64.59548956070907,2.177711608346259,4.997452695066624,101.1792939465621,11.736784569239546,1,bearing_wear
2026-01-03 06:31:00,P-101,64.95614690416,2.076203559035839,5.1569596338572605,100.01620704010593,12.212046412711562,0,normal
2026-01-03 06:32:00,P-101,65.86815161923366,2.104199299015835,4.903724553360041,103.19401393699944,11.98939164007536,0,normal
2026-01-03 06:33:00,P-101,65.06359033709313,2.0739124753058196,4.966176452536809,102.9253682625714,12.010047403778902,0,normal
2026-01-03 06:34:00,P-101,65.0092387804665,2.0628278833351104,4.990450998622081,99.99777507297968,11.775157571164272,0,normal
2026-01-03 06:35:00,P-101,64.12889001299328,2.214006961409103,5.027238023787644,104.10650774104867,12.198804484317035,0,normal
2026-01-03 06:36:00,P-101,65.01100488099694,2.1855538263792025,4.9994579567444,103.79260781011028,12.605752631309183,0,normal
2026-01-03 06:37:00,P-101,64.91829802142428,2.2419958172285224,5.013805038814336,101.94741924724882,12.214722025309593,0,normal
2026-01-03 06:38:00,P-101,64.42017383116422,2.362925255301364,4.930513528063185,101.8682919084067,11.883191704864094,0,normal
2026-01-03 06:39:00,P-101,65.12236216577189,2.19942444557036,5.052418936939327,102.74154354096812,12.30937042332734,0,normal
2026-01-03 06:40:00,P-101,64.70109299055599,1.9732323825131823,4.839618928358732,100.21229023041616,11.943032797725634,0,normal
2026-01-03 06:41:00,P-101,65.16749366304587,2.1890037625180807,5.016560343600607,101.83641985120146,12.329989591821557,0,normal
2026-01-03 06:42:00,P-101,65.11367749263846,2.3233052192119197,4.937244734358361,97.92697029568112,12.099144389303309,0,normal
2026-01-03 06:43:00,P-101,64.20841526358883,2.171938120884437,5.1051168281420765,103.39766721491128,11.513301703352992,0,normal
2026-01-03 06:44:00,P-101,64.66035261736499,2.343734068338206,5.113152108549968,99.02803336056358,11.770025074225902,0,normal
2026-01-03 06:45:00,P-101,65.1643163435536,2.2583253661433873,5.022460723578492,104.5634375391017,12.32578017074013,0,normal
2026-01-03 06:46:00,P-101,65.79386651320063,2.0189240988972625,5.110165933038575,101.2815117998675,12.068776808425028,0,normal
2026-01-03 06:47:00,P-101,65.11109165307583,2.20458384684482,4.9930024385445915,101.513057818872,11.840640545024591,0,normal
2026-01-03 06:48:00,P-101,64.53360555182118,2.225570234428475,4.940194652763903,100.78235093829396,11.896752625050055,0,normal
2026-01-03 06:49:00,P-101,65.14074145512424,2.2944799643120195,5.13633223046441,101.4118976211416,11.661109604616373,0,normal
2026-01-03 06:50:00,P-101,66.150988503878,2.3866587115404543,5.081471356793951,104.501700566257,12.11737635948243,0,normal
2026-01-03 06:51:00,P-101,65.72423300977918,2.3054438436961626,4.97519214589241,97.48814493097224,12.36678229313232,0,normal
2026-01-03 06:52:00,P-101,65.45720355168918,2.255626414813696,5.090927156166202,104.2824732909297,12.289460876874356,0,normal
2026-01-03 06:53:00,P-101,65.652367705097,2.2882741518473786,5.04529495812608,102.60999056669688,12.516383117238592,0,normal
2026-01-03 06:54:00,P-101,65.99612510824497,2.190074174362626,4.993618627187957,99.84639857438634,12.171871375189586,0,normal
2026-01-03 06:55:00,P-101,65.77213978940182,2.062053058981011,4.908157961379542,100.1008399291102,12.208521066543844,0,normal
2026-01-03 06:56:00,P-101,65.55982681791961,2.2260276166443593,5.03177391606632,105.07114876676084,12.54695020055183,0,normal
2026-01-03 06:57:00,P-101,65.72489870492399,2.2399897484247964,5.047316293010157,100.3688413368064,12.086517891972637,0,normal
2026-01-03 06:58:00,P-101,64.28394380336528,2.078150467801598,4.991523074908965,100.01170747070422,11.962905759819751,0,normal
2026-01-03 06:59:00,P-101,64.13940709690483,2.3459055366272534,5.104680407814818,104.15176045356908,12.331084316931475,0,normal
2026-01-03 07:00:00,P-101,65.23255545248621,2.3154486820702673,5.054163006879419,102.73071552087428,12.372689513050606,0,normal
2026-01-03 07:01:00,P-101,65.0157662562326,2.0595237207523276,4.943026952924122,100.4496495190101,11.91749655702786,0,normal
2026-01-03 07:02:00,P-101,64.62266381986727,2.333863840839089,4.933101001441931,102.54430384901788,11.93201529900253,0,normal
2026-01-03 07:03:00,P-101,65.5499298799818,2.170668636746878,4.992241050075016,100.32435450701284,12.03750184169656,0,normal
2026-01-03 07:04:00,P-101,63.89111162568588,2.1338048957029288,5.004987852626928,104.16838439942492,12.291351305369082,0,normal
2026-01-03 07:05:00,P-101,64.75145547725207,2.3192486199820395,5.064676879324305,104.11343526507868,12.283021267684672,0,normal
2026-01-03 07:06:00,P-101,64.61844046046598,2.187313023253872,4.981495408314761,103.17650444281531,11.81046161324694,0,normal
2026-01-03 07:07:00,P-101,64.10051582121999,2.408674187116217,4.985779257997353,102.8856720800195,12.46889137581325,0,normal
2026-01-03 07:08:00,P-101,65.98360856392061,2.1160864423765338,5.1279195985681705,105.42047183365266,12.03438116913021,0,normal
2026-01-03 07:09:00,P-101,64.12175007426126,2.0274320646190116,5.033027016065497,102.26528082615437,12.014945425406916,0,normal
2026-01-03 07:10:00,P-101,64.5560085244968,2.164919550368735,4.952347550130516,100.15384447104265,11.824084462133715,0,normal
2026-01-03 07:11:00,P-101,65.81167763926649,2.3042354838138372,5.032289953447226,103.1055026835774,12.63283084769474,0,normal
2026-01-03 07:12:00,P-101,65.50057187653252,2.1165019761097428,5.1571880311850595,106.06642441749416,12.230406866582417,0,normal
2026-01-03 07:13:00,P-101,64.22536735312592,2.060782065244698,5.025564269597052,100.49992014178216,11.844802588117153,0,normal
2026-01-03 07:14:00,P-101,65.52184454605744,2.2318329185603343,5.058413139079417,101.69065824196582,12.223504457251464,0,normal
2026-01-03 07:15:00,P-101,65.27480772912241,2.063511029611199,4.978399119055327,103.10555366122485,12.246993765698752,0,normal
2026-01-03 07:16:00,P-101,66.52720330496548,2.2318955773434026,5.09458371948859,102.27343630891674,12.030657684551526,0,normal
2026-01-03 07:17:00,P-101,65.3278789498018,2.1734025725180297,5.1684340243873,100.61668661548336,12.186621941021178,0,normal
2026-01-03 07:18:00,P-101,64.8968155592724,2.2481463908886017,4.988781246190862,104.41839811667612,11.96749355133411,0,normal
2026-01-03 07:19:00,P-101,64.47795605078306,2.0655808136544755,4.983159423848374,106.58920020544132,12.09909235117339,0,normal
2026-01-03 07:20:00,P-101,64.40471756555762,2.3170706870391036,5.040088833162139,102.78008760936788,11.681359297367823,0,normal
2026-01-03 07:21:00,P-101,64.3791152875336,2.1720811457392477,5.069420377758885,100.81350242697756,11.759614855965411,0,normal
2026-01-03 07:22:00,P-101,66.01424474761507,2.290412897484462,4.99026592502827,99.6663202071788,12.3515157673495,0,normal
2026-01-03 07:23:00,P-101,65.157369371064,2.31263770913458,4.955598335479621,102.93227832026068,12.416254075152285,0,normal
2026-01-03 07:24:00,P-101,65.41893215586734,2.0901436790815477,5.037081318083302,104.46822094079296,12.147204357953582,0,normal
2026-01-03 07:25:00,P-101,66.13583810448716,2.305548855475046,5.075363566900415,103.34971078059932,12.433077612855948,0,normal
2026-01-03 07:26:00,P-101,63.4820755927923,2.0592164407972424,4.996538723818284,102.50309517045086,12.043077957791866,0,normal
2026-01-03 07:27:00,P-101,65.82955493860449,2.062790453329639,5.057103768127606,101.45959168847608,11.9951056901407,0,normal
2026-01-03 07:28:00,P-101,65.0459181750467,2.3975325158717045,5.087200647342929,100.56708923761347,12.028314806821516,0,normal
2026-01-03 07:29:00,P-101,65.3165418017331,2.315043663755869,5.057296974127224,104.04808303232927,12.096458171905166,0,normal
2026-01-03 07:30:00,P-101,64.49060261203576,2.4106880982487615,5.040070750126083,104.20270941155631,12.083042017634654,0,normal
2026-01-03 07:31:00,P-101,64.58697931738472,2.171871188525067,5.0559324641713586,99.78783894055182,12.222314789646465,0,normal
2026-01-03 07:32:00,P-101,65.38542065469362,2.217976675129535,4.994512304496764,105.44393624173703,12.193345218043351,0,normal
2026-01-03 07:33:00,P-101,66.6379507131771,2.2627882910137105,4.969444996833192,103.62746851916968,12.25132040846185,0,normal
2026-01-03 07:34:00,P-101,65.77816452159716,2.2131816854283217,5.032591589100741,105.125164904577,12.360031052192776,0,normal
2026-01-03 07:35:00,P-101,65.85188031439431,2.1287338739843817,4.967585018902438,100.20165807394518,12.0836869013493,0,normal
2026-01-03 07:36:00,P-101,64.80906976540054,2.10283388347719,4.945470427333505,100.1704365603838,11.811058831629868,0,normal
2026-01-03 07:37:00,P-101,64.54007311573342,2.213409750335934,5.151853244622838,102.37204513729226,11.80058817632596,0,normal
2026-01-03 07:38:00,P-101,64.54023266892628,2.098771831542641,5.187602613251374,103.55630885867744,12.136445392721784,0,normal
2026-01-03 07:39:00,P-101,64.73253888074508,2.096218428111651,5.034197545266573,105.8956898224464,12.142619433708404,0,normal
2026-01-03 07:40:00,P-101,63.71322041544661,2.244789086487739,5.045859942656709,103.94396161743234,12.135797134306994,0,normal
2026-01-03 07:41:00,P-101,64.5512701243962,2.193051801682953,5.009319078808059,102.24680762125242,12.064193420787856,0,normal
2026-01-03 07:42:00,P-101,64.82551009538433,2.3154051581236814,5.085991128343104,100.84661815348323,12.54211327663781,0,normal
2026-01-03 07:43:00,P-101,64.8445441957619,2.152769088605263,5.140578853151116,104.9183663822312,11.881505740338667,0,normal
2026-01-03 07:44:00,P-101,64.95661045205425,2.127128448513134,4.8853716480021925,100.97801139104676,11.63135108776718,0,normal
2026-01-03 07:45:00,P-101,65.3182440086137,2.251801161775783,5.089877485205248,105.65567292006544,12.236145554305883,0,normal
2026-01-03 07:46:00,P-101,64.98728326242735,2.1184529130606498,4.930745680724866,102.22231746061462,11.9913850129008,0,normal
2026-01-03 07:47:00,P-101,64.70305887146444,2.143444013454301,5.179147743152349,105.60686921010796,12.23141965024923,0,normal
2026-01-03 07:48:00,P-101,63.80642976552846,2.147596033379321,5.070570764106314,103.97534019915864,12.23603681043156,0,normal
2026-01-03 07:49:00,P-101,64.74235415107533,2.192321760403188,4.967524977908882,102.51594455942666,12.33229927581858,0,normal
2026-01-03 07:50:00,P-101,64.28168689192316,2.3673899179204154,5.001474754126819,101.83672512824684,11.753656589770618,0,normal
2026-01-03 07:51:00,P-101,65.2867259574119,2.060467697050664,5.0014409479983435,102.16693560769744,11.95366448865949,0,normal
2026-01-03 07:52:00,P-101,65.65843324076393,2.3372532076875205,5.072360901041409,103.56029950394016,12.192561236894358,0,normal
2026-01-03 07:53:00,P-101,65.6948400322946,2.2834665429096352,5.1023018699186355,102.93679876262117,12.24219668201608,0,normal
2026-01-03 07:54:00,P-101,65.66380419836192,2.3763304470088658,4.93700020514164,101.73747155796592,12.490814056796657,0,normal
2026-01-03 07:55:00,P-101,65.00653014336041,2.524333961564173,5.1538771897558044,102.51643746919572,12.266633918298645,0,normal
2026-01-03 07:56:00,P-101,64.68787653081237,2.346247890464124,5.142039117151031,102.96408096035717,12.07756470963346,0,normal
2026-01-03 07:57:00,P-101,64.44154026619287,2.2842417869138103,4.9287155014900055,98.99881512213793,11.791877303075603,0,normal
2026-01-03 07:58:00,P-101,64.01908648069112,2.0686315964354693,5.041725712436384,103.66295868310227,11.997030789949266,0,normal
2026-01-03 07:59:00,P-101,65.61457988270666,2.0779349141205024,5.130579621881864,101.08230237938626,11.913928506790166,0,normal
2026-01-03 08:00:00,P-101,64.94046447718418,2.2421934929323704,5.094076013298575,100.77717122311512,12.154361862396206,0,normal
2026-01-03 08:01:00,P-101,64.2060116286051,2.032036136003319,4.974659414818225,99.82314269215772,12.046093769881898,0,normal
2026-01-03 08:02:00,P-101,64.36632804758584,2.2505207756202643,5.05338751250208,99.6383725482328,11.724421262278549,0,normal
2026-01-03 08:03:00,P-101,64.41051548900676,1.9835418950025177,5.214148012348188,100.43441319278485,11.92585210196546,0,normal
2026-01-03 08:04:00,P-101,65.10624299900104,2.324169290984028,5.023407632062545,101.60464333329595,12.223648810689165,0,normal
2026-01-03 08:05:00,P-101,65.78570440569167,2.1783271462347233,5.019746943968286,106.40323215690876,12.262429435702074,0,normal
2026-01-03 08:06:00,P-101,64.83405634869077,2.2195453580816356,5.031540278034019,101.94708883876204,12.172141588365417,0,normal
2026-01-03 08:07:00,P-101,63.59646511531663,2.13208984463521,5.049456151658144,103.21975049733318,12.173176856931448,0,normal
2026-01-03 08:08:00,P-101,65.02896240134984,2.027510744029531,4.999548588060966,103.62661597909728,12.434084626294691,0,normal
2026-01-03 08:09:00,P-101,64.94804506533828,2.329134796536734,5.062388122302937,103.14743675559416,12.1416317154327,0,normal
2026-01-03 08:10:00,P-101,64.85594622512576,2.3338152109507693,4.939969041137937,102.77771153188624,12.006126786382447,0,normal
2026-01-03 08:11:00,P-101,64.53614279846896,2.158450372814279,4.961122543173701,100.77099138643092,11.839978733366214,0,normal
2026-01-03 08:12:00,P-101,65.21697197321002,2.2748371359863415,5.1084713330580245,105.53941987271882,12.216104487823507,0,normal
2026-01-03 08:13:00,P-101,64.93709285841695,2.14880813038697,4.939016578110468,106.18575377184256,11.69743181020026,0,normal
2026-01-03 08:14:00,P-101,64.97000333490506,2.2272653317508966,5.062310559264079,99.90888278244444,11.960408683106792,0,normal
2026-01-03 08:15:00,P-101,65.26534869070838,2.2755861262657775,4.8701523481767435,101.0991043776142,11.991805159344157,0,normal
2026-01-03 08:16:00,P-101,64.65074933812772,2.247524569391538,4.903239310837733,102.44320313590744,11.800401923353768,0,normal
2026-01-03 08:17:00,P-101,64.63149839347676,2.328128856058899,4.977221666546191,101.21501785601026,11.850797367949108,0,normal
2026-01-03 08:18:00,P-101,65.99434985807507,2.2630046069813416,5.058741128744204,103.86606597468489,12.277913485270194,0,normal
2026-01-03 08:19:00,P-101,65.39703901572587,2.2066322330650965,5.109252430290892,101.64839780719758,12.09559428403092,0,normal
2026-01-03 08:20:00,P-101,65.61667186538263,2.1329046090145214,5.072635252859545,106.8601659438373,12.226162645056585,0,normal
2026-01-03 08:21:00,P-101,65.87206360098594,2.160731818598326,5.033837717130201,105.109646966052,12.214558915767965,0,normal
2026-01-03 08:22:00,P-101,65.38355104295955,2.2857694054500386,5.074097729641814,103.35270422828766,12.119106644438414,0,normal
2026-01-03 08:23:00,P-101,65.74108270325736,2.0655464980307428,4.987255827727979,104.82187451607344,12.393228748053868,0,normal
2026-01-03 08:24:00,P-101,64.03421881848534,2.3175285216362527,5.0594287098321145,104.9669648677866,12.173694782374328,0,normal
2026-01-03 08:25:00,P-101,65.05124814769988,2.162576842358829,4.935679760866725,101.96409989235994,11.767280374007049,0,normal
2026-01-03 08:26:00,P-101,65.01122536153689,2.1329956794696345,5.020908254443179,101.51269182619,12.371406747760584,0,normal
2026-01-03 08:27:00,P-101,66.14923133415353,2.0968403451868407,5.022161796576848,103.12503393863054,12.167819071624685,0,normal
2026-01-03 08:28:00,P-101,65.6093669591545,2.268167905819965,4.989077554677595,104.53763091790552,12.018278181378152,0,normal
2026-01-03 08:29:00,P-101,64.53648326409785,2.192395594689774,5.043944043028191,103.23911984705497,11.846493251752644,0,normal
2026-01-03 08:30:00,P-101,65.27162786101023,2.362226426090553,5.012620059053731,100.15215833325558,12.083747594189276,0,normal
2026-01-03 08:31:00,P-101,65.11703878249024,2.0746119681757778,5.097756024765112,101.5474243901373,12.022988330709245,0,normal
2026-01-03 08:32:00,P-101,65.43554546139477,2.158209926819051,4.916214952093754,102.86092903081492,12.400657228130928,0,normal
2026-01-03 08:33:00,P-101,64.34356121190773,2.191441748987402,5.0232692685068585,102.85926920456512,12.016596620003588,0,normal
2026-01-03 08:34:00,P-101,65.24414012532971,2.1259719739372764,5.012254087451832,106.54724554310756,12.028941208356734,0,normal
2026-01-03 08:35:00,P-101,64.9196879007694,2.2083817267349524,5.065912432196381,100.50290881240396,12.194246508019306,0,normal
2026-01-03 08:36:00,P-101,65.28940217244855,2.244042628162969,5.091859647727468,103.90858031640175,12.30231378803542,0,normal
2026-01-03 08:37:00,P-101,64.60059073270257,2.2566131199166297,5.092347298011252,105.67957088564492,12.204117400091386,0,normal
2026-01-03 08:38:00,P-101,64.74148044604112,2.3645334567968925,5.021614066327198,107.088239439206,12.347918592711162,0,normal
2026-01-03 08:39:00,P-101,65.78421513195404,2.072077650689348,5.084702861917839,102.27199211120325,12.060622339187647,0,normal
2026-01-03 08:40:00,P-101,64.37365266080596,2.2403084404194806,4.931736565136931,103.88457301489636,12.16331021064874,0,normal
2026-01-03 08:41:00,P-101,64.48827650031902,2.1494562164407656,4.918783011907425,104.02547611589192,12.353762459989545,0,normal
2026-01-03 08:42:00,P-101,65.04543518484091,2.2520256810916197,4.944204000149274,103.3514970142409,12.225608577231528,0,normal
2026-01-03 08:43:00,P-101,64.51604512769428,2.245164518242752,5.025869222561349,102.82124592842324,12.050782490186172,0,normal
2026-01-03 08:44:00,P-101,64.55912115875708,2.116666892502814,5.085094261891153,103.78327538219727,12.38397077065115,0,normal
2026-01-03 08:45:00,P-101,64.88637576882091,2.0890934957406517,4.776074168372601,98.43964415532676,11.4802182501015,0,normal
2026-01-03 08:46:00,P-101,64.20970846923561,2.2726501664867316,5.134835945301572,104.22439470699864,12.537146503494348,0,normal
2026-01-03 08:47:00,P-101,64.25924457961268,2.1925598833380193,5.041403728921922,103.22258751894316,11.755485806590148,0,normal
2026-01-03 08:48:00,P-101,66.31849869756269,2.176133423773962,4.916192189379555,102.59362537108392,11.952390196178058,0,normal
2026-01-03 08:49:00,P-101,65.36590159445241,2.27348357510579,5.073834891335711,106.676860341544,12.192122303207306,0,normal
2026-01-03 08:50:00,P-101,64.52312681713104,2.2741310471412395,5.094235486701253,101.7758707673764,12.02397998887566,0,normal
2026-01-03 08:51:00,P-101,65.36605295434109,2.157804206269037,5.064593614563056,102.26327434916176,12.269180438480165,0,normal
2026-01-03 08:52:00,P-101,65.36371680603526,2.1142177714922017,5.142649932756555,106.57148183777775,11.985577131411286,0,normal
2026-01-03 08:53:00,P-101,65.68023304408631,2.077678236147967,4.919229396707757,101.48666607655544,12.096753345793276,0,normal
2026-01-03 08:54:00,P-101,64.89778632522709,2.2011097256628864,4.99093638711111,101.99167535707976,11.944107841068442,0,normal
2026-01-03 08:55:00,P-101,65.68388625124723,2.0633025716502704,4.9624171399502455,102.71455960868924,12.140464984128162,0,normal
2026-01-03 08:56:00,P-101,63.71761719544439,2.2148122671506525,5.165127276070868,104.48966617177662,12.121735533193725,0,normal
2026-01-03 08:57:00,P-101,64.35505232030957,2.326443976870309,5.078228836597403,103.34734375533388,12.119007443196612,0,normal
2026-01-03 08:58:00,P-101,65.07477679901308,2.1610266387295876,5.205724124709791,100.6433453482756,11.9093153939554,0,normal
2026-01-03 08:59:00,P-101,65.19964925868568,2.1447095676443406,4.987354893486839,102.00875608260458,11.95824989245892,0,normal
2026-01-03 09:00:00,P-101,64.44708377293834,2.404326449925338,4.967971075602273,101.86982704200344,12.113549314065589,0,normal
2026-01-03 09:01:00,P-101,65.26429612357032,2.361904253832966,5.018205034199619,102.820289890128,12.27335179785505,0,normal
2026-01-03 09:02:00,P-101,64.59170367388141,2.123220194147674,5.133703471139558,103.721846563998,11.991999530080372,0,normal
2026-01-03 09:03:00,P-101,64.79805440123043,2.2113959252462507,5.011411184218195,103.70395624744695,11.937365178508829,0,normal
2026-01-03 09:04:00,P-101,65.70642060827574,2.237475554274062,5.006211037802475,99.75004059489896,12.115193250981337,0,normal
2026-01-03 09:05:00,P-101,65.63953732146115,2.2259349506707395,5.055342845390269,104.85744961881925,12.13922270995304,0,normal
2026-01-03 09:06:00,P-101,64.44566472631682,2.3921820806687575,5.036687696830746,103.39229235465922,12.267868397436969,0,normal
2026-01-03 09:07:00,P-101,64.30634279849006,2.2079865605337288,5.008581682757261,105.4249574989634,11.981589282294673,0,normal
2026-01-03 09:08:00,P-101,64.64731329449758,2.2139607448896417,5.02766269799567,103.72730727493943,11.755931433163497,0,normal
2026-01-03 09:09:00,P-101,64.99680608410051,2.2704880786418316,5.036441832753744,104.90490148483391,12.040546228179752,0,normal
2026-01-03 09:10:00,P-101,64.5581686586568,2.3173694203168105,5.0370393870408074,103.75689132180328,11.959436217801096,0,normal
2026-01-03 09:11:00,P-101,65.72691702052066,2.299461283167653,5.119393435086395,105.33472578157055,12.144284093431056,0,normal
2026-01-03 09:12:00,P-101,65.22160513870793,2.2533286776708628,5.161701968705893,103.84580062821787,11.98800497599246,0,normal
2026-01-03 09:13:00,P-101,65.34442381306769,2.053326418506245,4.968405095237655,102.72355286245347,12.229909976140894,0,normal
2026-01-03 09:14:00,P-101,64.22991181771407,2.157261891197391,5.0424009937866385,106.98405475217778,12.15189159008083,0,normal
2026-01-03 09:15:00,P-101,65.81639232277301,2.2885310757460764,4.987125492406214,104.48763252946476,12.164723875638725,0,normal
2026-01-03 09:16:00,P-101,63.21901770529022,2.230997291413265,5.052233317753947,103.91362101483878,12.148935542133351,0,normal
2026-01-03 09:17:00,P-101,65.56184004303142,2.2848647490199343,4.968084245460411,100.57687074861796,12.056297140940975,0,normal
2026-01-03 09:18:00,P-101,65.61137205775024,2.389181683683038,5.022270031691545,100.54842533296062,12.011626937897825,0,normal
2026-01-03 09:19:00,P-101,64.79024740563857,2.090453185479125,5.111126387579259,103.38725038481236,12.203737649626431,0,normal
2026-01-03 09:20:00,P-101,65.80440441274413,2.311163905655694,4.854342859042361,103.1151077048683,11.934322204380887,0,normal
2026-01-03 09:21:00,P-101,65.07521983509749,2.1802474531241023,5.051828391940664,101.74037996686154,12.332094984336624,0,normal
2026-01-03 09:22:00,P-101,65.05648925215277,2.295353112783466,4.9987071559349925,103.09202493578434,12.045453271399824,0,normal
2026-01-03 09:23:00,P-101,65.18863095426674,2.1922136105150747,5.089130208384538,105.69006496256304,11.908392121297156,0,normal
2026-01-03 09:24:00,P-101,67.12721967865767,2.4190942808584976,4.977990806968018,104.0743667610532,12.15984567422995,0,normal
2026-01-03 09:25:00,P-101,65.82228737272986,2.2071121601948493,5.091345856083606,100.76075869021253,11.85258666421688,0,normal
2026-01-03 09:26:00,P-101,65.52966766801715,2.144397993284832,5.0899858052991425,102.60561620363232,12.211235393010744,0,normal
2026-01-03 09:27:00,P-101,64.57551373677309,2.26128307977219,5.053274424436932,101.34897740389468,12.482390437325316,0,normal
2026-01-03 09:28:00,P-101,65.06023377103797,2.2286114648691195,5.076440496328,102.09146960812934,11.90542966993231,0,normal
2026-01-03 09:29:00,P-101,64.5161140490078,2.3189119619833813,4.968167183185818,102.036061588787,12.127556314308409,0,normal
2026-01-03 09:30:00,P-101,65.43156136328739,2.233055487009472,4.975745102660216,101.91187654884664,11.706255178724474,0,normal
2026-01-03 09:31:00,P-101,65.1283614743827,2.4517416570775064,5.057703461765933,100.50329277087096,12.105879829014398,0,normal
2026-01-03 09:32:00,P-101,64.23355753949333,2.1848020586017585,4.971493814509389,102.5234854503192,11.898561803549638,0,normal
2026-01-03 09:33:00,P-101,65.02720719712886,2.1871210013541615,5.118541730596773,101.73472773307068,11.927074908305224,0,normal
2026-01-03 09:34:00,P-101,64.3441312133686,2.1277545457014586,4.951960646889351,97.46120218790224,11.703578767669102,0,normal
2026-01-03 09:35:00,P-101,65.21694881093181,2.2221277786425495,5.099330398946027,106.41977916557823,12.339023620178294,0,normal
2026-01-03 09:36:00,P-101,64.56119084800308,2.2367734668100674,5.193690131697737,104.67426653498806,12.341688867544296,0,normal
2026-01-03 09:37:00,P-101,65.04078767919859,2.230740563568622,4.970834605679952,102.02702404647174,12.065487764325852,0,normal
2026-01-03 09:38:00,P-101,65.45593908956086,2.203076902326892,5.032092892727284,102.72795701681493,11.908953369437304,0,normal
2026-01-03 09:39:00,P-101,65.08281670676654,2.1524236499293123,5.079539382468036,100.57465609434249,12.335144290051046,0,normal
2026-01-03 09:40:00,P-101,64.75350978529768,2.112700591072877,5.1238426247476045,105.72532075262468,12.021677597027807,0,normal
2026-01-03 09:41:00,P-101,65.04459956260601,2.1524792011071483,5.037826528200939,106.07735999176946,11.749914339767596,0,normal
2026-01-03 09:42:00,P-101,65.51605606302401,2.3213408928245,4.993162325384569,102.93334560110982,12.17967817002471,0,normal
2026-01-03 09:43:00,P-101,64.25006337049322,2.3322208252253045,5.028505935265916,104.48254505440704,11.913521416903908,0,normal
2026-01-03 09:44:00,P-101,65.26954569664656,2.2037457401946052,5.130794406052722,102.94443624221265,12.286054845966214,0,normal
2026-01-03 09:45:00,P-101,65.8319414070222,2.1030462604573605,4.98257641236722,100.21138223124171,11.930113927602568,0,normal
2026-01-03 09:46:00,P-101,65.43471538399936,2.1989498798676905,5.024114223265643,101.86461247918,12.17668102248424,0,normal
2026-01-03 09:47:00,P-101,65.16537713154074,2.4237764790935254,4.9984410536528605,102.83161066175,12.36524838916293,0,normal
2026-01-03 09:48:00,P-101,65.3497316807972,2.292342760839425,5.067028801408455,101.76404018727362,11.811149432694064,0,normal
2026-01-03 09:49:00,P-101,65.277361152205,2.2531586640947703,5.032652519202976,102.17657665721208,11.952109873537882,0,normal
2026-01-03 09:50:00,P-101,65.50967445940812,2.2985352046714556,4.953693646142383,102.39340128954586,12.056667824154964,0,normal
2026-01-03 09:51:00,P-101,63.817272513355746,2.3692370109049503,4.956181805505417,102.39994934878668,12.379508744270469,0,normal
2026-01-03 09:52:00,P-101,63.97175073798676,2.0825987769730467,4.88636810093513,102.62704905940151,11.947134928193956,0,normal
2026-01-03 09:53:00,P-101,65.6179411996406,2.1567734134133154,4.947919416783036,100.61119154218297,11.899435007075688,0,normal
2026-01-03 09:54:00,P-101,64.06781470244856,2.1524131129395747,5.067744136410997,101.21679301567453,12.132131905581398,0,normal
2026-01-03 09:55:00,P-101,65.22250675258354,2.254312198491791,5.094484809247336,100.1821571586477,11.890018969617316,0,normal
2026-01-03 09:56:00,P-101,64.82637828736057,2.222320867781851,5.090402182547791,104.24130971225884,12.157744467947287,0,normal
2026-01-03 09:57:00,P-101,64.2299858200117,2.261632138171696,5.025601824632347,98.67775705875,11.650025227568875,0,normal
2026-01-03 09:58:00,P-101,65.42985001171239,2.1724629986780255,5.03645229423545,104.53091177024554,12.578793341618685,0,normal
2026-01-03 09:59:00,P-101,65.08816280106166,2.3323370363417313,5.103606561479734,104.93625426357548,11.878545781845384,0,normal
2026-01-03 10:00:00,P-101,66.36897285681218,2.1927523586650155,5.038870734881294,101.88312592655612,11.992143236998642,0,normal
2026-01-03 10:01:00,P-101,64.5677375860938,2.266467683086347,5.10358622951631,97.72748014772112,11.925328197263214,0,normal
2026-01-03 10:02:00,P-101,66.0883210445711,2.3369405889238526,5.010595777646829,101.74869496392014,12.434998475788964,0,normal
2026-01-03 10:03:00,P-101,65.16016335616786,2.303636827185846,5.116703581559956,102.26930156984264,11.80310989090873,0,normal
2026-01-03 10:04:00,P-101,64.71498464301393,2.252614139813516,5.066701868139801,100.55138824125504,12.4132824743334,0,normal
2026-01-03 10:05:00,P-101,65.58751243054311,2.289706374427616,5.065766606872165,101.4285576837874,12.194292094734026,0,normal
2026-01-03 10:06:00,P-101,65.45043094769437,2.3836176000885776,4.910152033017362,105.09564257996902,12.23628834228372,0,normal
2026-01-03 10:07:00,P-101,64.9913690228439,2.2477110812473176,5.100276830524938,103.52335612165984,11.908773946246203,0,normal
2026-01-03 10:08:00,P-101,65.21986877401477,2.132381278917083,4.9975476847008276,100.6473243224468,12.13364797808102,0,normal
2026-01-03 10:09:00,P-101,64.5552324631707,2.251822105479279,4.963132856741633,99.42077113520747,11.837925809572264,0,normal
2026-01-03 10:10:00,P-101,64.56967681692204,2.2084362722937514,4.913121954368571,101.69258672510252,12.304109852392758,0,normal
2026-01-03 10:11:00,P-101,65.4454201149044,1.9596893382075335,5.0184251329624745,101.88162323402476,11.862236291199196,0,normal
2026-01-03 10:12:00,P-101,64.87952494291898,2.249066724510035,5.033783529238731,103.14349174614534,12.071673053493145,0,normal
2026-01-03 10:13:00,P-101,64.92242361189227,2.208748214802039,4.921500986344495,101.27111208715309,11.927078745011958,0,normal
2026-01-03 10:14:00,P-101,65.14572315146006,2.3115091044750327,4.928266313103313,103.1395925205872,11.896683183132216,0,normal
2026-01-03 10:15:00,P-101,65.2840353816974,2.1377446865469314,5.090925811613122,105.68624480041548,12.318851307394048,0,normal
2026-01-03 10:16:00,P-101,64.1467953872735,2.058098473008543,5.097567436400936,103.6548077226639,12.216735981161843,0,normal
2026-01-03 10:17:00,P-101,65.94257814537463,2.229041147561503,5.034161303938269,102.08415002436996,12.304326540511298,0,normal
2026-01-03 10:18:00,P-101,64.97333657563749,2.225968387549352,5.098805505931842,101.82470804539363,11.698766219720175,0,normal
2026-01-03 10:19:00,P-101,64.95847431943963,2.2196917448555875,5.008912090247914,101.49590391525186,12.257711257925765,0,normal
2026-01-03 10:20:00,P-101,65.50001930358805,2.2432786972785217,5.035290309160995,104.04243629946275,12.628484000650584,1,cavitation
2026-01-03 10:21:00,P-101,65.13237956539058,2.1620488663566872,4.957671382206723,100.29365417326562,11.938934684402616,1,cavitation
2026-01-03 10:22:00,P-101,65.6540271133087,2.274006637885917,4.967711910500779,102.32772030535064,12.4441039004011,1,cavitation
2026-01-03 10:23:00,P-101,65.35397865226686,2.300600339737906,5.227763359610382,102.19200221453853,12.012255043910711,1,cavitation
2026-01-03 10:24:00,P-101,65.3826108798109,2.4601518758309946,5.14323490738929,102.20685781937628,11.760030945609495,1,cavitation
2026-01-03 10:25:00,P-101,65.8521943923837,2.4319639697892854,4.961810915022535,101.03140402987712,11.925852439030866,1,cavitation
2026-01-03 10:26:00,P-101,65.67503434686233,2.3712276715994625,5.1191377043506545,105.06729899761761,12.287652542946288,1,cavitation
2026-01-03 10:27:00,P-101,64.85687488511265,2.6062788526406657,5.03971485090728,103.79865452828774,11.889116938074917,1,cavitation
2026-01-03 10:28:00,P-101,64.25837641104965,2.4410310200040386,5.064011152265024,104.57126628772323,11.966463321427408,1,cavitation
2026-01-03 10:29:00,P-101,66.13617647630548,2.574000757582879,5.1216436484191865,103.20622921410268,12.148879485292984,1,cavitation
2026-01-03 10:30:00,P-101,64.88922515156605,2.478692869731834,5.212601748150853,104.75215655768137,12.124986697833336,1,cavitation
2026-01-03 10:31:00,P-101,64.73710162326394,2.697351063226612,5.140953621480898,102.04733409115326,12.127489834137949,1,cavitation
2026-01-03 10:32:00,P-101,63.94021205335121,2.4136150038605733,5.17245485980601,106.76630091441818,12.197384242566017,1,cavitation
2026-01-03 10:33:00,P-101,65.24043857384238,2.45578360209339,5.052126744091204,99.15638272731499,12.058374443970033,1,cavitation
2026-01-03 10:34:00,P-101,65.094427507458,2.3745848049013953,5.156119062333545,104.09734772019608,11.993289185394378,1,cavitation
2026-01-03 10:35:00,P-101,64.05988355668298,2.4649543247797436,5.157196519729894,103.43853587009956,12.1277379007004,1,cavitation
2026-01-03 10:36:00,P-101,65.23398256059383,2.40210831206462,5.045204125666785,100.42467430213071,11.826726952020772,1,cavitation
2026-01-03 10:37:00,P-101,64.79349714460145,2.3787701141865885,4.995982558653094,102.7873241390562,12.335205408735352,1,cavitation
2026-01-03 10:38:00,P-101,66.74740166451666,2.335586324125943,4.965468473659239,104.79209891355143,11.996276885082915,1,cavitation
2026-01-03 10:39:00,P-101,64.68575148668701,2.4891305025905512,4.965615808371058,97.11661968058091,12.159532175845944,1,cavitation
2026-01-03 10:40:00,P-101,64.72878895911141,2.502715564188586,4.912429508316671,101.7343932493846,12.033327500114252,1,cavitation
2026-01-03 10:41:00,P-101,64.4167270817895,2.392515332410692,4.914506763945157,95.7145280972367,11.958090364442423,1,cavitation
2026-01-03 10:42:00,P-101,65.79583382076771,2.3603557656604157,4.820728112691753,98.04210665915207,11.900611663115502,1,cavitation
2026-01-03 10:43:00,P-101,64.73527699601091,2.4878243876552952,4.892155805709334,103.37975524269777,11.935946464037128,1,cavitation
2026-01-03 10:44:00,P-101,64.41338251889128,2.636557350622435,5.001553375395037,98.44288350918461,11.67021919668246,1,cavitation
2026-01-03 10:45:00,P-101,65.38096219635968,2.630180225674902,4.842684663404911,97.78950988173234,11.775546971175189,1,cavitation
2026-01-03 10:46:00,P-101,64.09365016794544,2.6540464635581853,4.804329303120387,99.28383476712776,11.973941645611474,1,cavitation
2026-01-03 10:47:00,P-101,65.47732373577603,2.3987008273909596,5.00933167304476,103.9154482569581,12.20286251632629,1,cavitation
2026-01-03 10:48:00,P-101,66.21089611729003,2.504785044435366,4.782240709267636,96.95749312670601,12.151389432855638,1,cavitation
2026-01-03 10:49:00,P-101,65.33389145035773,2.329319288007135,4.807300154054098,98.90180560474218,11.901703882899785,1,cavitation
2026-01-03 10:50:00,P-101,65.3976568156709,2.416798639964222,5.082505512623005,102.94985107031735,11.9514940288627,1,cavitation
2026-01-03 10:51:00,P-101,65.51590693605853,2.429295451409293,5.008166623253861,103.98988172075921,11.858193700196148,1,cavitation
2026-01-03 10:52:00,P-101,66.15899462634943,2.4419474074740553,5.047407193568636,100.4039243887407,12.13624116488668,1,cavitation
2026-01-03 10:53:00,P-101,65.87565795830173,2.4035179298365414,4.8964388011877595,98.94133216969134,12.254933955112335,1,cavitation
2026-01-03 10:54:00,P-101,65.42964682847422,2.3760887823399974,5.0322770532461645,105.67314437549189,12.41103288284787,1,cavitation
2026-01-03 10:55:00,P-101,65.68275123309492,2.3653780119845798,5.060747226529503,105.27058492783702,12.27206235051863,1,cavitation
2026-01-03 10:56:00,P-101,64.49684766945931,2.357155665518616,5.020698304729868,103.07343955157144,12.207729631461834,1,cavitation
2026-01-03 10:57:00,P-101,65.62302807045143,2.482229521729963,5.192870680919191,101.54441108312488,12.3383921041876,1,cavitation
2026-01-03 10:58:00,P-101,64.3834474556371,2.4471043502640457,5.08399718517736,103.38027939567218,12.10588239116156,1,cavitation
2026-01-03 10:59:00,P-101,64.81815439247725,2.736432542990994,5.002812398814241,102.87834445341647,12.162054184536606,1,cavitation
2026-01-03 11:00:00,P-101,62.994433506226294,2.6230654439558267,5.092519487296525,104.60780348313699,11.994568343055402,1,cavitation
2026-01-03 11:01:00,P-101,65.20708999636084,2.5491814233673784,5.151142064663108,105.35165031346405,11.846173479348543,1,cavitation
2026-01-03 11:02:00,P-101,64.56409283567255,2.5521372630671775,5.069754569804847,104.07688894313026,11.950313265408536,1,cavitation
2026-01-03 11:03:00,P-101,65.71487633564836,2.3958860820776584,4.960941457696738,100.2134303715681,11.97894841647273,1,cavitation
2026-01-03 11:04:00,P-101,65.29730800355827,2.439932824305234,5.1489807841935695,106.13174233491382,12.124808019042172,1,cavitation
2026-01-03 11:05:00,P-101,65.88460832057461,2.5195326241216858,5.228956373111303,103.6030304826879,12.439845682910155,1,cavitation
2026-01-03 11:06:00,P-101,64.32729989353201,2.4896353577593153,5.0741921435088395,103.67565396357779,12.090393278769056,1,cavitation
2026-01-03 11:07:00,P-101,65.79792441073508,2.448879275507522,5.200450462237232,104.95727687740984,12.35135281880376,1,cavitation
2026-01-03 11:08:00,P-101,66.32985250876501,2.4615021464280353,4.9688897885669725,99.2904788939632,11.888702528368135,1,cavitation
2026-01-03 11:09:00,P-101,65.48649120167994,2.426272516742262,5.017652386264951,102.66545937775568,11.970823733497742,1,cavitation
2026-01-03 11:10:00,P-101,65.42270635814316,2.3948414905735587,5.0386177582907665,100.25604269563631,11.73994143569477,1,cavitation
2026-01-03 11:11:00,P-101,65.04046857610953,2.6362116578906165,4.986375646178384,98.02151077906616,11.800657389865227,1,cavitation
2026-01-03 11:12:00,P-101,64.71400273201428,2.27490785118092,4.974658081116007,101.4287107348598,12.15724982680504,1,cavitation
2026-01-03 11:13:00,P-101,65.55413821474288,2.5809245834044736,5.0239519323758195,104.87925065722106,12.169609064248274,1,cavitation
2026-01-03 11:14:00,P-101,64.06340879983935,2.522942776880206,5.044409962551127,96.62804181269534,12.12103626171627,1,cavitation
2026-01-03 11:15:00,P-101,64.75143952893472,2.554069193032217,4.972483459701833,99.12877825374588,12.065658171809313,1,cavitation
2026-01-03 11:16:00,P-101,63.84691782322683,2.510140714693583,4.845002834401337,100.77623652799964,11.994584984988563,1,cavitation
2026-01-03 11:17:00,P-101,64.70576745670816,2.6892789535418578,4.918315424934046,100.41311698657483,12.466126005608457,1,cavitation
2026-01-03 11:18:00,P-101,65.4188213384016,2.641153346439311,5.064379367184634,99.64438367197272,12.004262939059377,1,cavitation
2026-01-03 11:19:00,P-101,65.39532959761976,2.548972476242319,4.913458402543438,97.62162829829592,12.19092543736133,1,cavitation
2026-01-03 11:20:00,P-101,65.01914296240432,2.4878190879494415,4.853848285977923,99.37855755287029,11.96014017230358,1,cavitation
2026-01-03 11:21:00,P-101,65.1556282162698,2.4325690683024885,4.773492502033948,97.47028428699657,12.128193057512858,1,cavitation
2026-01-03 11:22:00,P-101,63.8070218445496,2.569704000075842,4.715711945065399,95.49044460968926,12.093810989032404,1,cavitation
2026-01-03 11:23:00,P-101,64.80403227194783,2.4375089175644122,4.993249445145287,101.89033892970482,12.13199358376836,1,cavitation
2026-01-03 11:24:00,P-101,64.4192093630636,2.4692931356568293,5.0310619250775215,102.24200693968575,11.60596544927568,1,cavitation
2026-01-03 11:25:00,P-101,64.58241564005871,2.4727142964140576,4.92327318029108,99.50484820319484,12.030869825409038,1,cavitation
2026-01-03 11:26:00,P-101,65.48849982410314,2.2890165937649067,5.017616057031388,101.74312892798095,12.282210617211987,1,cavitation
2026-01-03 11:27:00,P-101,64.50597162177749,2.323598441733166,4.901527535857529,102.73665952815027,12.186575382874157,1,cavitation
2026-01-03 11:28:00,P-101,64.65023991964203,2.2566280128668885,5.043690397731941,101.38408230561812,12.123664206356702,1,cavitation
2026-01-03 11:29:00,P-101,63.54752680111302,2.5812327733720966,5.063456683414027,102.61080731825653,11.72606231664058,1,cavitation
2026-01-03 11:30:00,P-101,64.76011919317317,2.422522325940919,5.003410624593395,100.39545324818832,11.860855029764831,1,cavitation
2026-01-03 11:31:00,P-101,64.35360986073218,2.5337585695819875,5.223040255053046,104.76270335137991,12.1734407621315,1,cavitation
2026-01-03 11:32:00,P-101,65.09314309534747,2.4583144250123015,5.012341389028084,102.78829328036629,12.119031976283432,1,cavitation
2026-01-03 11:33:00,P-101,64.47710388639523,2.5379581636807123,5.111091432322803,102.0093260026828,12.272354619365217,1,cavitation
2026-01-03 11:34:00,P-101,65.04019543197383,2.486339042235716,5.171022233992503,99.4428295916677,11.920694206762418,1,cavitation
2026-01-03 11:35:00,P-101,64.94593075237445,2.4676313801727425,5.0883008939417635,102.7338991541464,12.114218562448508,1,cavitation
2026-01-03 11:36:00,P-101,66.07815191288151,2.484207468384261,5.100752362034881,101.6672529062235,11.975213601154271,1,cavitation
2026-01-03 11:37:00,P-101,65.24770146578877,2.496605235158144,4.952966545797903,100.93387533694535,11.784313652840536,1,cavitation
2026-01-03 11:38:00,P-101,63.6363351569415,2.4038726407821356,5.1858219342864915,99.81632995921379,11.520285068877126,1,cavitation
2026-01-03 11:39:00,P-101,64.19301297523637,2.4275860987176854,5.089984773868027,99.76260965960357,12.043402068294656,1,cavitation
2026-01-03 11:40:00,P-101,65.0931473755997,2.6436128215675136,5.065183689176378,105.21554358980383,12.1636061992991,1,cavitation
2026-01-03 11:41:00,P-101,64.38217207053711,2.2563751389390476,5.094185781775302,102.26038701661622,11.961637819978062,1,cavitation
2026-01-03 11:42:00,P-101,62.99795174098714,2.414788414542912,5.036993910087384,104.29985956331025,11.792546344687,1,cavitation
2026-01-03 11:43:00,P-101,65.90236747629453,2.3364009122936076,4.968342217875054,98.19570865042807,12.071892492293138,1,cavitation
2026-01-03 11:44:00,P-101,65.45482589852541,2.3491629130404434,5.09705738190208,100.62675981252349,11.961943678676864,1,cavitation
2026-01-03 11:45:00,P-101,65.35687133223898,2.4038102741183907,4.853017893029262,98.39254592460394,12.052103898483814,1,cavitation
2026-01-03 11:46:00,P-101,64.72603141519306,2.373484052808142,5.094146112990208,98.7730780557092,12.345118270711904,1,cavitation
2026-01-03 11:47:00,P-101,65.11394775990505,2.381677481288382,4.865977636966384,97.37133727041025,11.53130816785312,1,cavitation
2026-01-03 11:48:00,P-101,64.51958628223855,2.4199077168595395,4.900551677122883,100.5733893601831,11.935487122806038,1,cavitation
2026-01-03 11:49:00,P-101,65.11373023181618,2.324863612799223,4.924720045510953,99.25497355435657,11.944494247641936,1,cavitation
2026-01-03 11:50:00,P-101,64.5261225663188,2.476720758158128,5.0911914076148586,100.47616757550874,12.355719037464311,1,cavitation
2026-01-03 11:51:00,P-101,65.88468191638701,2.2930199077112876,4.767657590983952,99.52045674264326,11.711698352930288,1,cavitation
2026-01-03 11:52:00,P-101,64.1603731204244,2.3789316045966817,4.919047253264486,102.52641065765067,12.517219844507418,1,cavitation
2026-01-03 11:53:00,P-101,65.78426383714158,2.5418384968923426,4.898521998841366,95.85744362843823,11.952226708455834,1,cavitation
2026-01-03 11:54:00,P-101,65.04385860331922,2.3890047243481667,4.947785747959686,100.70707028334435,12.053038043165584,1,cavitation
2026-01-03 11:55:00,P-101,64.69088668624936,2.461243931073751,4.955017013178093,100.4383114206835,12.025829237776174,1,cavitation
2026-01-03 11:56:00,P-101,65.06060606572187,2.4555458170459903,4.8733977230498216,96.83653610749388,11.863011904627566,1,cavitation
2026-01-03 11:57:00,P-101,65.56982133046627,2.3975182386190124,4.985534008247792,100.90265443408232,12.266128930858406,1,cavitation
2026-01-03 11:58:00,P-101,65.8204368463621,2.300560593370832,4.985453529387165,99.71784630498338,11.805861335744993,1,cavitation
2026-01-03 11:59:00,P-101,65.22367005431673,2.1878850437726434,4.888530040770699,98.92039517715712,12.057505969371272,1,cavitation
2026-01-03 12:00:00,P-101,64.37858244727626,2.1224454664042933,5.0180775307986085,98.57013123729635,11.878671150562116,1,cavitation
2026-01-03 12:01:00,P-101,64.96897167254139,2.0970245560203176,4.959608242290248,98.68204128472532,11.80803454883894,0,normal
2026-01-03 12:02:00,P-101,66.40018053424345,2.309373886449696,5.003522235243952,103.6425398204792,12.626471229751155,0,normal
2026-01-03 12:03:00,P-101,65.90459507970198,2.22413179366214,5.021740946678131,99.93054977962264,12.08172664033937,0,normal
2026-01-03 12:04:00,P-101,65.6474176670251,2.391142753636021,4.8856898527312715,101.31360172552226,12.162061160697895,0,normal
2026-01-03 12:05:00,P-101,65.58065625521643,2.304457737536604,4.968549709420391,98.4586016657212,12.18131340610537,0,normal
2026-01-03 12:06:00,P-101,65.33892498884101,2.1136538358974213,5.146764217039761,98.45494534467213,11.669378371276457,0,normal
2026-01-03 12:07:00,P-101,65.89456965829754,2.300191819835949,4.941799543126331,101.78272211691257,12.403940045331783,0,normal
2026-01-03 12:08:00,P-101,64.50007939502261,2.146279658174557,5.063808947360101,97.3823912606193,11.419680302119565,0,normal
2026-01-03 12:09:00,P-101,64.0553081182733,2.3143847207445645,4.994233271063659,99.04073425997704,11.817468745791606,0,normal
2026-01-03 12:10:00,P-101,65.0108917149104,2.1474854053535624,4.956051673905765,99.82587205274648,11.902969826946611,0,normal
2026-01-03 12:11:00,P-101,64.50867952579458,2.099341124798599,4.906971199692097,99.94161158591832,12.11459302057165,0,normal
2026-01-03 12:12:00,P-101,64.32319751267839,2.12144860699941,5.00373080904012,99.39530714701536,12.025602867638758,0,normal
2026-01-03 12:13:00,P-101,64.52441226687412,2.1246870345192264,5.105804819792903,100.4067022385875,11.978838119017944,0,normal
2026-01-03 12:14:00,P-101,66.62425257980854,2.1169803696937506,4.981934594108216,100.91793742719892,12.025138653890425,0,normal
2026-01-03 12:15:00,P-101,65.03020162209198,2.136078670718653,5.004030054162958,100.96973538945328,11.833487456979086,0,normal
2026-01-03 12:16:00,P-101,65.10785413717966,2.2711107920090967,5.049221493950373,97.849553443705,11.636040124414317,0,normal
2026-01-03 12:17:00,P-101,64.24675613549631,2.3843235019750852,5.014752523475725,99.08915680814852,12.117977028711667,0,normal
2026-01-03 12:18:00,P-101,63.868262633945754,2.0746041406916182,4.907219389974937,101.72786945556577,12.190577306174209,0,normal
2026-01-03 12:19:00,P-101,64.59075603841117,2.3404244764477022,5.018565581469284,101.1643476359422,12.351829304109676,0,normal
2026-01-03 12:20:00,P-101,65.84865120432686,2.1423809511386915,5.0764519396687255,97.0595495922134,11.753783068403362,0,normal
2026-01-03 12:21:00,P-101,65.26724720212054,2.2404988987397436,4.998815149756549,100.1401032809274,12.142766140488003,0,normal
2026-01-03 12:22:00,P-101,65.32642311458133,2.027423831816097,4.7673298124394545,95.92340725028711,11.820960871835666,0,normal
2026-01-03 12:23:00,P-101,65.55862893051314,2.2613819023095485,5.022630055190666,99.54550057792908,12.22446001437657,0,normal
2026-01-03 12:24:00,P-101,64.71712558270565,2.0110690665554816,5.014646416095774,102.85383668638558,12.290007655927196,0,normal
2026-01-03 12:25:00,P-101,65.89290177002852,2.2303334089962537,4.849048612454189,97.70852214286744,11.973497544130916,0,normal
2026-01-03 12:26:00,P-101,64.54275144417544,2.2204771914080603,4.861354000016691,97.88985663204562,11.868789667628173,0,normal
2026-01-03 12:27:00,P-101,65.98912658846059,2.2276808268512536,5.075695883303889,100.74383832736724,12.214501585542669,0,normal
2026-01-03 12:28:00,P-101,65.29674925737447,2.1275664541808794,4.914418483292675,96.568527548433,12.026436731104305,0,normal
2026-01-03 12:29:00,P-101,63.77013801162265,2.2472975088009948,4.918311624804477,98.18363714559962,11.808621033950752,0,normal
2026-01-03 12:30:00,P-101,64.42476713510493,2.2289336711011316,5.0012378802955775,100.37325795607944,11.745638003986496,0,normal
2026-01-03 12:31:00,P-101,63.800010783647835,2.174458530780426,4.936256393034204,98.13506029165995,11.88634522861344,0,normal
2026-01-03 12:32:00,P-101,65.84991878918663,2.2779033624741363,4.9952952475596994,98.82918436152568,12.267958293915411,0,normal
2026-01-03 12:33:00,P-101,65.07016807226103,2.2002962820043157,4.991516259531114,100.57066615916808,12.24641741652165,0,normal
2026-01-03 12:34:00,P-101,63.473369711060634,2.2439396926940756,4.915671947398142,99.9671638004697,11.776549420079975,0,normal
2026-01-03 12:35:00,P-101,65.15898494752402,2.1776691500498755,4.960875671738068,99.6659517637365,11.756427069732112,0,normal
2026-01-03 12:36:00,P-101,64.7248734680067,2.230130797803426,5.0165187982836,98.55260657919624,12.211514967311784,0,normal
2026-01-03 12:37:00,P-101,63.954000312562954,2.2481550504886245,5.000999626309712,99.80653634930074,11.767068909527456,0,normal
2026-01-03 12:38:00,P-101,66.1147276487859,2.162957297467481,4.983215628233808,98.89516020012351,12.068713870732108,0,normal
2026-01-03 12:39:00,P-101,65.02576490817857,2.0715910951135297,5.134811259062887,99.91943621803291,11.874368843473723,0,normal
2026-01-03 12:40:00,P-101,64.90333668261533,2.238358425596984,5.032957340493616,98.1784713716628,12.26876312605422,0,normal
2026-01-03 12:41:00,P-101,64.67302457833745,2.3112420734016768,5.046890337983215,98.72194494457209,11.807573388509583,0,normal
2026-01-03 12:42:00,P-101,64.06749005120939,2.2357575779999657,4.960845448642474,97.24632371881192,12.146062017605525,0,normal
2026-01-03 12:43:00,P-101,64.15388453373886,2.232024667866042,5.0048398896906,98.94297263660108,12.005260909910106,0,normal
2026-01-03 12:44:00,P-101,65.8268513891549,2.1948287298058893,4.945062847580524,97.5239846847322,11.976158511388824,0,normal
2026-01-03 12:45:00,P-101,64.52209636873867,2.25449703488868,5.023992135771448,96.95636521847594,11.514629240283996,0,normal
2026-01-03 12:46:00,P-101,64.85389430899998,2.163069350202323,4.9863236620610865,99.40516553480192,11.541572295402917,0,normal
2026-01-03 12:47:00,P-101,63.648400815379944,2.1520061933056724,5.0085714335959475,99.30049911708086,11.934901785458964,0,normal
2026-01-03 12:48:00,P-101,64.16372399135304,2.3128708326726435,5.014290781799396,100.3047990648534,12.058525184628923,0,normal
2026-01-03 12:49:00,P-101,65.29764042621838,2.1356618582621367,4.979705590912507,98.09772726108898,11.717892252285123,0,normal
2026-01-03 12:50:00,P-101,65.16496177602637,2.2797412811540174,5.201537612973013,99.5864448272109,11.76985466272106,0,normal
2026-01-03 12:51:00,P-101,66.17712431520928,2.314871310314454,4.95155317624265,99.82165256672803,12.106944102967068,0,normal
2026-01-03 12:52:00,P-101,65.90821749560533,2.260715508068494,4.948791684710817,99.60914918219252,12.100845371557202,0,normal
2026-01-03 12:53:00,P-101,64.81205431579359,2.070735470660878,5.021594698120523,97.30079258436992,11.891475565453511,0,normal
2026-01-03 12:54:00,P-101,65.35189420506552,2.207798278122466,4.948681281987466,99.0343111922728,12.1270696800054,0,normal
2026-01-03 12:55:00,P-101,64.7057080712756,2.16968574991272,4.973596287908438,99.3994733202861,11.747143740464551,0,normal
2026-01-03 12:56:00,P-101,66.2974345632593,2.14603529516866,4.911307066922498,98.73558336573907,11.890880517554775,0,normal
2026-01-03 12:57:00,P-101,65.80914107077781,2.2213930465453573,4.983866279061889,94.9457224703708,12.177947195267858,0,normal
2026-01-03 12:58:00,P-101,65.10425302819596,2.276230088365575,5.024988645249736,98.96906381358453,11.9827363403955,0,normal
2026-01-03 12:59:00,P-101,65.16683549628418,2.158325178114258,5.0043527558943754,102.64162000890168,12.10451110318445,0,normal
2026-01-03 13:00:00,P-101,66.07946350481531,2.198897254640797,5.029936746363793,97.9899578170188,12.400888051704111,0,normal
2026-01-03 13:01:00,P-101,65.25049029906725,2.161467215010316,4.842996630041189,97.30653810025404,11.639327709837866,0,normal
2026-01-03 13:02:00,P-101,66.06117483538983,2.321880433045207,4.943202641540984,99.2682379646988,12.137333212269386,0,normal
2026-01-03 13:03:00,P-101,63.68155385941519,2.18656708238848,4.9794785730575155,99.13771160922803,12.30692860423846,0,normal
2026-01-03 13:04:00,P-101,65.28442576901148,2.0748025655423707,4.924956847971238,100.70166227544442,11.956078282963624,0,normal
2026-01-03 13:05:00,P-101,64.6859762157831,2.0450575307096353,4.840289823329421,96.26997359487314,12.060025365217165,0,normal
2026-01-03 13:06:00,P-101,66.07112046587147,2.228212930818115,4.976748366940686,99.83010844933776,11.798499354037952,0,normal
2026-01-03 13:07:00,P-101,65.95242549164732,2.117905122579858,5.044141037202477,99.55596311082252,11.849332414211206,0,normal
2026-01-03 13:08:00,P-101,65.02956955089488,2.2678125962391364,5.071917707262415,98.2170119862559,12.023503642797204,0,normal
2026-01-03 13:09:00,P-101,66.04421373785765,2.072141269907056,4.9523126429496624,99.06227947740388,12.131581718944236,0,normal
2026-01-03 13:10:00,P-101,66.24048803547723,2.1554189087654643,5.0541803863608035,100.2855277727292,12.232753135663126,0,normal
2026-01-03 13:11:00,P-101,65.15805595998961,2.0794793005608554,5.044384249476583,99.98263068112864,12.313404637821758,0,normal
2026-01-03 13:12:00,P-101,66.56355408394181,2.238523600910447,5.048653420736718,96.3350848533303,11.876563233888872,0,normal
2026-01-03 13:13:00,P-101,65.06159515495155,2.2742524002552504,4.973976229136925,99.84896012617052,12.234191154819634,0,normal
2026-01-03 13:14:00,P-101,64.81808320983816,2.229007867484403,4.856469885906543,98.23649205694709,11.87863379301858,0,normal
2026-01-03 13:15:00,P-101,65.60984043250338,2.096780453665165,4.989557636443283,98.46446267736911,12.134352142638727,0,normal
2026-01-03 13:16:00,P-101,64.76823803733474,2.1252181413120472,4.913489482634586,98.44550445024666,11.994862893077835,0,normal
2026-01-03 13:17:00,P-101,65.06591901697601,2.224625474599363,4.929593413045263,98.02387706796036,12.029851893455197,0,normal
2026-01-03 13:18:00,P-101,65.9501885330706,2.0351179914661355,4.983115237302906,100.42005773866288,12.097303306964294,0,normal
2026-01-03 13:19:00,P-101,64.88026611850816,2.1607749472260016,4.95732574699868,98.10506811931194,11.622211041619796,0,normal
2026-01-03 13:20:00,P-101,63.77987524717214,2.3381633139171414,4.972123760803035,96.22146121203286,11.661819464588833,0,normal
2026-01-03 13:21:00,P-101,65.21978297512997,2.1798359162851613,5.024313772854858,97.5092830705484,11.945786780079956,0,normal
2026-01-03 13:22:00,P-101,64.41376373109102,2.0358717712368133,4.959462407313494,98.52038981428122,11.618155878500202,0,normal
2026-01-03 13:23:00,P-101,65.62473269483209,2.146379811528459,5.031624221049848,100.3925395587287,12.178018407401812,0,normal
2026-01-03 13:24:00,P-101,65.50562415028269,2.1429994342888863,4.993505613414625,99.24684927194896,12.151716671416096,0,normal
2026-01-03 13:25:00,P-101,65.94373558883811,2.4125823479870694,5.03160215421475,96.61175465032582,11.963786750085331,0,normal
2026-01-03 13:26:00,P-101,65.53869156037285,2.3607159726065445,5.012774709232707,102.5976138810149,11.853701613878863,0,normal
2026-01-03 13:27:00,P-101,65.79038515041937,2.282433699529201,4.980300504429904,98.58253717341223,12.23350390297607,0,normal
2026-01-03 13:28:00,P-101,64.71171787996188,2.18245020967459,4.977626282231599,100.38343135915215,12.418945068718235,0,normal
2026-01-03 13:29:00,P-101,65.50975033771633,2.3185954364279717,4.9666080664565015,97.79654642535968,11.963311758249985,0,normal
2026-01-03 13:30:00,P-101,66.30485369077832,2.0895523621171392,4.935272855970581,99.01170249547928,12.072458150554626,0,normal
2026-01-03 13:31:00,P-101,64.5617201145735,2.308725252117272,4.933666617923932,99.54484279539774,12.026693014821142,0,normal
2026-01-03 13:32:00,P-101,66.209148289147,2.2972908851162193,5.056391725821658,100.20881488518673,12.112338284355362,0,normal
2026-01-03 13:33:00,P-101,64.63352133156944,2.183791014060821,4.9231930286667485,99.90171464896702,11.973139688143732,0,normal
2026-01-03 13:34:00,P-101,64.43908382305428,2.3131032178878494,4.973170904317167,99.55091705960204,11.979614663819302,0,normal
2026-01-03 13:35:00,P-101,65.22859315751161,2.1593993578342965,5.045038411511487,97.39644164725178,12.103036769517027,0,normal
2026-01-03 13:36:00,P-101,65.59716622778676,2.0885570924533803,4.944483102416678,96.91721580669302,12.376641306580078,0,normal
2026-01-03 13:37:00,P-101,65.4791759620516,2.2848294591822347,5.043291229736793,98.52793979788026,11.67582394705606,0,normal
2026-01-03 13:38:00,P-101,64.3633024200638,2.190155477779355,4.954545720953491,99.59189214043698,11.966994267332517,0,normal
2026-01-03 13:39:00,P-101,65.17351116809259,2.247727786601558,4.901363632168382,97.49450846128954,11.68874315679227,0,normal
2026-01-03 13:40:00,P-101,64.66368915798067,2.394580045378221,4.886322082104205,99.79598919472625,12.312284655557004,0,normal
2026-01-03 13:41:00,P-101,63.99606521884528,2.1236448425079306,5.096658630700081,100.47679458509953,11.896756243689005,0,normal
2026-01-03 13:42:00,P-101,64.25535789558866,2.1695519353085704,4.8823814518093736,96.19624345237828,11.597247144814189,0,normal
2026-01-03 13:43:00,P-101,64.51797760270192,2.3576563465232816,5.01553139526477,96.32283339560136,12.017322401637754,0,normal
2026-01-03 13:44:00,P-101,65.43552303188407,2.277900164817521,4.9056078982415245,97.56041901170616,12.275674793299808,0,normal
2026-01-03 13:45:00,P-101,65.77807345217543,2.133351390857347,5.075724227000123,98.3507352744335,12.08324163194516,0,normal
2026-01-03 13:46:00,P-101,64.02353884593879,2.102340875972648,5.122843651625892,96.83688609028349,11.946066158164887,0,normal
2026-01-03 13:47:00,P-101,65.25950703067751,2.150704202554497,4.883935722343537,100.199282652186,12.087806664120778,0,normal
2026-01-03 13:48:00,P-101,64.31857139063604,2.1356928393925267,4.909196921027301,98.51298714184183,12.238357746820366,0,normal
2026-01-03 13:49:00,P-101,65.32466573908287,2.2141074088888133,5.032170822966004,97.8051592499778,11.759314923496504,0,normal
2026-01-03 13:50:00,P-101,64.536304347144,2.2011096478393535,4.987254454237973,95.13414496023655,11.831654927989836,0,normal
2026-01-03 13:51:00,P-101,64.23596618773368,2.2187043525074004,5.007735348732726,95.33508188995124,11.76951442699663,0,normal
2026-01-03 13:52:00,P-101,65.4190712711484,2.104408929692304,4.941779880693493,98.19427692217988,11.712255246207054,0,normal
2026-01-03 13:53:00,P-101,64.53077986505726,2.1828914159442254,5.077475797705682,93.8348406434046,11.749370167418776,0,normal
2026-01-03 13:54:00,P-101,64.86671919755064,2.0026695387106512,5.003078023821728,99.48145611534434,12.20598790265682,0,normal
2026-01-03 13:55:00,P-101,63.56894265249447,2.2158646956682637,4.88840634249583,97.3593722874876,12.034101598303172,0,normal
2026-01-03 13:56:00,P-101,65.69676469416834,2.3268590712662247,5.016950628078428,103.46710230814344,12.232875169265943,0,normal
2026-01-03 13:57:00,P-101,65.5624227015806,2.0608205133877444,4.9334444791734455,101.76941619094646,12.082377608059058,0,normal
2026-01-03 13:58:00,P-101,65.01156080942273,2.2492586185664467,5.084109272097719,97.2743376998932,12.022894887542511,0,normal
2026-01-03 13:59:00,P-101,63.92368346229554,2.129368401872719,4.927731476500325,97.3954664896334,11.76174592621938,0,normal
2026-01-03 14:00:00,P-101,65.75775672919451,2.277012031172414,5.028123801352912,99.3649957420788,11.919047895076918,0,normal
2026-01-03 14:01:00,P-101,64.58693039162148,2.2181506414361976,4.973301733344749,100.62488534935012,12.057147407874238,0,normal
2026-01-03 14:02:00,P-101,64.66801590227192,2.2362070563903074,4.902893873760026,94.59709854434011,11.893416128106582,0,normal
2026-01-03 14:03:00,P-101,66.46556611386536,2.202223815844878,4.809448233393316,94.316602608299,11.893535649233344,0,normal
2026-01-03 14:04:00,P-101,64.49514334567323,2.3274054131349184,5.005863178481124,96.39909562717844,11.864305812412075,0,normal
2026-01-03 14:05:00,P-101,65.44083928503257,2.229987083135834,5.076487875812097,98.55451881280533,11.881150884158094,0,normal
2026-01-03 14:06:00,P-101,65.5694669391443,2.1527841393186797,4.919751773092528,98.38695037880888,12.583162767973128,0,normal
2026-01-03 14:07:00,P-101,65.3108427680287,2.2164121729642887,4.885887041522834,99.4053079572741,12.163516693304702,0,normal
2026-01-03 14:08:00,P-101,65.1629500630377,2.16078614831794,5.009307729716013,95.3075606724364,11.941856315363616,0,normal
2026-01-03 14:09:00,P-101,65.1578247795715,2.2063168151483614,4.817617209579677,93.28541040171152,11.751920612410066,0,normal
2026-01-03 14:10:00,P-101,65.13453436933933,2.1531970842179455,5.0752323561011945,98.9865050584816,11.879351386365672,0,normal
2026-01-03 14:11:00,P-101,64.91445751383138,2.1263994346780337,4.8960832829138505,95.93909415206744,11.852012705816632,0,normal
2026-01-03 14:12:00,P-101,65.93756925523547,2.2148112469392447,4.860614465633163,93.78449576308864,11.872100641609997,0,normal
2026-01-03 14:13:00,P-101,63.9906433788183,2.1877358478145505,4.9940621136908545,97.66697442116644,11.553922123822376,0,normal
2026-01-03 14:14:00,P-101,65.5417196237363,2.2924266537761624,4.91554846700399,98.82182169547904,11.650776731789437,0,normal
2026-01-03 14:15:00,P-101,65.4601502229013,2.150004723944363,4.922130315719108,97.1628091409633,11.787507796441108,0,normal
2026-01-03 14:16:00,P-101,65.43220219451838,1.999428074182386,4.99024826393437,96.54695286473994,11.937836473297912,0,normal
2026-01-03 14:17:00,P-101,65.67855356758173,2.158186284681171,4.800691717270975,97.07295808726398,11.86433411318755,0,normal
2026-01-03 14:18:00,P-101,65.00843624734534,2.045199878882033,5.081785888589107,96.68165413741252,12.196073869342271,0,normal
2026-01-03 14:19:00,P-101,63.62796746162479,2.2236015529424873,4.9521675578459,94.91127485732984,11.55085888832074,0,normal
2026-01-03 14:20:00,P-101,64.85884141800629,2.021848109658917,4.869897931220274,96.04055520885213,11.73094756234489,0,normal
2026-01-03 14:21:00,P-101,64.44380421446328,2.1112292315779317,4.911339523245029,98.25466990951078,12.251658445483542,0,normal
2026-01-03 14:22:00,P-101,64.51126172211508,2.1622774351465504,5.0482646329502145,97.88493864719584,11.962772024350906,0,normal
2026-01-03 14:23:00,P-101,64.22914668694875,2.358591571897808,5.018055128449222,97.59814229940356,12.104912785542338,0,normal
2026-01-03 14:24:00,P-101,64.78600276958066,2.103714065864983,5.052017161762623,95.49425157526586,12.27507693591187,0,normal
2026-01-03 14:25:00,P-101,64.53159136991778,2.192028700715461,4.921696648730509,96.94886478668056,11.769705060020051,0,normal
2026-01-03 14:26:00,P-101,63.37777187431016,2.2492196306971857,4.954231599465521,93.34707308649652,11.780549325036487,0,normal
2026-01-03 14:27:00,P-101,65.4106374426821,2.34331956393334,5.005634118980836,97.57743651559788,11.87283771528176,0,normal
2026-01-03 14:28:00,P-101,66.30448383735798,2.2619251471326898,5.046855524987781,99.81867999701248,11.60364179901372,0,normal
2026-01-03 14:29:00,P-101,65.31545866958963,2.30040835159948,5.024749935859256,94.58402572190111,11.77544141090584,0,normal
2026-01-03 14:30:00,P-101,64.88959754306958,2.2888876332927928,4.911528442495837,96.17369159049416,12.06142318519096,0,normal
2026-01-03 14:31:00,P-101,64.97928024609227,2.0807866060925937,4.970126305404345,97.81182241475788,12.042472580805184,0,normal
2026-01-03 14:32:00,P-101,64.7640857741338,2.2402808205279747,4.951947390652436,99.46578728430472,12.107790252406744,0,normal
2026-01-03 14:33:00,P-101,64.99439182639168,2.277536357717583,4.960269955077359,96.39527862123046,11.816756562509012,0,normal
2026-01-03 14:34:00,P-101,64.88746791413774,2.0942383339223514,5.008366467892726,95.9476173148318,11.747209072243828,0,normal
2026-01-03 14:35:00,P-101,64.47540074280079,2.1445476949058473,4.820631158340587,93.6413643358836,12.063092064456232,0,normal
2026-01-03 14:36:00,P-101,66.03138248899292,2.1125384889075036,5.051291473121069,97.36354632589192,11.821442960505223,0,normal
2026-01-03 14:37:00,P-101,64.062810093496,2.280629195363358,4.9287092551032785,100.84520038017416,12.084172419163869,0,normal
2026-01-03 14:38:00,P-101,65.45378931685175,2.191571752398572,4.955093969171732,97.66098915505378,11.962496610787122,0,normal
2026-01-03 14:39:00,P-101,65.00623975454432,2.176146063400859,5.058216907283557,97.1140972535928,12.205766320859208,0,normal
2026-01-03 14:40:00,P-101,66.27966862024,2.076876201528674,5.000226466363789,97.72657861049512,12.126079829849324,0,normal
2026-01-03 14:41:00,P-101,65.10065044076197,2.1794421119664067,4.994963815137811,97.11967187593552,11.65453843214464,0,normal
2026-01-03 14:42:00,P-101,64.63745922755477,2.1285437732699695,4.87404812768471,95.66919508553676,11.632565219211097,0,normal
2026-01-03 14:43:00,P-101,64.86489470235566,2.227294457250769,4.91299083599066,98.60768514983292,12.074012518108814,0,normal
2026-01-03 14:44:00,P-101,64.99545335780928,2.082219166577906,5.041142844612527,97.52548968457032,11.912897161061275,0,normal
2026-01-03 14:45:00,P-101,64.19533957388883,2.2107224574519337,4.930203333257289,97.14433814411964,11.823295787532835,0,normal
2026-01-03 14:46:00,P-101,64.523810783956,2.158650748696705,4.9188628578242675,95.35066889552576,12.063645643664668,0,normal
2026-01-03 14:47:00,P-101,63.84709697347155,2.0759057992489147,5.061941727288148,99.44651397143184,12.020887295560737,0,normal
2026-01-03 14:48:00,P-101,64.38578954545035,2.0656401138571576,4.9094132064062705,98.29071545821373,11.9592129411243,0,normal
2026-01-03 14:49:00,P-101,65.07460606019166,2.083848458010571,4.979778690025371,96.09322307233325,12.038762420321008,0,normal
2026-01-03 14:50:00,P-101,65.15716098963095,2.175022632266919,4.991865262586083,98.88617497543446,11.89156345027432,0,normal
2026-01-03 14:51:00,P-101,63.78314147670039,2.2200659181161275,4.961630522489544,96.18185232999708,12.199159366994424,0,normal
2026-01-03 14:52:00,P-101,64.81012781538543,2.215475554365051,4.920355940045214,95.66464342766388,11.712329778183314,0,normal
2026-01-03 14:53:00,P-101,65.36704871571835,2.2308504057938707,4.916407483049978,95.69973457524112,12.00237785052565,0,normal
2026-01-03 14:54:00,P-101,64.93015665882369,2.12826762641845,4.863258590260121,93.87440817257614,12.102998812909252,0,normal
2026-01-03 14:55:00,P-101,64.46964411065258,2.292309631427593,5.012850756258322,97.90642044354308,11.661733515451871,0,normal
2026-01-03 14:56:00,P-101,64.64251110681045,2.1455392589525313,4.890800331261877,93.7570774668049,11.744045288833656,0,normal
2026-01-03 14:57:00,P-101,64.67425329654395,2.2479577734093055,5.016188275650438,94.83761521687302,12.073569935083302,0,normal
2026-01-03 14:58:00,P-101,64.59687269777548,2.1848127493587,4.917367283140598,93.30861360519432,12.030707317702037,0,normal
2026-01-03 14:59:00,P-101,65.06828136058716,2.232453102504935,4.894766333554997,96.88578678144692,11.87227448336576,0,normal
2026-01-03 15:00:00,P-101,66.41461713204278,2.168809454415764,4.951016609746863,96.76635814972522,11.756056525756383,0,normal
2026-01-03 15:01:00,P-101,64.54618607843511,2.24274531902014,4.935692869260757,96.44528732003104,12.084545784067084,0,normal
2026-01-03 15:02:00,P-101,64.82516526230344,2.2029134528443524,5.022170130585397,95.1532891764433,12.09130849580962,0,normal
2026-01-03 15:03:00,P-101,64.83149504502825,2.2659667662790293,4.923336786769553,94.91668000171612,11.614567730349004,0,normal
2026-01-03 15:04:00,P-101,64.44647063956909,2.1059316124676775,4.959260489820381,97.8595216504404,11.695002919719936,0,normal
2026-01-03 15:05:00,P-101,65.6879341521257,2.020048681249283,5.05910628090507,96.02980115205996,11.925945370958518,0,normal
2026-01-03 15:06:00,P-101,63.47764915387103,2.1048042176589012,5.011454333626429,97.58756211239952,12.053498990057763,0,normal
2026-01-03 15:07:00,P-101,64.58580955065452,2.2990058999695924,5.070611180517157,95.42217593969124,11.802851461144725,0,normal
2026-01-03 15:08:00,P-101,65.55151637996012,2.1867855410229,5.0615254207162605,97.33922704317872,12.056035575291832,0,normal
2026-01-03 15:09:00,P-101,64.75237857511452,2.2027536439051856,4.9314695121915015,99.3570893376901,11.838685358763223,0,normal
2026-01-03 15:10:00,P-101,64.29810176242697,2.0753960055301808,5.049940024203083,98.06434643950764,11.518991673370484,0,normal
2026-01-03 15:11:00,P-101,65.21760285607051,2.198682340021921,5.0694226978248365,96.26514673796152,11.803174187672326,0,normal
2026-01-03 15:12:00,P-101,65.5669725718583,2.095187246318462,5.081985698876197,97.46887796135586,11.936712768143297,0,normal
2026-01-03 15:13:00,P-101,65.08160326382871,2.1061007552877458,5.034880072785308,96.571335393494,11.841972069825529,0,normal
2026-01-03 15:14:00,P-101,64.36678844209489,2.146903823257414,5.037901756719289,97.0175147075646,11.67880478849504,0,normal
2026-01-03 15:15:00,P-101,65.13180696560993,2.225683989574077,4.942975856916817,96.41621299741053,11.52935659474655,0,normal
2026-01-03 15:16:00,P-101,64.66809134647288,2.247118859967279,4.9084400235786205,96.7056769483091,11.798352547575696,0,normal
2026-01-03 15:17:00,P-101,65.51972468506771,2.261944856860837,4.949170795125974,97.38260074487953,12.101009176676332,0,normal
2026-01-03 15:18:00,P-101,66.00178150257047,2.0454959573428413,4.835588014332782,95.21232444330752,12.107609221181962,0,normal
2026-01-03 15:19:00,P-101,63.338815907396224,2.203041069800262,5.045710778464357,95.17151063848368,12.0926879959822,0,normal
2026-01-03 15:20:00,P-101,64.95733673584935,2.1671952884642627,4.925175726871799,94.50062340310382,11.671836795063404,0,normal
2026-01-03 15:21:00,P-101,63.72926934598898,2.0304956332495623,5.031589196424137,94.11960453895897,11.592846871442696,0,normal
2026-01-03 15:22:00,P-101,66.5674242467068,2.19934256709993,4.861887642160069,94.80926125655816,11.943604760692724,0,normal
2026-01-03 15:23:00,P-101,64.71169863867107,2.176783516615019,5.048662396686089,97.28786522159344,12.045655958967387,0,normal
2026-01-03 15:24:00,P-101,65.4647963388562,2.248827279402614,4.919302981837622,95.39446279101742,11.941867804770622,0,normal
2026-01-03 15:25:00,P-101,64.81429121079906,2.189524384142351,4.8893623306872955,97.9268189268938,11.534991912959262,0,normal
2026-01-03 15:26:00,P-101,64.3865041603809,2.13461184844005,5.08455641487987,97.0658151228687,11.738597536709367,0,normal
2026-01-03 15:27:00,P-101,64.32993016781097,2.284492204871562,5.012124068088453,93.46122512345988,11.797898995646602,0,normal
2026-01-03 15:28:00,P-101,66.04573793273592,1.9795962465191084,4.996674228076147,98.18487586631424,12.042989914915513,0,normal
2026-01-03 15:29:00,P-101,65.65897401081264,2.1978722610652386,4.98704494368761,98.46692917281626,12.107469347704985,0,normal
2026-01-03 15:30:00,P-101,66.22324050278819,2.01909328919998,4.982968653158317,95.22029518409788,11.885459559979344,0,normal
2026-01-03 15:31:00,P-101,65.03575863761137,2.1087479837089727,4.991299336931541,97.76753364773217,11.999182770739612,0,normal
2026-01-03 15:32:00,P-101,65.14554031732314,2.247726234702449,4.899256855996539,95.4716172788542,11.881121610037846,0,normal
2026-01-03 15:33:00,P-101,64.8448288561744,2.074694923253102,4.943070643643674,97.19143025286182,12.052866782429552,0,normal
2026-01-03 15:34:00,P-101,64.78008837359133,2.0538215673428724,5.084670448253864,94.74202000111552,11.904833730331648,0,normal
2026-01-03 15:35:00,P-101,64.26220376174604,2.4312722432394285,5.1249830021296905,93.79320301457298,11.826943622446649,0,normal
2026-01-03 15:36:00,P-101,64.99733395018612,2.0575256464105887,5.07273264491368,96.33458495475324,11.836363788815122,0,normal
2026-01-03 15:37:00,P-101,64.45912199395033,2.3618672080946665,5.001515562357458,96.80398865460737,11.920377944646717,0,normal
2026-01-03 15:38:00,P-101,65.28246030449809,2.182233441266801,4.939498623494305,96.31410557834404,11.986341443118176,0,normal
2026-01-03 15:39:00,P-101,65.07570181729915,2.143539393566046,4.893147842416871,94.90208549896587,11.900557642748588,0,normal
2026-01-03 15:40:00,P-101,65.17498090267037,2.2553057904052367,4.911911397933671,96.31711666637854,11.965678783660406,0,normal
2026-01-03 15:41:00,P-101,66.15684214031594,2.3414317137849987,4.9365256917230855,97.52544278311584,12.194307655763712,0,normal
2026-01-03 15:42:00,P-101,64.96216538520143,2.083871154651918,5.120220128572955,96.96386456731511,11.96194872156877,0,normal
2026-01-03 15:43:00,P-101,65.41890447308802,2.140635812025238,5.100212920429081,97.37731596822998,11.791519774952269,0,normal
2026-01-03 15:44:00,P-101,66.35172640098868,2.286772144820774,5.010708796165441,95.84693088699632,12.052129283808725,0,normal
2026-01-03 15:45:00,P-101,65.7449179436604,2.216869928227684,4.924424441703896,99.1667364052794,11.7017624246246,0,normal
2026-01-03 15:46:00,P-101,65.62078617274842,2.2954747394930277,5.011966110493134,94.9452195623361,11.632073910722228,0,normal
2026-01-03 15:47:00,P-101,64.80258246001743,2.2517317440266926,4.962744895218875,97.94480872146173,12.005513714587869,0,normal
2026-01-03 15:48:00,P-101,65.17701211652,2.383993158675022,4.841285876110029,99.19965368151168,12.079268944002669,0,normal
2026-01-03 15:49:00,P-101,64.03436952579867,2.2054301873825795,4.9995281886784735,97.94311440603846,11.689283187480356,0,normal
2026-01-03 15:50:00,P-101,65.26303977657373,2.2151805909413107,4.908249553442519,96.71834663009028,11.824986902705358,0,normal
2026-01-03 15:51:00,P-101,65.09541747909743,2.222688521618544,4.904811718919707,96.137545895601,11.7629096104241,0,normal
2026-01-03 15:52:00,P-101,64.97020467577903,2.180608754190488,4.972063523335213,98.95920828849736,11.8714409840786,0,normal
2026-01-03 15:53:00,P-101,65.67638632739599,2.28580411188445,4.910505840178814,94.53884482847826,12.024884900108937,0,normal
2026-01-03 15:54:00,P-101,64.21568284066986,2.223788290985813,4.951203063422152,95.36010407594324,12.00210421498775,0,normal
2026-01-03 15:55:00,P-101,66.02349111894839,2.2743414598509895,4.9582071646263355,96.39703031275396,11.888086473411876,0,normal
2026-01-03 15:56:00,P-101,65.5410721171813,2.2892985647932855,4.862162320565573,99.34689570649076,11.871214485771736,0,normal
2026-01-03 15:57:00,P-101,64.83661074829892,2.229419506450056,5.084513089686665,97.80936304648664,11.664350957350573,0,normal
2026-01-03 15:58:00,P-101,64.95433516883143,2.256001278242019,4.885065015296457,95.39013859028655,12.145741145464989,0,normal
2026-01-03 15:59:00,P-101,65.31794664087171,2.0996012327786464,4.899142949174368,96.58108361335016,12.01585528845749,0,normal
2026-01-03 16:00:00,P-101,65.89751747586962,2.134560546935522,4.937411760292091,96.0410487917412,11.739897642937608,0,normal
2026-01-03 16:01:00,P-101,65.07312106389834,2.285147036356196,4.951182352985181,95.87657923010312,12.02021727642807,0,normal
2026-01-03 16:02:00,P-101,65.07740375669992,2.340509823371958,5.091366038467425,98.92374512891956,11.953667629752662,0,normal
2026-01-03 16:03:00,P-101,64.93603276680648,1.9973004924605544,4.965862900396254,94.70032587524112,11.783587875284766,0,normal
2026-01-03 16:04:00,P-101,66.18954869418755,2.1467831733813267,5.040384216222259,100.0731632334592,12.089237202661696,0,normal
2026-01-03 16:05:00,P-101,64.69442161965998,2.194841561563641,5.005979927476479,98.67623943456488,11.8119875330544,0,normal
2026-01-03 16:06:00,P-101,64.94790790313516,2.108311164333368,5.007774499920885,99.15721891459704,11.905965263535888,0,normal
2026-01-03 16:07:00,P-101,65.92160776375734,2.1143622742661385,4.985368983305343,96.36879180892524,11.915355967107669,0,normal
2026-01-03 16:08:00,P-101,65.02847361945032,2.2398253105338903,4.834116382500103,96.94077724799284,11.808333078862743,0,normal
2026-01-03 16:09:00,P-101,65.72964167169113,2.357057986935606,4.928903275530585,94.63975694693517,11.97300975046156,0,normal
2026-01-03 16:10:00,P-101,64.49948429350289,2.0073109392809076,5.04419796843744,96.2839690697459,12.262332372828029,0,normal
2026-01-03 16:11:00,P-101,64.79408243565497,2.174669250783375,5.2572235936098135,98.1260422853346,11.792921642038609,0,normal
2026-01-03 16:12:00,P-101,65.84390967540348,2.232502611369592,4.9114948710637805,99.57964963415456,11.654364429763827,0,normal
2026-01-03 16:13:00,P-101,64.37052198365915,2.256323431380646,4.982248559726302,95.26329625035974,11.45755085401554,0,normal
2026-01-03 16:14:00,P-101,64.85550558882201,2.226638444555169,4.926105534383998,96.6078794835202,11.868142756206607,0,normal
2026-01-03 16:15:00,P-101,65.08895781353274,2.3672388165311293,5.113367952093841,97.00323188210622,11.77746403843795,0,normal
2026-01-03 16:16:00,P-101,64.31671733030514,2.1982812612755027,4.85296618953115,94.77309827865548,11.88476504857308,0,normal
2026-01-03 16:17:00,P-101,64.7230859244178,2.3302921363560127,5.027346397160396,98.36006328382838,11.977321432920071,0,normal
2026-01-03 16:18:00,P-101,64.91901737801729,2.117740779803188,4.861522569790521,96.00273467558144,11.559438670944624,0,normal
2026-01-03 16:19:00,P-101,64.87143022534943,2.1876368201610745,4.947346967719414,96.96466344836728,11.545963137554738,0,normal
2026-01-03 16:20:00,P-101,65.8163355917273,2.0769121242124764,4.962732782427448,96.51347155799353,11.954590794809024,0,normal
2026-01-03 16:21:00,P-101,65.96855517373089,2.2862702151508913,5.03404792120704,95.91695034852674,11.904594277399791,0,normal
2026-01-03 16:22:00,P-101,64.38576580574038,2.181352396311993,4.897958543527592,97.33602213586892,11.834917064402758,0,normal
2026-01-03 16:23:00,P-101,64.9245274715685,2.218891013007376,5.016153942056358,96.97171286370416,11.577722668884665,0,normal
2026-01-03 16:24:00,P-101,65.43662701447319,2.168476349899733,4.968331798354824,96.7017357717668,11.995330325706002,0,normal
2026-01-03 16:25:00,P-101,66.0334072720766,2.2641035838010017,4.979808347637588,96.07128105975698,12.136518340877496,0,normal
2026-01-03 16:26:00,P-101,65.46515458764445,2.2395303567442406,5.046775788668907,97.96924986409476,11.994673983966626,0,normal
2026-01-03 16:27:00,P-101,65.13378543169358,2.09421391079243,4.9140447391068856,100.38237076172564,11.841976344738756,0,normal
2026-01-03 16:28:00,P-101,65.41190179222873,2.103883159191987,5.033437357501388,97.6695709380986,11.938997561257189,0,normal
2026-01-03 16:29:00,P-101,65.33416178907078,2.1853616465946897,4.952405262586189,99.22286023024488,11.70346299072061,0,normal
2026-01-03 16:30:00,P-101,64.44153579364902,2.26834869750137,5.037559597892116,95.04167092862981,12.049881798595544,1,blockage
2026-01-03 16:31:00,P-101,65.16592810659704,2.3842304379225623,5.03107502667071,96.93695039479533,11.965533963671021,1,blockage
2026-01-03 16:32:00,P-101,65.83871076419733,2.2107439342717625,4.963310324314543,96.15251949666387,11.575910266635699,1,blockage
2026-01-03 16:33:00,P-101,64.85287253252338,2.2921332507277996,4.914949334927811,93.7856266686249,11.851513307946155,1,blockage
2026-01-03 16:34:00,P-101,65.175932064417,2.03781536986442,5.015428320666694,94.86533543623608,12.003891796095886,1,blockage
2026-01-03 16:35:00,P-101,64.93331582172715,2.398212415933638,5.1101263709681675,99.48416219008708,12.037749075587538,1,blockage
2026-01-03 16:36:00,P-101,63.60912834438474,2.257435999463936,4.976499742946649,98.17220645798545,12.065473423429607,1,blockage
2026-01-03 16:37:00,P-101,65.03159870246486,2.182807715562506,4.93417551158387,96.72793002551343,11.855609111528867,1,blockage
2026-01-03 16:38:00,P-101,65.28764652783948,2.181806750958769,5.027284848833098,93.76421714582983,12.158687858834242,1,blockage
2026-01-03 16:39:00,P-101,64.72512579600964,2.080739309988746,4.9119900498895,95.73746781468131,11.997791964483548,1,blockage
2026-01-03 16:40:00,P-101,64.26787953876105,2.0983589682514205,4.901608120014277,96.5881114731946,11.72777118854408,1,blockage
2026-01-03 16:41:00,P-101,64.501428657771,2.385556910216896,4.9557086046500425,95.03881116943711,12.076338942692976,1,blockage
2026-01-03 16:42:00,P-101,65.68813629407055,2.1020872949850897,4.944575585481103,91.55550046450641,12.193489608252435,1,blockage
2026-01-03 16:43:00,P-101,66.37885858694145,2.091292902416648,4.937112549769492,92.96431883794955,12.074142077592814,1,blockage
2026-01-03 16:44:00,P-101,66.18992451399103,2.140698865258317,4.856783808360942,94.5006354175662,12.55381942855556,1,blockage
2026-01-03 16:45:00,P-101,64.4004468491309,2.081944915705648,4.974565111944744,96.1530884619624,12.3457284376335,1,blockage
2026-01-03 16:46:00,P-101,65.74138496291005,2.1966875372228003,5.021285902028844,90.82693909781449,12.136706821293668,1,blockage
2026-01-03 16:47:00,P-101,64.76765544160232,2.3047218926767266,4.909113836883087,93.91926852754868,12.179195899896705,1,blockage
2026-01-03 16:48:00,P-101,64.78665104611268,2.135939615379628,4.985301520408317,94.9926687084923,12.311060361556024,1,blockage
2026-01-03 16:49:00,P-101,64.96127002567879,2.059639605269582,5.16350226252132,95.33287033530823,12.284196848134602,1,blockage
2026-01-03 16:50:00,P-101,65.72306665635938,2.2255270870705983,5.037951652770863,95.27757019190135,12.314232494342136,1,blockage
2026-01-03 16:51:00,P-101,66.01664641524069,2.1972088430529566,5.067417165921126,94.98160872795273,12.465899908775398,1,blockage
2026-01-03 16:52:00,P-101,65.11360574006089,2.2883575338246924,4.932423757617469,91.91089312571643,12.1147668925978,1,blockage
2026-01-03 16:53:00,P-101,65.1265560000841,2.139139116220063,5.143117118118656,89.8786735013607,12.07973352174109,1,blockage
2026-01-03 16:54:00,P-101,65.51890227719457,2.161487095733154,5.026331906760793,92.78691104201918,12.110036270933048,1,blockage
2026-01-03 16:55:00,P-101,65.89872044964055,2.2009321636355725,5.066972091776714,94.55221269810568,12.859377347086818,1,blockage
2026-01-03 16:56:00,P-101,66.13932012015795,2.2135287289894485,5.158227695545915,96.02051329640156,12.57053936699612,1,blockage
2026-01-03 16:57:00,P-101,64.53673924538408,2.162109704733567,5.034876468381741,93.9833418232059,12.504623260694562,1,blockage
2026-01-03 16:58:00,P-101,65.30736706989164,2.134417593338356,5.049307731579883,93.36127145125346,12.236675481966449,1,blockage
2026-01-03 16:59:00,P-101,64.70998012659078,2.0182034928895978,5.036945826132673,93.51206642090989,12.605635681823372,1,blockage
2026-01-03 17:00:00,P-101,65.285960459031,2.138781907411087,4.989542507303076,91.4569656828943,12.392890465258905,1,blockage
2026-01-03 17:01:00,P-101,65.23825591446226,2.2704292349703783,5.059331910803536,92.74275135037146,12.564802076525375,1,blockage
2026-01-03 17:02:00,P-101,65.34976998675378,2.2783114935180326,5.0778523890072025,95.00366022757177,12.350720819585415,1,blockage
2026-01-03 17:03:00,P-101,64.81527656758156,2.1496500187428564,4.990004850505934,90.64348376282389,12.477870057845662,1,blockage
2026-01-03 17:04:00,P-101,64.43060410749564,2.3275814841191145,5.033885643675708,95.28374643495988,12.501063193066429,1,blockage
2026-01-03 17:05:00,P-101,63.95017620485703,2.1878654400761017,4.988836498013632,91.07556866516246,12.415152769509403,1,blockage
2026-01-03 17:06:00,P-101,65.44594749620349,2.0725283018118734,5.005567279250362,94.6540345202978,12.765129987073278,1,blockage
2026-01-03 17:07:00,P-101,64.93905023614303,2.0170193535049634,4.888476101635091,89.93434666089763,12.207240014322307,1,blockage
2026-01-03 17:08:00,P-101,65.01027671363187,2.325228832735837,5.052975756842627,93.50231311855026,12.644756648623583,1,blockage
2026-01-03 17:09:00,P-101,66.33678815858443,2.1642246524333877,5.1090587493143556,90.18342026118111,12.676986534706089,1,blockage
2026-01-03 17:10:00,P-101,64.85002091669132,2.066161408179787,5.109727445296229,89.6489226830628,12.361524140749228,1,blockage
2026-01-03 17:11:00,P-101,66.30531241088792,1.965665347585953,4.925258993780163,91.31321043754068,12.437902034989067,1,blockage
2026-01-03 17:12:00,P-101,66.48261083075175,2.1585299161626263,5.047264653488776,94.21450080890001,12.64746221670415,1,blockage
2026-01-03 17:13:00,P-101,64.26196868967057,2.2386334320123544,4.985625199110144,89.31355393139089,12.592558169361604,1,blockage
2026-01-03 17:14:00,P-101,65.41892925572603,2.123519297623467,5.039636405582736,88.68424070122063,12.554323759716219,1,blockage
2026-01-03 17:15:00,P-101,65.14110357626329,2.0957168607596692,5.023833221336362,91.29963200571426,12.789635425801322,1,blockage
2026-01-03 17:16:00,P-101,63.71095091706054,2.156770934656317,5.116517733035433,91.45183489905202,12.955202043798527,1,blockage
2026-01-03 17:17:00,P-101,64.48361954806633,2.3192577816931985,5.081295977361482,92.18919041225494,12.537452735471422,1,blockage
2026-01-03 17:18:00,P-101,65.83187193983326,2.046870009929828,4.913238724628238,93.0624855058016,12.398397464283052,1,blockage
2026-01-03 17:19:00,P-101,66.87146758048281,2.1401701130039976,5.021769997616399,90.77189188126295,12.861435972078846,1,blockage
2026-01-03 17:20:00,P-101,66.22578933976315,2.336434150820882,5.1229580025688115,94.60210905712091,13.055920029708599,1,blockage
2026-01-03 17:21:00,P-101,65.69795613635746,2.2509510354314295,5.0598688447159095,91.64489013517944,12.716964904286497,1,blockage
2026-01-03 17:22:00,P-101,65.33228510774666,2.2063924918147357,4.965739397929061,90.82253930190444,12.398153588170462,1,blockage
2026-01-03 17:23:00,P-101,66.5707729528039,2.1286364393941883,4.936132884805638,88.42768772341759,12.482106675702248,1,blockage
2026-01-03 17:24:00,P-101,66.82119308957377,2.1915114488521996,5.067527651671601,90.72069667252036,12.374492642174271,1,blockage
2026-01-03 17:25:00,P-101,65.13572693272711,2.1486332884654153,4.948015113491565,91.41186015626378,12.720239252098542,1,blockage
2026-01-03 17:26:00,P-101,64.1799355257482,2.1033488398865123,4.950545650005561,93.6236089983572,12.401188957215247,1,blockage
2026-01-03 17:27:00,P-101,64.06320432719575,2.088639397271198,5.040250070143379,91.91925654823895,12.613599597287113,1,blockage
2026-01-03 17:28:00,P-101,66.18689523521695,2.265898443262248,5.031666444421741,89.22698690483426,12.394022891530293,1,blockage
2026-01-03 17:29:00,P-101,65.4339406907076,2.193441009330607,5.016087717432195,91.84174207971851,12.744497798262062,1,blockage
2026-01-03 17:30:00,P-101,65.5827838390419,2.228090153461125,5.01892444588765,92.70513674857175,12.568910324708487,1,blockage
2026-01-03 17:31:00,P-101,64.36349323459886,2.2180251339085943,5.107261769226779,94.16658921896445,12.800565964243791,1,blockage
2026-01-03 17:32:00,P-101,64.99312260415506,2.24435514669348,4.971728178158145,93.42570883857118,12.684079836811755,1,blockage
2026-01-03 17:33:00,P-101,65.23851815082801,2.166470121633615,5.104472332662673,93.35596584989516,12.478379809278632,1,blockage
2026-01-03 17:34:00,P-101,65.59801687125965,2.155195405944787,5.002162463122482,91.77341270005729,12.78802435423414,1,blockage
2026-01-03 17:35:00,P-101,65.26694617784257,2.1171615593084687,5.073577108790876,92.90799618101585,12.593976006857174,1,blockage
2026-01-03 17:36:00,P-101,64.73722355345454,2.0516594719551207,5.123203990981313,93.98315108261406,12.507445583649767,1,blockage
2026-01-03 17:37:00,P-101,65.12236285973276,2.1011358132052647,5.069965583903334,90.26455441114331,12.999427399565095,1,blockage
2026-01-03 17:38:00,P-101,66.27705708356312,2.164830332945588,5.16761258874139,91.03250930881734,12.706305497398597,1,blockage
2026-01-03 17:39:00,P-101,65.59809147717854,2.0351417108836167,5.095270682292075,90.58954856386319,12.542494786115817,1,blockage
2026-01-03 17:40:00,P-101,65.96743822347892,2.072277650737398,5.089604705615786,92.85066825328119,12.997610431119615,1,blockage
2026-01-03 17:41:00,P-101,65.02043804490182,2.3199966710036004,5.049247888624495,94.19859865974033,12.997236344215963,1,blockage
2026-01-03 17:42:00,P-101,63.512624752951744,2.21838190763607,5.029208474170495,90.74840847956459,12.496962152265649,1,blockage
2026-01-03 17:43:00,P-101,65.11402692547763,2.1508741083439187,4.9537400564802185,88.0,12.486041162033617,1,blockage
2026-01-03 17:44:00,P-101,64.7824012845118,2.4168302210875456,5.022971776152572,92.72257126503227,12.319044616336937,1,blockage
2026-01-03 17:45:00,P-101,65.66961827057632,2.034463414328576,5.1399254775754635,95.01132956189505,12.545591642886535,1,blockage
2026-01-03 17:46:00,P-101,67.52813105870959,2.295648456115497,5.002697795386929,94.20481490183329,12.577574200851105,1,blockage
2026-01-03 17:47:00,P-101,65.9222648864353,2.189801253342399,5.0265615160650645,93.88414907876384,12.646828606490573,1,blockage
2026-01-03 17:48:00,P-101,67.1527607360222,2.2791322681820434,4.990420204291156,92.55418905507803,12.547190867664664,1,blockage
2026-01-03 17:49:00,P-101,65.8315403129447,2.211207553251433,5.071880943891344,91.39926786222763,12.516409442631995,1,blockage
2026-01-03 17:50:00,P-101,64.98116193522928,2.0144120104040684,5.036802358732402,94.41452575555812,12.588794240018293,1,blockage
2026-01-03 17:51:00,P-101,65.42493951506476,2.196706560976764,4.97392096863399,92.51701123606831,12.172642730264265,1,blockage
2026-01-03 17:52:00,P-101,66.48509597608586,2.2294402491724683,5.031057726269414,98.05168494991482,12.424426128754202,1,blockage
2026-01-03 17:53:00,P-101,66.47161091747854,1.9763635857865391,5.084000123593018,95.62858195372745,12.385026109867278,1,blockage
2026-01-03 17:54:00,P-101,64.95587835093662,2.3896201948736824,5.067800578560664,93.53047752059133,12.293076802929232,1,blockage
2026-01-03 17:55:00,P-101,65.51699114186455,2.236960340201216,5.008649600494931,93.81780408809755,12.666292241413364,1,blockage
2026-01-03 17:56:00,P-101,64.27580279871717,2.256475046119658,5.065705011100432,94.77574879188847,12.246850627240237,1,blockage
2026-01-03 17:57:00,P-101,65.7257941334446,2.078877600106971,5.026190192978468,93.87889099888194,12.288705444740485,1,blockage
2026-01-03 17:58:00,P-101,66.36309635232186,2.2779320864499057,5.141040341335523,97.30381133084494,12.617699970090886,1,blockage
2026-01-03 17:59:00,P-101,65.18369889947081,2.3058147680051264,4.965665165874345,94.38206284599217,12.328152920056246,1,blockage
2026-01-03 18:00:00,P-101,64.7818318807551,2.2263473622767354,5.0037963813859365,93.77419900429825,12.41659033039216,1,blockage
2026-01-03 18:01:00,P-101,65.5391633756019,2.2009443230286365,4.966527999760615,98.80946267249624,12.434856966072015,1,blockage
2026-01-03 18:02:00,P-101,65.55829132428855,2.1117434143940037,5.00637932201954,96.10784666059273,12.452176900898706,1,blockage
2026-01-03 18:03:00,P-101,65.2926079231847,2.1771807331814643,4.939554869476936,96.9775425442173,12.28962486115312,1,blockage
2026-01-03 18:04:00,P-101,65.32450721797484,2.1518154351180767,5.069260952079559,95.2099263902743,12.352382544688842,1,blockage
2026-01-03 18:05:00,P-101,64.98297796212533,2.2446462566164307,5.099934134078302,96.88257776347356,11.9217850619098,1,blockage
2026-01-03 18:06:00,P-101,65.81399779211374,2.1118279660221457,5.082102977405549,96.01945427463237,12.163640836171638,1,blockage
2026-01-03 18:07:00,P-101,65.59058970495924,2.253833369349704,4.990916025394865,93.32853317726328,12.186847744814198,1,blockage
2026-01-03 18:08:00,P-101,64.65675721853714,2.1238287163558858,4.954143264810233,100.06937045431229,12.500198705512789,1,blockage
2026-01-03 18:09:00,P-101,64.65402509624538,2.1876282873826227,5.003023417273144,99.71808645658719,12.542196014066626,1,blockage
2026-01-03 18:10:00,P-101,64.92445209328305,2.2567778971736008,5.122427541324406,96.62657983767829,12.085500744662527,1,blockage
2026-01-03 18:11:00,P-101,65.68274681665416,2.1382623948961696,5.114180172864379,94.85066207296354,12.393347590461872,1,blockage
2026-01-03 18:12:00,P-101,65.17138674959052,2.2597468757012713,4.968485306623308,98.63649063179152,12.073414138223727,1,blockage
2026-01-03 18:13:00,P-101,64.68759204689886,2.2653581557548725,5.016806754836471,97.409527889763,12.491559123380355,1,blockage
2026-01-03 18:14:00,P-101,65.30291813108028,2.179482880341506,5.106972044649845,98.55508609873371,12.262579475906026,1,blockage
2026-01-03 18:15:00,P-101,64.76238457859756,2.3085821335150425,4.9825293055706865,98.98835118954568,11.890138143577156,1,blockage
2026-01-03 18:16:00,P-101,65.61440529359122,2.2106536559001184,5.007831537185381,99.29818687213749,12.19344096456631,1,blockage
2026-01-03 18:17:00,P-101,65.26613973096812,2.312297167590028,5.134400170288707,101.07812117392311,12.138916038807572,1,blockage
2026-01-03 18:18:00,P-101,64.94463335013685,2.3849593273991903,4.930023083312958,99.85845280746706,12.254151333420177,1,blockage
2026-01-03 18:19:00,P-101,65.14975955589108,2.171225396597109,5.024035351466733,98.04625709465583,11.92723383214963,1,blockage
2026-01-03 18:20:00,P-101,65.8312515955706,2.26441750028516,5.094552980184024,102.27416461009167,11.983678363429023,1,blockage
2026-01-03 18:21:00,P-101,64.75190150462043,2.1502044708249213,5.0223047311696725,102.50708891258816,12.349031583930216,0,normal
2026-01-03 18:22:00,P-101,65.30995205893501,2.102229990005106,4.982969632323772,105.250998426309,12.137785773898136,0,normal
2026-01-03 18:23:00,P-101,64.9866229819987,2.1841594289243984,4.925072684038661,97.57834672458908,12.092634866576024,0,normal
2026-01-03 18:24:00,P-101,65.26240726374854,2.0620105856522732,5.020873454329322,100.06118792297757,11.956765340680487,0,normal
2026-01-03 18:25:00,P-101,64.6481451225985,2.114652060279353,4.859362525777166,95.8996101418863,12.210320956102091,0,normal
2026-01-03 18:26:00,P-101,65.03123249575631,2.254516341555274,5.015816725613371,100.66646554820944,11.884327040579183,0,normal
2026-01-03 18:27:00,P-101,65.66352348039072,2.142170909520236,5.024948229843464,98.70746609591468,11.838395276628004,0,normal
2026-01-03 18:28:00,P-101,64.5310503785208,2.2870633991499885,5.100764187003931,103.17987749072935,12.40029976094506,0,normal
2026-01-03 18:29:00,P-101,64.08738219202004,2.2243978234224744,4.885583344353512,98.34683395657277,11.861415740518131,0,normal
2026-01-03 18:30:00,P-101,64.23823206358196,2.393992912544597,5.059378243246043,96.72409324447538,12.22193765856714,0,normal
2026-01-03 18:31:00,P-101,64.29036656118541,2.2582962663650936,5.108073887682015,98.93984430894196,12.14656344518722,0,normal
2026-01-03 18:32:00,P-101,65.33682003742979,2.3056915099193107,4.991268114272163,96.2557504532212,11.85674257228447,0,normal
2026-01-03 18:33:00,P-101,63.9717255101692,2.2271066727106685,4.939207884084032,101.1871284783758,11.672955159947842,0,normal
2026-01-03 18:34:00,P-101,64.76450182184608,2.2263546410711643,4.93844766146088,96.14153116460967,11.880382274083924,0,normal
2026-01-03 18:35:00,P-101,65.40830331498725,2.317206477678222,4.99600263483023,99.93344419885248,12.018329336672258,0,normal
2026-01-03 18:36:00,P-101,65.31227354838164,2.271616336189391,4.9805895100813835,96.16570644702443,12.118414740071607,0,normal
2026-01-03 18:37:00,P-101,64.85378220426318,2.232937280294464,4.995066555258385,99.35278465733322,12.298272974968018,0,normal
2026-01-03 18:38:00,P-101,65.10671638975013,2.218578719634037,5.0487911472877505,102.9109587285127,11.950331326026632,0,normal
2026-01-03 18:39:00,P-101,65.13229603507872,2.260983110697249,4.999903772005444,100.6256045019183,12.179004487855185,0,normal
2026-01-03 18:40:00,P-101,64.89150150068077,2.1371207191153943,5.003014611726488,98.44571151106312,12.106451776534565,0,normal
2026-01-03 18:41:00,P-101,64.9377539739803,2.137168229512505,4.9674373147444655,99.96739542257578,12.213704403159362,0,normal
2026-01-03 18:42:00,P-101,66.48877142581848,2.3466255753203167,4.977122453027382,100.07955232161548,12.102124552075574,0,normal
2026-01-03 18:43:00,P-101,65.39975209531671,2.372007081558728,4.968892377236823,100.92141391701897,11.639142879318214,0,normal
2026-01-03 18:44:00,P-101,66.57669934195091,2.103029039366756,5.110547039648575,97.6338872233289,11.897932130194317,0,normal
2026-01-03 18:45:00,P-101,64.6085106390296,2.1252761768049377,5.114317060434226,101.1844005402024,11.80439050122269,0,normal
2026-01-03 18:46:00,P-101,64.8809601592785,2.306959533065363,4.991604737453392,95.27341441524392,11.817681277873705,0,normal
2026-01-03 18:47:00,P-101,64.19254466172711,2.2600293032178898,5.083082213263567,99.03105834548248,12.166932597591254,0,normal
2026-01-03 18:48:00,P-101,64.48789166289586,2.2692553915897022,5.048987080150203,99.30947864217516,12.040314526440248,0,normal
2026-01-03 18:49:00,P-101,66.33080453434803,2.3004670995101515,5.026207673613201,101.35186924472173,12.27017425062114,0,normal
2026-01-03 18:50:00,P-101,64.68749967068382,2.1789921505777032,4.897371134348641,100.2761128220019,12.076634168802766,0,normal
2026-01-03 18:51:00,P-101,66.13280290812183,2.2198849997022108,4.958936981595765,97.72884560045244,11.672200180079791,0,normal
2026-01-03 18:52:00,P-101,63.99970328188957,2.2032636437934094,4.961640720693564,98.5093373134849,11.45111071809,0,normal
2026-01-03 18:53:00,P-101,64.33262741370793,2.1161373869303755,4.927318711729254,100.66339738457047,12.049663673873033,0,normal
2026-01-03 18:54:00,P-101,64.76518711172832,2.2300219406522617,4.897837457956706,100.18688171791692,11.962821158267277,0,normal
2026-01-03 18:55:00,P-101,64.88293333149961,2.315127730253947,5.027592242209983,99.31018879502916,11.783916515974498,0,normal
2026-01-03 18:56:00,P-101,65.47582307085248,2.1523942567739387,5.01782029136167,99.51049887957136,11.645189516456863,0,normal
2026-01-03 18:57:00,P-101,65.25891964353788,2.2113619388588712,4.934806875499931,101.65246641046636,11.90262534961945,0,normal
2026-01-03 18:58:00,P-101,64.71043467796466,2.2185039881997457,4.942697075195949,99.49085706464815,11.945827414966493,0,normal
2026-01-03 18:59:00,P-101,64.96297443057827,2.17720551122105,5.084160089745176,100.28745306243844,12.14179915661443,0,normal
2026-01-03 19:00:00,P-101,64.8517527650132,2.274449399526379,4.982313136590498,104.37518925366568,12.168981893923563,0,normal
2026-01-03 19:01:00,P-101,64.49630406317017,2.142373893003862,4.991255241208521,97.92993179331552,12.259511403234011,0,normal
2026-01-03 19:02:00,P-101,64.32074774631782,2.3215986838820353,4.95854022287028,97.18247038400382,11.708353300311035,0,normal
2026-01-03 19:03:00,P-101,65.75026781012112,2.272008359670585,5.054939879398515,101.94944364241704,12.234695087684,0,normal
2026-01-03 19:04:00,P-101,63.808079866417366,2.105910233597854,4.933478328648328,99.34058643342776,11.98967734162858,0,normal
2026-01-03 19:05:00,P-101,66.10004064789676,2.375373253580908,5.006430277588924,100.01244341611168,12.139307127307069,0,normal
2026-01-03 19:06:00,P-101,64.73812165718701,2.2123607637065557,5.003833384468547,99.20228040543353,11.888765439509896,0,normal
2026-01-03 19:07:00,P-101,64.5746066697913,2.136475221298918,5.0177504066968694,100.1637750260824,12.21924932556059,0,normal
2026-01-03 19:08:00,P-101,65.53859315446,2.317055408557037,5.040853153317014,103.53179832596302,12.16499890144794,0,normal
2026-01-03 19:09:00,P-101,65.94010259852564,2.2465770740968045,5.045335002702787,102.12123502611992,11.927748053800048,0,normal
2026-01-03 19:10:00,P-101,65.74926895835476,2.025410643440848,5.175947307373199,102.25233841296428,12.06516534660629,0,normal
2026-01-03 19:11:00,P-101,65.2902620950201,2.143326341182605,5.161031009194701,98.17401648207236,11.897309322674753,0,normal
2026-01-03 19:12:00,P-101,65.72678067868868,2.230231952050096,4.9419947995019236,98.6739929356994,12.05805545819854,0,normal
2026-01-03 19:13:00,P-101,63.756106730989686,1.9693953500795285,4.794308256698577,95.65852653232524,11.633800446094856,0,normal
2026-01-03 19:14:00,P-101,64.65177023244006,2.20747387532815,5.03503200777001,99.33473367194716,11.974171669735275,0,normal
2026-01-03 19:15:00,P-101,64.46204303306274,2.222004059793828,5.038401543043983,102.5363870850894,12.15515306308255,0,normal
2026-01-03 19:16:00,P-101,65.81688531578126,2.08403597067572,5.091947700607498,101.76747704646476,12.059628972832549,0,normal
2026-01-03 19:17:00,P-101,64.84986409754784,2.238393038322952,5.024550510828768,100.46084978486957,12.283213742423886,0,normal
2026-01-03 19:18:00,P-101,65.61253665097587,2.2079489426630774,5.012522080416844,100.8419804650044,12.180063968764344,0,normal
2026-01-03 19:19:00,P-101,65.34426186582934,2.08040828692141,5.075669660743383,99.66461990319776,11.988442437747782,0,normal
2026-01-03 19:20:00,P-101,64.46827270651865,2.2952443078320015,5.101770810903449,101.29561697144804,12.082206328642975,0,normal
2026-01-03 19:21:00,P-101,64.66361787606756,2.2889443180541686,4.926220913931429,102.32801180460984,12.128973464434695,0,normal
2026-01-03 19:22:00,P-101,65.84887560971242,2.1719284753928054,4.923469127272785,98.0631560372556,12.022554601951033,0,normal
2026-01-03 19:23:00,P-101,64.3842407034453,2.167376659099695,5.007942287884742,101.53337950349494,11.680869785971929,0,normal
2026-01-03 19:24:00,P-101,65.08835036947197,2.2734476992275248,5.0338365989592635,102.69459652845428,12.02053263669976,0,normal
2026-01-03 19:25:00,P-101,64.3904947209508,2.16840757792459,4.987092882276326,100.2911706510984,11.711847305894269,0,normal
2026-01-03 19:26:00,P-101,64.90978844397499,2.0199214502874465,5.053611358781881,102.32168563315484,12.325306758486542,0,normal
2026-01-03 19:27:00,P-101,65.03029778005421,2.2555854321553857,5.131215440047332,106.14881047951351,12.17229441038482,0,normal
2026-01-03 19:28:00,P-101,64.48722674645117,2.118227208285526,5.129755246057227,100.91655663067762,11.988828508984405,0,normal
2026-01-03 19:29:00,P-101,64.4577443868915,2.170391112498929,5.058865905700957,101.83419940368545,12.234385448517209,0,normal
2026-01-03 19:30:00,P-101,65.21374565396513,2.3489491122305526,4.93853211797333,99.81954754650477,12.079051385885116,0,normal
2026-01-03 19:31:00,P-101,64.3876246374177,2.179368318671344,5.004644015796635,101.49603515604824,11.819154151805606,0,normal
2026-01-03 19:32:00,P-101,64.4893185056861,2.2020301698034155,5.014924669080556,102.01993259687248,12.0464169054007,0,normal
2026-01-03 19:33:00,P-101,64.38257311195814,2.250161888159436,5.051662286789406,101.56374699907248,11.979879015326896,0,normal
2026-01-03 19:34:00,P-101,64.82093292843578,2.2358560410789625,5.02116267734377,99.39909150033938,11.633066167288971,0,normal
2026-01-03 19:35:00,P-101,65.58217474524378,2.104510929877522,5.159802069587786,101.62743040099808,11.9107676653825,0,normal
2026-01-03 19:36:00,P-101,66.00744334198788,2.1971929745476952,5.006786986176026,103.90929056438696,12.080570652528316,0,normal
2026-01-03 19:37:00,P-101,64.54222138116684,2.2052230398854733,5.047994158570551,102.10616212068736,12.040194677322251,0,normal
2026-01-03 19:38:00,P-101,66.32598545773179,2.219006511613341,5.195343742341057,103.05139444989706,11.79509554876145,0,normal
2026-01-03 19:39:00,P-101,64.4371587316718,2.2392326959352307,4.968178660376654,100.91431431599064,12.257762546089214,0,normal
2026-01-03 19:40:00,P-101,65.72563314130763,2.461181448722832,5.037278328033738,102.71179193018132,12.060933146127152,0,normal
2026-01-03 19:41:00,P-101,64.55332487519637,2.0849771738334355,4.95271441724528,101.88560523239612,12.064078772303995,0,normal
2026-01-03 19:42:00,P-101,64.45871236562641,2.300844875281728,5.002667584267368,99.6921501293447,12.070892831548308,0,normal
2026-01-03 19:43:00,P-101,64.4817211835885,2.314430458925976,4.965363869412863,101.99790697824976,11.902321958566755,0,normal
2026-01-03 19:44:00,P-101,64.99428608714254,2.2525214936111495,5.0698781335255205,99.66020702811258,12.081077405469918,0,normal
2026-01-03 19:45:00,P-101,65.35471681786241,2.132423878420185,5.013579112429181,100.32667922969824,11.93638544768731,0,normal
2026-01-03 19:46:00,P-101,65.39183848985628,2.3614867190516935,4.952793861385474,101.82716695842348,11.875497900623266,0,normal
2026-01-03 19:47:00,P-101,64.44799034561966,1.9878394970226407,5.07925810176056,102.04183629151431,12.17594458741651,0,normal
2026-01-03 19:48:00,P-101,64.45469694423998,2.1428705281207665,5.0064416808221335,99.38650581011228,12.27992994606373,0,normal
2026-01-03 19:49:00,P-101,64.49109049232904,2.327100293209749,5.101142635235485,103.44453208298432,12.248301837186697,0,normal
2026-01-03 19:50:00,P-101,65.01949769145767,2.1734891885729786,4.945634685994545,102.5971069950887,12.262508722880746,0,normal
2026-01-03 19:51:00,P-101,64.83030448591421,2.355864238610108,5.0290079670456365,100.31902581882298,11.90544465325223,0,normal
2026-01-03 19:52:00,P-101,64.2583707600018,2.0346463610004064,5.042532196138414,98.83982775132846,11.645670886706164,0,normal
2026-01-03 19:53:00,P-101,65.29390023954835,2.1023507064231692,4.984028539359926,101.36649636764278,12.339022395449252,0,normal
2026-01-03 19:54:00,P-101,66.62335165025127,2.164285545825394,4.920313506802672,100.8443697690443,12.43623407095228,0,normal
2026-01-03 19:55:00,P-101,64.79957024094945,2.256326818169915,5.015791110541614,101.87036352175424,12.364672260406564,0,normal
2026-01-03 19:56:00,P-101,64.70555502199562,2.1763508656223314,5.096294471999428,101.0326401434764,11.963822016508342,0,normal
2026-01-03 19:57:00,P-101,65.26292438062987,2.1394337158773618,5.059737755173002,98.09226320286176,11.711841028340084,0,normal
2026-01-03 19:58:00,P-101,64.57294452982919,2.3347453710479216,4.980269922238987,101.02599126718772,11.817643198451718,0,normal
2026-01-03 19:59:00,P-101,65.32950394749072,2.339307587181647,4.922125270984015,101.19412515303652,11.699077241068286,0,normal
2026-01-03 20:00:00,P-101,64.55592216612037,2.161187729203729,4.998856875590238,102.90394560147074,12.065642644362113,0,normal
2026-01-03 20:01:00,P-101,66.30879404162228,2.042499367460981,4.972462602192828,100.52560377440622,12.336903704848677,0,normal
2026-01-03 20:02:00,P-101,65.26482753637843,1.9889057661319425,5.079480025711818,104.82287508804828,12.116353726267,0,normal
2026-01-03 20:03:00,P-101,64.60112817377376,2.2244025075550216,4.97644083541504,98.37909406183284,12.01183740192464,0,normal
2026-01-03 20:04:00,P-101,64.7577298207448,2.281638925124718,4.989259731748437,104.19882265700365,12.401084072570953,0,normal
2026-01-03 20:05:00,P-101,64.65300531976517,2.2048112253036143,5.0918334917117365,101.45350770034892,11.962786168643987,0,normal
2026-01-03 20:06:00,P-101,66.070715782794,2.2133010178327517,5.044059618113393,103.42298073922552,12.509795713520685,0,normal
2026-01-03 20:07:00,P-101,64.33615431468935,2.137927735059756,5.050856106267704,102.03770105765383,12.459549913229107,0,normal
2026-01-03 20:08:00,P-101,64.59827657580166,2.2692052550028503,4.91888573895173,103.96347193409191,12.09268189028666,0,normal
2026-01-03 20:09:00,P-101,64.60744095812619,2.3646780030473447,4.842632619631253,101.23311605800627,11.921486628936345,0,normal
2026-01-03 20:10:00,P-101,65.03830317234186,1.983855129493172,4.899080069095596,99.97082737967048,12.138572430668178,0,normal
2026-01-03 20:11:00,P-101,64.84694459021641,2.194897411456866,5.011593042505758,104.52310822982328,12.066188258390929,0,normal
2026-01-03 20:12:00,P-101,63.96842958395201,2.095848327842161,5.0581416255667975,101.7796704333831,11.822079069588026,0,normal
2026-01-03 20:13:00,P-101,64.85500567371854,2.0640837340866836,4.860046254603863,102.40035355323738,12.328258337301715,0,normal
2026-01-03 20:14:00,P-101,65.06498007839016,2.1018239012027475,5.153915554364138,104.24159098580996,12.370537207029717,0,normal
2026-01-03 20:15:00,P-101,64.60450048887029,2.239426037759544,5.013728449882197,100.17888280082884,12.036468804777575,0,normal
2026-01-03 20:16:00,P-101,65.39082154692214,2.2341439316495357,5.126475898841861,103.12552493353674,11.841192797260469,0,normal
2026-01-03 20:17:00,P-101,65.5221425442749,2.337403297898625,4.948071525817512,101.0089431590701,11.784363044528623,0,normal
2026-01-03 20:18:00,P-101,64.97597794763621,2.20395578928144,5.053768530888245,101.84983354961707,12.07694086417234,0,normal
2026-01-03 20:19:00,P-101,65.13832537139517,2.022860504435007,5.028310679247999,102.2346964150043,11.967066685549122,0,normal
2026-01-03 20:20:00,P-101,63.56535676689909,2.1727594074968164,5.051447251843371,99.42092099295516,11.914409043360331,0,normal
2026-01-03 20:21:00,P-101,64.80554871218584,2.0704210086745403,4.990994693065009,100.73600887969884,12.226472897402966,0,normal
2026-01-03 20:22:00,P-101,65.75261290790837,2.09068941801674,5.078988165626863,104.5863100996332,12.284225166473508,0,normal
2026-01-03 20:23:00,P-101,64.860777670077,2.2736000714570523,5.114812207084164,103.76585347701798,12.388604140410065,0,normal
2026-01-03 20:24:00,P-101,64.4732149084611,2.2139820903441145,4.975159205858328,102.0741546430752,11.864099994616806,0,normal
2026-01-03 20:25:00,P-101,66.48420058452515,2.259179734698396,5.043362993810578,102.64058975363024,12.010579378871563,0,normal
2026-01-03 20:26:00,P-101,66.25326608844478,2.1723496769662565,4.884742211142338,101.6892567747902,12.20247404233573,0,normal
2026-01-03 20:27:00,P-101,65.38439276575909,2.288249421787757,5.095940533977087,104.67653226426522,12.229911636130534,0,normal
2026-01-03 20:28:00,P-101,65.86740035921622,2.1731863915143244,5.155723363730993,101.88969856886187,12.363167033583382,0,normal
2026-01-03 20:29:00,P-101,63.610752740368866,2.3182523703646956,4.939721088684574,102.68316120269829,12.164602177261765,0,normal
2026-01-03 20:30:00,P-101,64.66307195851941,2.254461653367506,5.037044033332601,104.3440721562558,12.499943985508786,0,normal
2026-01-03 20:31:00,P-101,64.74174902871952,2.1846970725266317,5.0706055007415545,100.89718096775664,12.134918989377326,0,normal
2026-01-03 20:32:00,P-101,64.97469693980213,2.235847476310825,5.053372825746876,105.1173602604218,12.365954297330386,0,normal
2026-01-03 20:33:00,P-101,64.65439273535779,2.195111798358607,5.0072735355243125,99.57165669197862,11.922446711402468,0,normal
2026-01-03 20:34:00,P-101,63.39886680945544,2.366054525695986,5.025376509673525,105.27464705801802,12.161096854117336,0,normal
2026-01-03 20:35:00,P-101,65.33237602521538,2.2338534791784292,4.986880689699133,101.68513474152869,12.232742923013754,0,normal
2026-01-03 20:36:00,P-101,65.48658653187985,2.2150628868745437,5.013267482159439,101.93360729104155,12.38060385284986,0,normal
2026-01-03 20:37:00,P-101,66.08160035588159,2.180764187591846,4.992745147070087,98.98281475203324,12.115331832423148,0,normal
2026-01-03 20:38:00,P-101,64.49837140044475,2.285549555930042,4.933103346531403,101.58042348418142,12.03077835013852,0,normal
2026-01-03 20:39:00,P-101,64.53649288858465,2.2824597843215315,5.000793212483397,100.54147514996188,12.291711260404524,0,normal
2026-01-03 20:40:00,P-101,63.11857109757876,2.1566799527922416,5.123130251324179,101.3332875614526,11.601602895587602,0,normal
2026-01-03 20:41:00,P-101,64.7326586300163,2.075690371257763,4.9925972905496,102.19366561008236,11.781363068001095,0,normal
2026-01-03 20:42:00,P-101,65.67731103095963,2.1202704288215033,4.955176891782039,104.17847405832627,12.261681066483463,0,normal
2026-01-03 20:43:00,P-101,64.63317535417158,2.1851065419997058,5.017816951106787,102.8416075865837,12.088069898848136,0,normal
2026-01-03 20:44:00,P-101,66.46749321447099,2.3433789314596365,4.980327700140757,103.03505969894567,12.212154521193202,0,normal
2026-01-03 20:45:00,P-101,64.84320785964539,2.1761245659791473,4.9115408115973205,100.52247393698562,12.028555722595955,0,normal
2026-01-03 20:46:00,P-101,65.14519286299945,2.1462616822276583,5.018962439549482,100.92206472281988,12.141851080605372,0,normal
2026-01-03 20:47:00,P-101,64.11743364994709,2.0243224289408652,5.007860114346716,105.75798569472916,12.009859006643238,0,normal
2026-01-03 20:48:00,P-101,65.23932828048581,2.357369578545586,4.968366227459593,101.2096219139322,12.150385874633905,0,normal
2026-01-03 20:49:00,P-101,63.841081558056075,2.271490177422184,5.0660069716134535,105.52670549864764,12.364684070600946,0,normal
2026-01-03 20:50:00,P-101,65.55860652155204,2.2919098942341276,4.913881881675404,102.12041033507673,12.307722430838547,0,normal
2026-01-03 20:51:00,P-101,65.63885695901578,2.3153663645601115,4.9038328328989556,102.57427084165346,12.479938984179345,0,normal
2026-01-03 20:52:00,P-101,65.94796959224286,2.190890424715434,5.0920498873093925,104.5088833694257,12.18408618978325,0,normal
2026-01-03 20:53:00,P-101,64.40747134903133,2.216510608086791,4.913677114759814,104.88354668105003,12.201288617800936,0,normal
2026-01-03 20:54:00,P-101,65.02301083971669,2.3395625328035834,4.955696880676608,102.4064319348122,11.767558465209596,0,normal
2026-01-03 20:55:00,P-101,65.34942779603277,2.216009178352662,4.893197737771605,101.91865052487962,11.951277235518704,0,normal
2026-01-03 20:56:00,P-101,65.30051408367855,2.2602417882936963,4.991253079648498,102.5282632327916,12.037231482182424,0,normal
2026-01-03 20:57:00,P-101,64.54518723100145,2.2993558442730917,5.062449246792494,103.24851344569122,12.307519313826006,0,normal
2026-01-03 20:58:00,P-101,63.44712595013186,2.2645118964815056,5.050420091677583,104.25564352663164,12.005469080981024,0,normal
2026-01-03 20:59:00,P-101,65.30930146227469,2.1967576280361825,5.194129678135684,102.66985408736733,12.239363626570784,0,normal
2026-01-03 21:00:00,P-101,64.9405253454557,2.2011430598737096,5.113954242335298,103.78701490900676,12.113286103877527,0,normal
2026-01-03 21:01:00,P-101,64.67840550161185,2.2831059166017984,4.991145764865055,105.63268143760178,12.1335468201051,0,normal
2026-01-03 21:02:00,P-101,65.54948168456265,2.283647965781769,4.950010549955736,103.38044002935844,12.151191994707403,0,normal
2026-01-03 21:03:00,P-101,64.97770742930945,2.317612417514498,5.222121560789739,103.26534049214531,12.019728940313792,0,normal
2026-01-03 21:04:00,P-101,64.11228524589292,2.251653930352926,5.074184457123694,99.98044167223593,11.913605800548543,0,normal
2026-01-03 21:05:00,P-101,63.60410670907157,2.243609212443104,5.021147025260699,97.98911527518293,11.598716277097465,0,normal
2026-01-03 21:06:00,P-101,64.28486658764696,2.157512973033957,5.0395724882803,103.43328614252064,12.05340774281004,0,normal
2026-01-03 21:07:00,P-101,66.54887816893046,2.1411330691593284,5.044877888354154,102.57313786309028,11.981200506662962,0,normal
2026-01-03 21:08:00,P-101,65.45286611195502,2.276127205595004,4.914521421338285,101.82665506220542,11.951603453996348,0,normal
2026-01-03 21:09:00,P-101,65.18538849014863,2.1497575466686336,5.043001649993359,103.2008908079585,12.179401336756763,0,normal
2026-01-03 21:10:00,P-101,64.95598520881684,2.2063944495726133,5.031615316671925,102.66291188497942,12.211613747107483,0,normal
2026-01-03 21:11:00,P-101,64.90595923385877,2.345532569219942,4.98481602336351,104.81057423806138,12.190756128070309,0,normal
2026-01-03 21:12:00,P-101,65.85927190723045,2.333553545582742,4.9917464384555155,102.94432902053092,12.287412908705823,0,normal
2026-01-03 21:13:00,P-101,64.73666338171208,2.2365275246739253,5.120596899104079,101.45345515630298,12.158716039855165,0,normal
2026-01-03 21:14:00,P-101,65.40252496254587,2.1735319500853234,5.037124068805523,104.58863132261632,12.078647701717362,0,normal
2026-01-03 21:15:00,P-101,64.76657114207553,2.186867744367372,5.16921937190596,102.42373807286428,11.980140885043053,0,normal
2026-01-03 21:16:00,P-101,66.32258865480993,2.293793082004664,4.9158565228206115,103.77040833747284,12.175676697477554,0,normal
2026-01-03 21:17:00,P-101,65.54334879843887,2.203305645799724,4.983162859173573,101.97119722093754,12.173889338608506,0,normal
2026-01-03 21:18:00,P-101,65.92498099170373,2.1573567963743305,4.908376178238588,101.66856768258724,12.329625891883918,0,normal
2026-01-03 21:19:00,P-101,64.73498744527966,2.334703624078171,4.945313462209679,102.99730339821076,12.328153710934345,0,normal
2026-01-03 21:20:00,P-101,65.6800861043396,2.2172797431895876,4.97078821167649,102.8762611072641,11.97799323191649,0,normal
2026-01-03 21:21:00,P-101,64.82878677128102,2.1459272290765483,5.059312185680114,103.7240511806173,12.091320279393068,0,normal
2026-01-03 21:22:00,P-101,65.14352395712919,2.2561227413587304,5.042515998860002,102.38381668843746,12.205718061636675,0,normal
2026-01-03 21:23:00,P-101,66.13301292678658,2.305148348848843,4.9481373885020705,99.56877108760024,12.200662688239802,0,normal
2026-01-03 21:24:00,P-101,64.40999390061667,2.1092667149507487,4.865072911652156,102.10188806657172,12.25085053573811,0,normal
2026-01-03 21:25:00,P-101,65.17296008602762,2.1846230727423195,5.146600890614449,104.3162389502198,12.116711601940326,0,normal
2026-01-03 21:26:00,P-101,65.2216849831509,2.1681295563970138,5.003580423004813,102.3583953127358,11.81994732889637,0,normal
2026-01-03 21:27:00,P-101,65.29386855808934,2.2401847977862124,4.946422789894166,102.45631018152451,11.873902030196618,0,normal
2026-01-03 21:28:00,P-101,64.77522731102877,2.270999373033361,5.066057426615072,104.68122719401656,12.19496351868438,0,normal
2026-01-03 21:29:00,P-101,66.39714211600402,2.1495463746410537,5.030610838050018,101.62996761133957,12.117344144225056,0,normal
2026-01-03 21:30:00,P-101,64.08285739005616,2.0421035241839496,4.97881328713356,100.14006396835582,11.784466044363796,0,normal
2026-01-03 21:31:00,P-101,65.97904590890388,2.306696493321971,5.036731012552542,102.63338414576366,12.087915446550763,0,normal
2026-01-03 21:32:00,P-101,65.85556883894506,2.0955227524063353,4.939710282907123,102.05623717356852,12.187931986601413,0,normal
2026-01-03 21:33:00,P-101,66.16752418981315,2.2193408749696166,5.065129463399739,101.19355643773852,11.805561361630726,0,normal
2026-01-03 21:34:00,P-101,64.07253305568432,2.1987882723948644,4.956439175479495,102.62198721124764,12.299659056698312,0,normal
2026-01-03 21:35:00,P-101,64.44901654553816,2.2178166205394336,4.995880784191298,103.8270660062539,12.039305750475652,0,normal
2026-01-03 21:36:00,P-101,66.08856240091976,2.3787004728809356,5.074717550544251,102.930142341364,12.339426892756247,0,normal
2026-01-03 21:37:00,P-101,63.77937227237167,2.503765043977197,5.119314645727554,103.50375181768383,11.998422065375337,0,normal
2026-01-03 21:38:00,P-101,63.94924227979765,2.0359066092000164,5.173198838121165,106.21946183579207,11.981258758496928,0,normal
2026-01-03 21:39:00,P-101,64.67512246046624,2.29753604659943,5.097326934899918,102.34210582072588,11.978635776653432,0,normal
2026-01-03 21:40:00,P-101,65.1545085659126,2.187770948824592,5.011955872775333,103.46409256414582,12.08489315230891,0,normal
2026-01-03 21:41:00,P-101,66.02927849655502,2.3041377026493497,4.912628439598518,102.05007544355507,11.983806281952356,0,normal
2026-01-03 21:42:00,P-101,64.87964660229736,2.295734244418155,5.112820125765733,101.44662347735311,12.000198420005972,0,normal
2026-01-03 21:43:00,P-101,64.64818700162782,2.345950760476361,5.115153373882808,101.92046546594594,12.124406993913617,0,normal
2026-01-03 21:44:00,P-101,65.21262397970658,2.2296645509681436,4.974107456017299,102.1145786752044,12.02920148629685,0,normal
2026-01-03 21:45:00,P-101,65.33868559553244,2.114864966520621,5.100745850712215,103.6262618064496,12.095565375403089,0,normal
2026-01-03 21:46:00,P-101,65.24286733893199,2.287743400816254,5.048849747249117,107.2102192824269,11.874461298632289,0,normal
2026-01-03 21:47:00,P-101,64.92953055747225,2.2169679396304764,5.122044364245708,101.69549823998868,12.129204550401754,0,normal
2026-01-03 21:48:00,P-101,63.74643577872365,2.1785861645174953,4.98632707706875,102.2367603437014,12.049262150772709,0,normal
2026-01-03 21:49:00,P-101,64.54645960762642,2.168710183420421,5.1672574871871815,102.87518970587855,12.408314287272932,0,normal
2026-01-03 21:50:00,P-101,65.89629013796929,2.2975608634871336,5.092060337620647,103.70318992887692,11.923182664415515,0,normal
2026-01-03 21:51:00,P-101,65.03141658512288,2.3500308663936624,5.1604971376356925,103.46689985076742,11.74234792982312,0,normal
2026-01-03 21:52:00,P-101,64.88933266960662,2.0917758352187468,5.020588717268423,105.30545261439144,12.28277727721775,0,normal
2026-01-03 21:53:00,P-101,65.73666004416157,2.2633209942728634,5.014631687964976,98.62796156538823,12.028144250624248,0,normal
2026-01-03 21:54:00,P-101,64.1811859340376,2.153134052323727,4.919152414701231,98.7001958585337,11.759319271649783,0,normal
2026-01-03 21:55:00,P-101,64.76854490342684,2.0435608962196805,5.080130311639383,102.1051063991039,11.757203400972298,0,normal
2026-01-03 21:56:00,P-101,65.24938416470712,2.2330381479441863,5.112669507485357,104.97366001867589,12.456689146697135,0,normal
2026-01-03 21:57:00,P-101,64.81399285895549,2.128216306106415,5.169601682611722,100.18100083376392,12.288252103134274,0,normal
2026-01-03 21:58:00,P-101,64.86602572447957,2.019428093173527,5.009601702665337,97.58589168599622,11.43008539883866,0,normal
2026-01-03 21:59:00,P-101,64.88821765177124,2.12299380502845,5.090966898216716,104.02803040412894,12.029196306272569,0,normal
2026-01-03 22:00:00,P-101,64.24302558430203,2.114662444250084,5.001427703671384,103.43858300266488,12.435995901036726,0,normal
2026-01-03 22:01:00,P-101,65.09553033375424,2.132767853040273,5.048271879491421,101.0375323406954,11.935913458665288,0,normal
2026-01-03 22:02:00,P-101,64.11509789460432,2.064957484771795,4.985664201553342,101.2256586161473,11.93864731167909,0,normal
2026-01-03 22:03:00,P-101,65.10101977862959,2.1597282688307176,5.0206465390720565,101.25362859531158,11.981056992333473,0,normal
2026-01-03 22:04:00,P-101,65.84829907168559,2.123544891304518,5.044190928833708,103.19748325255028,11.871745102822876,0,normal
2026-01-03 22:05:00,P-101,64.71763897559633,2.226167565294653,4.994041854981486,101.87031961159276,11.715154439502172,0,normal
2026-01-03 22:06:00,P-101,64.35301711640024,2.27243745874056,5.043266003548358,103.88598467904184,12.327089002518203,0,normal
2026-01-03 22:07:00,P-101,64.76595230062023,2.2086999295868117,4.952300731111298,97.85713929912372,11.567126797724177,0,normal
2026-01-03 22:08:00,P-101,64.49177112309114,2.1801758220231853,4.98793628952818,101.45174682805478,12.093006695263394,0,normal
2026-01-03 22:09:00,P-101,65.45863033442939,2.1820086098843605,5.085022638201249,100.96561125960892,12.206284236339798,0,normal
2026-01-03 22:10:00,P-101,64.82877953037841,2.107717897403809,5.037572342729138,102.5293387801289,11.785634903623636,0,normal
2026-01-03 22:11:00,P-101,66.06786073962438,2.113730777035282,5.044497890695985,102.02032516419656,11.875756074406883,0,normal
2026-01-03 22:12:00,P-101,65.8873052297027,2.2853731859521527,4.9422167131472285,104.4228046976216,12.375319978606964,0,normal
2026-01-03 22:13:00,P-101,64.9339945799841,2.0278579581803267,5.026017785591098,99.63757023629708,12.09570545113432,0,normal
2026-01-03 22:14:00,P-101,65.45410545370048,2.1906657415421877,5.067767317715875,103.06376752376087,11.96845588433705,0,normal
2026-01-03 22:15:00,P-101,64.87038797907222,2.1820461389899446,5.011958405738246,103.98421093264584,12.35997612865161,0,normal
2026-01-03 22:16:00,P-101,65.17287172564158,2.2771474673128296,5.209135172235798,106.31830948975497,12.43085642938351,0,normal
2026-01-03 22:17:00,P-101,64.80601572607175,2.062178567794846,4.860815296448412,102.10612049412968,12.116994153427031,0,normal
2026-01-03 22:18:00,P-101,65.4725031707915,2.198311704478786,5.09044666411378,103.5540964609842,11.926590848254794,0,normal
2026-01-03 22:19:00,P-101,65.89955788854923,2.230654492271682,5.047093401043053,99.71970646962126,11.90890145339428,0,normal
2026-01-03 22:20:00,P-101,65.52507261721834,2.01020702471407,5.024486243780179,98.65754385402197,12.017003664411735,0,normal
2026-01-03 22:21:00,P-101,65.63309591009849,2.0964343020581704,5.057133705874069,104.47988164793657,12.096677483608598,0,normal
2026-01-03 22:22:00,P-101,65.69662459090358,2.201867056084477,5.06800074708273,102.9453194498978,12.276151019143905,0,normal
2026-01-03 22:23:00,P-101,65.30449350555901,2.245263508596739,5.11149737085377,105.07250872848576,11.846220445832708,0,normal
2026-01-03 22:24:00,P-101,64.15985028327512,2.2068655067411886,4.953935234652166,100.47473655204053,11.715389390747967,0,normal
2026-01-03 22:25:00,P-101,66.1590133521943,2.262146209817674,5.059725490476221,103.87817969236144,12.15251961306733,0,normal
2026-01-03 22:26:00,P-101,66.20462510410836,2.0956922420792927,5.050183226506811,106.30154054484424,12.090737333583943,0,normal
2026-01-03 22:27:00,P-101,64.84281168885501,2.040534499999621,4.960318911067589,103.68826990833745,11.985238374310576,0,normal
2026-01-03 22:28:00,P-101,64.671251153224,2.19841684321734,5.084457868181731,103.42559699588011,11.749156566041524,0,normal
2026-01-03 22:29:00,P-101,65.430283955148,2.080746548264646,4.989873981336052,102.93792110639338,12.092046802151437,0,normal
2026-01-03 22:30:00,P-101,65.35527547826207,2.1131531542972533,4.896045124149102,100.0895231383664,11.99213467255084,0,normal
2026-01-03 22:31:00,P-101,64.97066986644634,2.304877528183873,5.015777760797727,105.35155070468426,12.291242317530877,0,normal
2026-01-03 22:32:00,P-101,64.21127191336976,2.221628651619737,4.962139134450848,101.80620573173675,12.0679673985763,0,normal
2026-01-03 22:33:00,P-101,65.22940612526969,2.146694121049583,5.11007223231871,103.80787016754016,12.087715289378105,0,normal
2026-01-03 22:34:00,P-101,65.44166600467666,2.1397091072344807,5.011525624874517,100.08021050354512,12.237806442464422,0,normal
2026-01-03 22:35:00,P-101,65.3879365872729,2.252509623237225,5.104410175330766,100.76433831324694,11.7604366887077,0,normal
2026-01-03 22:36:00,P-101,65.32195995029369,2.2320450533665364,5.007981447569995,105.46403837563086,12.27119899503844,0,normal
2026-01-03 22:37:00,P-101,64.73041013510084,2.0678740479432833,5.083682636815383,102.24907457826284,11.733242804388816,0,normal
2026-01-03 22:38:00,P-101,65.64499038054238,2.005090661531425,5.25360635304927,105.48327490127156,11.996825871037984,0,normal
2026-01-03 22:39:00,P-101,64.98647077110606,2.3817423829998106,5.0521177460054165,102.71954733065168,11.839054993394887,0,normal
2026-01-03 22:40:00,P-101,64.74768243049895,2.0834529220209332,5.055692955938234,99.53775355756132,12.142521113817224,0,normal
2026-01-03 22:41:00,P-101,64.92473756908424,2.2575881951773216,5.093061459129714,104.4515222633936,12.12046362118273,0,normal
2026-01-03 22:42:00,P-101,63.882827625767234,2.3530930071625007,4.918219226125418,101.77644990452254,12.05059284821708,0,normal
2026-01-03 22:43:00,P-101,64.84699735688524,2.210811704609178,5.0818889743868745,104.08817635641526,11.901298693146568,0,normal
2026-01-03 22:44:00,P-101,65.4566194228218,2.1410004106279383,5.050132161129818,102.86802186843482,12.026101956866468,0,normal
2026-01-03 22:45:00,P-101,65.1678044857323,2.051331726840921,4.982187295136821,100.03696119747028,11.848415775262287,0,normal
2026-01-03 22:46:00,P-101,66.04784522151421,2.062789061691019,4.969138080507224,103.10206267015664,12.169752883075542,0,normal
2026-01-03 22:47:00,P-101,64.83057667303228,2.237842098255351,5.116090014075936,106.75111872530432,12.004315334692809,0,normal
2026-01-03 22:48:00,P-101,65.44844456492042,2.360148033316228,4.968698789057164,103.6767050829908,12.37626002553074,0,normal
2026-01-03 22:49:00,P-101,65.42609938035592,2.150261892130367,5.176125570642839,102.67703783151052,11.745195045020496,0,normal
2026-01-03 22:50:00,P-101,66.50438591864014,2.1393556457720746,5.055064403054732,104.70725672105628,11.989208356447188,1,overheating
2026-01-03 22:51:00,P-101,65.34320399631274,2.318178126050878,4.9457859034328315,103.14173967778868,12.461555821612006,1,overheating
2026-01-03 22:52:00,P-101,64.54715858547169,2.1375084649028397,4.995324515432266,103.13042549152496,12.044988952965133,1,overheating
2026-01-03 22:53:00,P-101,65.75375653166734,2.215400967852599,4.988319558014807,100.77889616950948,11.79334127625355,1,overheating
2026-01-03 22:54:00,P-101,66.61218608563881,2.203150398264154,5.200417728537945,103.1551362763276,12.185869914256106,1,overheating
2026-01-03 22:55:00,P-101,65.25408444691128,2.1618222775936107,4.983961050433592,104.58822767102576,12.107924403070216,1,overheating
2026-01-03 22:56:00,P-101,66.15666407269104,2.19397327848255,5.003960484408583,101.209569283618,11.941437954020707,1,overheating
2026-01-03 22:57:00,P-101,66.36959535846871,2.3872082421539025,5.015036592405261,105.26845782958124,12.057161656222126,1,overheating
2026-01-03 22:58:00,P-101,66.57298962583472,2.3001714155079735,5.0602382128289225,102.52901188382062,12.797784313029142,1,overheating
2026-01-03 22:59:00,P-101,65.90109798532268,2.3213122808953615,4.974324649028095,101.0856487987447,12.07993258076235,1,overheating
2026-01-03 23:00:00,P-101,65.36965352020565,2.1209139250355555,4.964953606480436,104.46875731102156,11.834634808455343,1,overheating
2026-01-03 23:01:00,P-101,66.07253389090694,2.3633822809074942,5.007789486582755,102.14601071684896,12.499531459324764,1,overheating
2026-01-03 23:02:00,P-101,66.42953070006752,2.3094062755826705,5.019226667844154,104.01842368774108,12.47138039873092,1,overheating
2026-01-03 23:03:00,P-101,66.57874256752282,2.0348891140226084,4.979693137134399,102.11502435680804,12.04931067486898,1,overheating
2026-01-03 23:04:00,P-101,66.44403510219024,2.217924682823585,4.987495604694979,102.52123298177776,12.113358223722253,1,overheating
2026-01-03 23:05:00,P-101,66.01447914498895,2.197724593231502,5.117987669741872,103.50589638902014,12.477139231175391,1,overheating
2026-01-03 23:06:00,P-101,66.71839377231035,2.041923177937748,5.0089132774710405,103.12950924697658,12.226443460219617,1,overheating
2026-01-03 23:07:00,P-101,66.76850518814338,2.2152104285487284,4.910632894793983,99.00218311674732,11.811939717640513,1,overheating
2026-01-03 23:08:00,P-101,66.8491256744958,2.270063349352802,4.97329175602243,100.56398734884192,12.644499328170571,1,overheating
2026-01-03 23:09:00,P-101,66.03956962328687,2.2065608561321386,5.046234401454764,104.24309052921862,12.261499648941276,1,overheating
2026-01-03 23:10:00,P-101,66.65234076792832,2.2416961004038076,4.9296618717718,102.3200746330395,12.60589754333962,1,overheating
2026-01-03 23:11:00,P-101,67.44104840372965,2.2224975871272314,5.129846600200008,101.60281429995597,12.54032044166341,1,overheating
2026-01-03 23:12:00,P-101,65.89206546998817,2.4566148398372336,5.061606068915865,100.0875505490426,12.03648526918554,1,overheating
2026-01-03 23:13:00,P-101,65.57696920342401,2.0694122345409953,5.105879644887318,100.5767552834003,12.479253850858607,1,overheating
2026-01-03 23:14:00,P-101,67.80715677500015,2.301448213000813,5.016130814105871,98.8681845321733,12.083894422203587,1,overheating
2026-01-03 23:15:00,P-101,67.24845539382517,2.2299623334516765,4.876562213923342,102.31210354324487,11.991732823259715,1,overheating
2026-01-03 23:16:00,P-101,67.47928812799073,2.1170719425766715,5.121513900942474,101.4040540777778,12.238381497320455,1,overheating
2026-01-03 23:17:00,P-101,66.35270449450245,2.237728947800047,4.946830848323198,100.72806335028902,12.422004884112534,1,overheating
2026-01-03 23:18:00,P-101,67.6587252777246,2.0953534286960234,4.96856519778958,102.33182698697276,12.25343992276534,1,overheating
2026-01-03 23:19:00,P-101,67.44221975230494,2.1901326264586007,5.041902484917254,103.09597248403728,12.372929425346916,1,overheating
2026-01-03 23:20:00,P-101,66.3646770866463,2.2520679505751877,5.158424161877938,106.19480726110272,12.779650604126488,1,overheating
2026-01-03 23:21:00,P-101,68.33496927449552,2.0646160317974465,5.070647466882633,99.69173675059648,12.300602554086357,1,overheating
2026-01-03 23:22:00,P-101,67.45791904956782,2.3128015375120126,5.108299076946344,104.4859398534022,12.333496241105529,1,overheating
2026-01-03 23:23:00,P-101,67.26970548167323,2.1514840958003814,5.019536264998678,104.13641586998963,12.66538625807608,1,overheating
2026-01-03 23:24:00,P-101,67.24434036634331,2.0982985305197177,4.986748454236042,100.96809810624902,12.40375117965083,1,overheating
2026-01-03 23:25:00,P-101,66.06686740957947,2.098448836078638,5.051433811867576,102.72177551089707,12.006073566413667,1,overheating
2026-01-03 23:26:00,P-101,67.93485836868413,2.4567951076303185,5.006070554842226,101.51755137320728,12.529124757844706,1,overheating
2026-01-03 23:27:00,P-101,67.75140800273336,2.0343623370594206,5.08885952025576,102.66072667427044,12.52887292080248,1,overheating
2026-01-03 23:28:00,P-101,67.67701923314186,2.2905695739279954,5.108387992039221,105.02797555245556,12.551185239109126,1,overheating
2026-01-03 23:29:00,P-101,68.57037070971519,2.215137917615102,5.0752593010742455,103.38654085921564,12.700515442277148,1,overheating
2026-01-03 23:30:00,P-101,66.75640201801653,2.1814876666450758,4.855149839962347,103.19671296862028,12.373037231845213,1,overheating
2026-01-03 23:31:00,P-101,67.28547895904669,2.278659592269933,5.023872072066781,101.4912886609372,12.542706941267369,1,overheating
2026-01-03 23:32:00,P-101,67.0906416889233,2.318457641979431,4.988170540468987,99.5790312120276,12.06569766748013,1,overheating
2026-01-03 23:33:00,P-101,67.61295140690395,2.180324153058913,5.030356186031188,101.85943939080214,12.566112046762697,1,overheating
2026-01-03 23:34:00,P-101,68.17836342721739,2.1192823934989784,4.99110515493866,104.3907879636909,12.907899575444373,1,overheating
2026-01-03 23:35:00,P-101,68.14320447856637,2.3223728674427053,4.90180564013651,99.45406538644568,12.213085747385927,1,overheating
2026-01-03 23:36:00,P-101,67.58445397234296,2.2857496282088485,5.035297143793715,100.28774501954618,12.264770779560768,1,overheating
2026-01-03 23:37:00,P-101,67.46237849855383,2.2539213052114486,4.999038820386622,102.39799126278668,12.346176113651648,1,overheating
2026-01-03 23:38:00,P-101,69.1081690085995,2.3082554700053333,5.044048512365177,100.3820002805645,12.515579601325141,1,overheating
2026-01-03 23:39:00,P-101,69.43719463029105,2.1872758733714495,4.960149727081749,100.71137335196823,12.284882475737595,1,overheating
2026-01-03 23:40:00,P-101,67.95639148639479,2.2149340703611444,5.112702173798977,101.35884289644892,12.588708555105299,1,overheating
2026-01-03 23:41:00,P-101,67.68156138899296,2.2443065055229456,5.066539368477656,99.64648294977027,12.573059875553612,1,overheating
2026-01-03 23:42:00,P-101,68.90558068490068,2.3212377286800074,5.024121088264087,100.33431906658748,12.555756040085747,1,overheating
2026-01-03 23:43:00,P-101,66.8672398897475,2.27668631911968,5.018439050772189,103.33692397092048,12.232083661766135,1,overheating
2026-01-03 23:44:00,P-101,67.9090438248607,2.3345324956100457,5.056672378543577,99.70037570977034,12.644112798506715,1,overheating
2026-01-03 23:45:00,P-101,67.75070722014534,2.2116635547930636,5.019080671011699,99.16023239450811,12.68186034088543,1,overheating
2026-01-03 23:46:00,P-101,67.395538557929,2.4165110871701625,5.025550818928825,100.88499257736832,12.654198073744826,1,overheating
2026-01-03 23:47:00,P-101,67.90787528114325,2.2075776320910454,5.106191260721488,103.31906820523152,12.629168066149573,1,overheating
2026-01-03 23:48:00,P-101,67.49549135520583,2.250841350377791,5.11615229422423,101.62947634157658,12.531997938050461,1,overheating
2026-01-03 23:49:00,P-101,68.12400732214526,2.1138692491221627,4.923630762807285,101.12995457212728,12.691449524839413,1,overheating
2026-01-03 23:50:00,P-101,68.18860713894479,2.2881952372923005,4.9467550122907005,102.02818998051865,12.886393950691254,1,overheating
2026-01-03 23:51:00,P-101,67.48962952951449,2.2961435614503367,4.933262691367023,98.78809421505396,12.237687220210766,1,overheating
2026-01-03 23:52:00,P-101,67.81056363796733,2.3299370520392517,4.922857699625363,102.80274214604113,12.769445565535603,1,overheating
2026-01-03 23:53:00,P-101,67.78932767230528,2.4109996286304836,5.021450017638907,102.5842414428747,12.475009502493561,1,overheating
2026-01-03 23:54:00,P-101,68.38548472837367,2.2737676893695835,5.053397879023464,101.13897271563484,12.403513667072472,1,overheating
2026-01-03 23:55:00,P-101,67.69611558988923,2.2483429771304215,5.035180179044967,103.66794596916304,12.179417917931909,1,overheating
2026-01-03 23:56:00,P-101,68.26570990879847,2.2244243513655033,4.9607037669155325,99.80922818284348,12.380534135722419,1,overheating
2026-01-03 23:57:00,P-101,68.1710305795927,2.1644225120045357,5.117354875407665,103.85028324086242,12.306784471084761,1,overheating
2026-01-03 23:58:00,P-101,68.0971349315029,2.321464216966561,5.030632440964964,102.07934927404912,12.324361687676863,1,overheating
2026-01-03 23:59:00,P-101,68.53473640370473,2.3445226640422647,5.035774492984896,101.17656852692542,12.241822781089743,1,overheating
2026-01-04 00:00:00,P-101,66.99880159992476,2.159976245533462,5.098072268475128,101.72758321321446,12.44617020236635,1,overheating
2026-01-04 00:01:00,P-101,67.45600589039574,2.3301710890764302,5.006884694025419,101.5511629744998,12.36895998339523,1,overheating
2026-01-04 00:02:00,P-101,68.90249086602067,2.33466083871672,5.183430234780545,103.92152496968173,12.560146274960777,1,overheating
2026-01-04 00:03:00,P-101,67.23528044218745,2.1038237104321555,4.9663295809565255,99.76766312275495,12.06437053668471,1,overheating
2026-01-04 00:04:00,P-101,65.58194674656204,2.2572392320784087,5.142993529346827,100.31371550309252,12.102698209561192,1,overheating
2026-01-04 00:05:00,P-101,67.51069803267814,2.1742684849840797,4.967089096314023,103.53205590478927,12.58448091555345,1,overheating
2026-01-04 00:06:00,P-101,67.45539508217921,1.9862013230521829,5.041974998908266,100.57510557066344,12.220519661013473,1,overheating
2026-01-04 00:07:00,P-101,65.82177353667728,2.2319181273213045,4.9875055896754255,103.24828414918622,12.684433899412456,1,overheating
2026-01-04 00:08:00,P-101,68.34053479429721,2.299342381619937,5.125034279732203,104.66646515435266,12.551054843884492,1,overheating
2026-01-04 00:09:00,P-101,66.85195962614873,2.2442158645786203,4.975166776994186,100.86430595442764,12.475602619852406,1,overheating
2026-01-04 00:10:00,P-101,67.6152221934937,2.5482541918998898,5.048300462164921,102.7939478819834,12.73580547948919,1,overheating
2026-01-04 00:11:00,P-101,66.95605659431268,2.314909394127019,4.949169176161524,99.4707115884434,12.248463904635507,1,overheating
2026-01-04 00:12:00,P-101,66.26797012770766,2.2365672869374134,5.094462203994395,102.88564418377318,12.27170894178669,1,overheating
2026-01-04 00:13:00,P-101,66.4947789931225,2.305575343739637,4.972755009497323,101.8657597742063,12.560030511547946,1,overheating
2026-01-04 00:14:00,P-101,66.38535455419579,2.1976986294788934,5.141217488263843,102.33784491318562,12.449362725851087,1,overheating
2026-01-04 00:15:00,P-101,67.68677456234104,2.329928746799105,4.933318542460974,100.30383399482714,12.267181722877007,1,overheating
2026-01-04 00:16:00,P-101,66.88314209309281,2.307598222621193,4.890359154459872,98.45531087428424,12.516532953934382,1,overheating
2026-01-04 00:17:00,P-101,66.53549278902861,2.2733048324814873,5.089912874327145,102.3304228861609,12.334832237427735,1,overheating
2026-01-04 00:18:00,P-101,66.14733043593391,2.1752329475313514,4.935481582864741,97.68966376831872,12.215988951078726,1,overheating
2026-01-04 00:19:00,P-101,67.5626840804436,2.094383086936383,5.00761031043423,100.81169223756982,12.281843937021641,1,overheating
2026-01-04 00:20:00,P-101,67.54783421504025,2.165784944845535,5.008004107819246,103.0560988587746,12.172585543614572,1,overheating
2026-01-04 00:21:00,P-101,67.31664925763191,2.2399433706209506,4.92498093916516,101.68635178658484,12.340192715702875,1,overheating
2026-01-04 00:22:00,P-101,66.95107586682384,2.1761867969207804,5.04287878621221,104.8268342701894,12.66217118886646,1,overheating
2026-01-04 00:23:00,P-101,66.68514721001318,2.2205112746665603,5.119982254840146,103.14381421920844,12.393618963698344,1,overheating
2026-01-04 00:24:00,P-101,65.53946313425774,2.2403179023173796,5.071222797988481,100.10032077570918,12.168416717140005,1,overheating
2026-01-04 00:25:00,P-101,66.09127840304572,2.242036565504602,5.029276926347264,101.30514329634488,12.1617841886158,1,overheating
2026-01-04 00:26:00,P-101,65.71640977351501,2.1213820874573557,5.089351538624811,101.14927581123534,12.266666486730516,1,overheating
2026-01-04 00:27:00,P-101,64.89738353658495,2.2359293886212512,4.9094848251970395,98.3651126125632,12.245884805417742,1,overheating
2026-01-04 00:28:00,P-101,66.64845342299152,2.163127570375611,4.972205453198975,99.49872562223251,12.252422622702307,1,overheating
2026-01-04 00:29:00,P-101,65.55818992325696,2.0754748769788547,5.029310480159122,100.16041343080082,12.079196575775267,1,overheating
2026-01-04 00:30:00,P-101,66.544232788437,2.214358362129655,4.9656994960423475,97.4828533919546,12.132112353790006,1,overheating
2026-01-04 00:31:00,P-101,66.34053485013065,2.3599747251971213,4.994839716431929,101.21173495652882,12.244623283970816,1,overheating
2026-01-04 00:32:00,P-101,65.9346373675736,2.0548544566159603,4.922515382114309,100.65604433767854,11.93476092728134,1,overheating
2026-01-04 00:33:00,P-101,66.03936549338242,2.2265516598594655,4.835018337366031,98.0712234571021,12.06708275438469,1,overheating
2026-01-04 00:34:00,P-101,64.96139838254405,2.268165171570568,5.0751307266348435,101.78800768883696,11.638850443098702,1,overheating
2026-01-04 00:35:00,P-101,66.7676216793793,2.4759182981610905,5.040294731244418,102.3269221116762,12.20217602072294,1,overheating
2026-01-04 00:36:00,P-101,65.39078153229413,2.1732183667063567,5.077388644701633,101.42487582269268,12.22178839337241,1,overheating
2026-01-04 00:37:00,P-101,65.52636075427728,2.1622494438308126,4.973500393549029,100.41069095001156,12.164047865187886,1,overheating
2026-01-04 00:38:00,P-101,64.69297436826388,2.098726089258501,4.970469029339546,102.0363481277478,12.025768900186652,1,overheating
2026-01-04 00:39:00,P-101,64.65357814827338,2.344029880914689,5.022196633168593,102.17382755040282,12.185796941344366,1,overheating
2026-01-04 00:40:00,P-101,65.35420723256276,2.1300470819048405,5.0745977494891,101.48037740862028,12.365764946917762,1,overheating
2026-01-04 00:41:00,P-101,65.23426092194563,2.1735548882036566,4.978001463241374,99.42031182905092,12.26536328452978,0,normal
2026-01-04 00:42:00,P-101,64.49936889793044,2.016528833493403,5.0699249864391644,101.38000235361704,12.0355655307632,0,normal
2026-01-04 00:43:00,P-101,64.10639511465858,2.2931254679092925,4.959672827905177,103.01143882966926,12.11820709103599,0,normal
2026-01-04 00:44:00,P-101,64.24982570400098,2.3244287664508185,4.9863291108042755,99.76304101261658,12.215073459325383,0,normal
2026-01-04 00:45:00,P-101,65.72063220272122,2.2780798248283793,5.040998131514875,104.5906121600336,11.837557961748573,0,normal
2026-01-04 00:46:00,P-101,64.57714729491164,2.0366974460856793,5.084302130761759,99.84548346872243,11.930749355526268,0,normal
2026-01-04 00:47:00,P-101,64.8818849850041,2.2723923086143185,5.022805925295226,100.82720074341124,12.29193011340969,0,normal
2026-01-04 00:48:00,P-101,66.0061089597925,2.039977280567498,5.117581382167425,99.53559558868317,12.181107975997447,0,normal
2026-01-04 00:49:00,P-101,64.30826428268445,2.21010827565221,4.916913190875233,101.1251126871556,12.107606136144648,0,normal
2026-01-04 00:50:00,P-101,64.39647063388142,2.2055383032095244,4.984737693757032,97.56433704482424,11.625763630278604,0,normal
2026-01-04 00:51:00,P-101,64.49360039503141,2.230252474221782,5.009503148370003,99.6945285627372,11.980853810273883,0,normal
2026-01-04 00:52:00,P-101,65.99668085643783,2.247170663970022,5.030292639466703,98.68861156356222,11.84267526765688,0,normal
2026-01-04 00:53:00,P-101,66.32805975378531,2.2028949800334146,4.951815047505278,100.87502430567004,12.092458509733545,0,normal
2026-01-04 00:54:00,P-101,65.45704468377663,2.0001603158431687,5.141894915378614,102.39836716198558,11.910081677900592,0,normal
2026-01-04 00:55:00,P-101,65.45575429513201,2.247404012243582,5.018388296931569,101.7480821028546,11.847297784090715,0,normal
2026-01-04 00:56:00,P-101,64.43930682819709,2.1887936804043595,4.886836845036667,96.29315709421115,11.475821657289607,0,normal
2026-01-04 00:57:00,P-101,66.39554427445717,2.1245701074879504,5.041025326881544,104.21470762104978,12.370802165626834,0,normal
2026-01-04 00:58:00,P-101,65.15701518706865,2.041118843227542,4.98855160533795,101.0472911939558,11.951464633530062,0,normal
2026-01-04 00:59:00,P-101,65.55601792866311,2.3541732193662392,5.185775080825505,99.0948620868192,12.004275019345082,0,normal
2026-01-04 01:00:00,P-101,64.93914952496338,2.3240147092764403,5.081017388459795,100.7521336493044,12.022116386184296,0,normal
2026-01-04 01:01:00,P-101,64.75907161224288,2.2629720600456964,5.011107884721532,100.76315898219562,11.809407982873768,0,normal
2026-01-04 01:02:00,P-101,65.98467787299175,2.1213643407913043,4.984389592089055,99.22237600529994,11.72485829786936,0,normal
2026-01-04 01:03:00,P-101,65.28838228018644,1.9411646605910249,5.074130120541656,100.7556140167954,11.821605395304417,0,normal
2026-01-04 01:04:00,P-101,65.88523902959895,2.26982162953246,5.062745847052739,99.28254958297634,11.833842799723412,0,normal
2026-01-04 01:05:00,P-101,65.18768573528332,2.2391512400882556,4.792439111702869,99.62476060553148,12.062064067568706,0,normal
2026-01-04 01:06:00,P-101,64.38334747001214,2.1550807083713144,5.035948525720473,99.093900488914,11.813673481963296,0,normal
2026-01-04 01:07:00,P-101,64.71921457082207,2.3237249137775695,4.979227308537041,97.72696504585376,12.281107077694536,0,normal
2026-01-04 01:08:00,P-101,65.14454870127112,2.2936707583870426,4.913668238338344,100.54483058634324,12.221775124768929,0,normal
2026-01-04 01:09:00,P-101,64.66314020792123,2.225651302920159,5.0747389706049235,101.31239808312316,12.201043852426835,0,normal
2026-01-04 01:10:00,P-101,64.28397672270016,2.2039431718794713,5.168854838550288,101.162167760121,12.010933252309,0,normal
2026-01-04 01:11:00,P-101,65.90464205949364,2.2192363133407764,5.0558531804033136,101.68774641253694,12.353488539520203,0,normal
2026-01-04 01:12:00,P-101,64.63868199112069,2.2671765629584435,5.0847518303241275,100.77218393661472,11.979564391874217,0,normal
2026-01-04 01:13:00,P-101,65.0792994058245,2.1130494076040036,5.1183477828669774,99.20594464294692,11.96992605645756,0,normal
2026-01-04 01:14:00,P-101,65.2217385514432,2.245941365666224,4.958408792530648,101.65271430810508,12.083576337193008,0,normal
2026-01-04 01:15:00,P-101,64.64240768407306,2.110764587328062,4.8467124775939325,97.67424787556172,12.07059204437552,0,normal
2026-01-04 01:16:00,P-101,65.97156996841237,2.336918410353702,5.0307108623187835,98.47302378871191,12.081572329461956,0,normal
2026-01-04 01:17:00,P-101,64.22311783696824,2.2474139979290935,4.966018384108488,98.335119165939,11.85502851928925,0,normal
2026-01-04 01:18:00,P-101,65.15365470098074,2.1293026915107633,4.923720086917854,101.9912228583862,11.953137941866396,0,normal
2026-01-04 01:19:00,P-101,65.22283581694067,2.2152435032939337,5.0117339147516775,101.72058102811827,12.179598022273964,0,normal
2026-01-04 01:20:00,P-101,65.02401113799084,2.1213958339803436,5.0596998104321536,100.877149426681,12.169361799578676,0,normal
2026-01-04 01:21:00,P-101,64.14948429921012,2.3495515692371547,5.008631104013646,101.9059120547151,11.97850713667688,0,normal
2026-01-04 01:22:00,P-101,65.43781501875085,2.3476342967373607,4.928623756245777,98.37016903972297,11.633667457255996,0,normal
2026-01-04 01:23:00,P-101,65.47461612417003,2.2686319897937177,4.989922424991733,100.55679192124892,11.975240538435818,0,normal
2026-01-04 01:24:00,P-101,64.6011720267261,2.360270407658076,4.995441184945665,99.68045375167594,12.11511877231545,0,normal
2026-01-04 01:25:00,P-101,65.60101525149989,2.231310859666267,4.879002325013331,101.40660833971565,12.403281619475424,0,normal
2026-01-04 01:26:00,P-101,65.15617134753906,2.266349125453887,4.9865185235708225,99.65127702927713,11.74994671841018,0,normal
2026-01-04 01:27:00,P-101,64.12873576655895,2.3180305848816807,4.897318689561103,99.14225226112453,11.88895331726762,0,normal
2026-01-04 01:28:00,P-101,64.42593322585748,2.1972527284859913,5.0539844543896955,100.78526377482186,11.94567720093958,0,normal
2026-01-04 01:29:00,P-101,65.84912416014151,2.2195950966989675,4.904379255140433,101.36522354315072,12.312117774180823,0,normal
2026-01-04 01:30:00,P-101,65.18357142961219,2.291360049773731,5.056504467939488,98.56160136209222,11.94985974077104,0,normal
2026-01-04 01:31:00,P-101,64.56581787535583,2.256948629717628,4.967670492096744,99.63120469417194,11.807470828950706,0,normal
2026-01-04 01:32:00,P-101,64.45813040069694,2.126298468546657,4.9401165197208545,97.81248191948949,12.046113514169049,0,normal
2026-01-04 01:33:00,P-101,64.58624536123395,1.972317214873879,4.972588989822413,95.19771680112756,11.775003800025637,0,normal
2026-01-04 01:34:00,P-101,64.62571325267879,2.172690044837357,4.9396938328670785,100.03162440327158,11.756071277426557,0,normal
2026-01-04 01:35:00,P-101,64.39543578049494,1.9840584965579344,5.026946377277953,100.74341744888484,11.843747862011314,0,normal
2026-01-04 01:36:00,P-101,63.990241329594895,2.1148854666916224,4.949709591328446,100.0957205556632,12.34968000755442,0,normal
2026-01-04 01:37:00,P-101,65.72686324304684,2.1109546879241123,4.921942833061891,96.09142489246248,11.959584591103768,0,normal
2026-01-04 01:38:00,P-101,65.62738564804464,2.1427327701456673,5.0178324651535355,98.9457673300496,11.989925030991996,0,normal
2026-01-04 01:39:00,P-101,64.10828144048598,2.2747178126061187,4.875908915940767,95.56095673021728,11.816849954744107,0,normal
2026-01-04 01:40:00,P-101,65.1300124263506,2.3085005351283647,4.931457974863204,101.99615859865686,12.118314526383466,0,normal
2026-01-04 01:41:00,P-101,64.40746336718662,2.250179009003718,4.9929011976435325,97.55254121248086,11.982623425574925,0,normal
2026-01-04 01:42:00,P-101,64.86874448443724,2.2676807752672667,5.01555640228764,101.7439391961896,12.110751941527154,0,normal
2026-01-04 01:43:00,P-101,64.79615850208651,2.267927106094509,5.023444323265176,101.16358311285188,12.057876511441108,0,normal
2026-01-04 01:44:00,P-101,64.75979997439238,1.9546475396903655,5.001102680787279,97.81679342167791,12.108263470311448,0,normal
2026-01-04 01:45:00,P-101,66.27597792814716,2.1980554623147213,4.977773449983186,97.37571612166968,11.925892352850235,0,normal
2026-01-04 01:46:00,P-101,64.64556678375776,2.0125573826026892,5.042789528711954,100.02230450342589,11.805081367992248,0,normal
2026-01-04 01:47:00,P-101,64.40917132660631,2.243433126184275,4.985308554624571,97.84880145360655,11.812979465428022,0,normal
2026-01-04 01:48:00,P-101,64.36085620991544,1.9742930868781468,4.854789153339681,99.53004263169515,11.590097540252913,0,normal
2026-01-04 01:49:00,P-101,65.80409403841148,2.1963148912363977,4.8621831437330725,98.45350653594022,12.358968619286689,0,normal
2026-01-04 01:50:00,P-101,63.945508882841416,2.2569913088524536,5.095892230240887,96.09357876239416,12.055358281262365,0,normal
2026-01-04 01:51:00,P-101,64.39644045968016,2.075897960067027,4.95262435452489,95.26193238307688,11.69184387246646,0,normal
2026-01-04 01:52:00,P-101,65.91715630746555,2.2935111916391,5.0631365354781535,99.6619619857957,11.933489889694451,0,normal
2026-01-04 01:53:00,P-101,65.09532311234467,2.2434315987261706,4.958004005978164,98.22032793720588,11.81923454327489,0,normal
2026-01-04 01:54:00,P-101,65.21396220945607,2.2482782302903743,4.97806713518901,98.21281917965844,12.254894017664578,0,normal
2026-01-04 01:55:00,P-101,66.29110524998256,2.258967021709814,4.972646809808777,100.4382335607736,11.729171573969024,0,normal
2026-01-04 01:56:00,P-101,65.18152933272196,2.1665260670296695,5.185367141000502,101.27522277982072,12.061151895158376,0,normal
2026-01-04 01:57:00,P-101,64.51790542749207,2.212703478647201,5.004225427999144,98.64984584336536,11.937789806787992,0,normal
2026-01-04 01:58:00,P-101,64.8588290313746,2.2058256278913313,4.94760796013322,98.50480135186534,12.120511766697785,0,normal
2026-01-04 01:59:00,P-101,64.254642610777,2.197907804012314,4.884348655857602,99.9956435797715,11.979067461848205,0,normal
2026-01-04 02:00:00,P-101,65.65790433705419,2.1146877793117485,5.104465990905669,96.6304649914159,11.54727217441139,0,normal
2026-01-04 02:01:00,P-101,65.3501354362424,2.073080539366991,4.98309295900403,99.45224459700113,11.933343770981544,0,normal
2026-01-04 02:02:00,P-101,65.66304508841925,2.158562838321129,5.0523124633161665,100.02164249468544,11.806216831251898,0,normal
2026-01-04 02:03:00,P-101,65.79642932926858,2.161718326504743,5.062223817419099,100.23040070976404,12.022827930604231,0,normal
2026-01-04 02:04:00,P-101,64.7838805143885,2.1323974751901855,4.9225781771074715,95.49763137475968,12.151764348546855,0,normal
2026-01-04 02:05:00,P-101,64.23885857720063,2.2683994274388777,5.022983787708146,97.59120934311142,11.579851231446886,0,normal
2026-01-04 02:06:00,P-101,64.88263725311435,2.073207998267536,4.931297336063186,97.35870161357998,11.76071650132742,0,normal
2026-01-04 02:07:00,P-101,64.38453911962658,2.1773443773267767,4.921643795041978,99.09736403847369,11.862382330397512,0,normal
2026-01-04 02:08:00,P-101,65.077997941485,2.3132940822954535,5.079122194331139,99.76096658552834,11.916502778483208,0,normal
2026-01-04 02:09:00,P-101,65.80413400523705,2.2987153389964696,5.0046050636097155,101.56783201972692,12.195060093412856,0,normal
2026-01-04 02:10:00,P-101,64.85715174514029,2.317794247375128,5.015906016734608,97.9610118382422,11.904121471634989,0,normal
2026-01-04 02:11:00,P-101,65.10491615685709,2.1417698677959556,5.008110333968513,97.93458643967884,12.021198138334457,0,normal
2026-01-04 02:12:00,P-101,64.90441487899541,2.2744761873774095,5.053434896824645,100.87796596207744,11.901184370115969,0,normal
2026-01-04 02:13:00,P-101,65.53073610714283,2.0947273243088524,4.884250491633569,99.32080770276832,12.025609100166635,0,normal
2026-01-04 02:14:00,P-101,64.63138318913946,2.1798916610385555,4.969501959251084,101.04722964432304,12.186976415505232,0,normal
2026-01-04 02:15:00,P-101,63.513318138974846,2.1750824999554506,4.9699240509033045,99.26373119280542,11.831452025836745,0,normal
2026-01-04 02:16:00,P-101,65.32547827520247,2.1446346663925966,4.908195015013105,96.63985221162088,12.05546719030993,0,normal
2026-01-04 02:17:00,P-101,65.60692685543792,2.1597996848015746,4.993047991529535,96.30175121683872,11.899527090250675,0,normal
2026-01-04 02:18:00,P-101,65.32014381056912,2.154091041704674,5.041957119852975,95.88746044212618,12.085715861360235,0,normal
2026-01-04 02:19:00,P-101,64.5681837380662,2.099970168617877,5.09267050027976,99.85075744055187,11.95523874320116,0,normal
2026-01-04 02:20:00,P-101,64.29709304125495,2.2896243111806815,4.984030694258688,100.77750278233798,12.09957401450256,0,normal
2026-01-04 02:21:00,P-101,65.33901321111405,2.183765264336212,5.039896897680944,101.9459287308891,12.050256615590966,0,normal
2026-01-04 02:22:00,P-101,65.08642136269638,2.219510516481884,5.032333046868309,100.11380015540011,11.984171552253889,0,normal
2026-01-04 02:23:00,P-101,64.94337959483238,2.2192513788690325,5.050173329293759,100.6685402699512,12.071842293743671,0,normal
2026-01-04 02:24:00,P-101,66.19604014637035,2.2067799537595034,4.913637640674097,97.51070957891822,12.032682781212529,0,normal
2026-01-04 02:25:00,P-101,64.25986256690385,2.1950270406766954,5.091966496832249,96.4525878053702,11.643664651776303,0,normal
2026-01-04 02:26:00,P-101,66.25458796767718,2.1809798670191065,5.065294080834795,100.04376679305436,12.288039725555208,0,normal
2026-01-04 02:27:00,P-101,64.88255592725073,2.3260564170326092,5.059135741604479,99.24502875460082,11.605418254528065,0,normal
2026-01-04 02:28:00,P-101,63.74493823643112,2.2689955100375,5.070904960248653,98.66627562656252,11.823025846849095,0,normal
2026-01-04 02:29:00,P-101,64.867993504927,2.200063943875324,5.0288886256614616,99.14991097028424,11.955643514955549,0,normal
2026-01-04 02:30:00,P-101,65.64218686845557,2.157410489965214,4.918230442129201,99.01423817427693,12.052898339045498,0,normal
2026-01-04 02:31:00,P-101,64.88064130573922,2.2015952959628,4.997505242239281,100.72333334481384,12.33693450589269,0,normal
2026-01-04 02:32:00,P-101,63.91891022753048,2.227764012132654,4.891661199023001,100.72349366773354,11.650046512386984,0,normal
2026-01-04 02:33:00,P-101,64.85072582159955,2.3451551826555814,5.022577795921168,99.35227202422328,11.879029335048756,0,normal
2026-01-04 02:34:00,P-101,64.29265106834895,2.0455310296910443,4.986908811094601,99.87537671661887,11.570894603938711,0,normal
2026-01-04 02:35:00,P-101,65.3141082187816,2.2653407739298266,4.989749452106173,99.2586018953058,11.984082451641225,0,normal
2026-01-04 02:36:00,P-101,65.49530599702115,2.3118262055724013,5.059116522593809,97.4836443487813,11.978846047363444,0,normal
2026-01-04 02:37:00,P-101,64.42116931097345,2.063641875982016,4.964571725927456,99.65613086264086,12.307843074313476,0,normal
2026-01-04 02:38:00,P-101,64.50520317519657,2.177767862157929,4.94000031008519,95.7648931199235,11.897073745776396,0,normal
2026-01-04 02:39:00,P-101,65.5665033964128,2.1020837220166433,5.0030657831291565,100.1527652411731,12.213387983123669,0,normal
2026-01-04 02:40:00,P-101,64.44152809580463,2.243027461361869,4.832065572056483,96.08650295154372,11.999362504854124,0,normal
2026-01-04 02:41:00,P-101,64.25281670656044,2.159161420461433,4.968696371371904,98.7320827275244,11.8749128424247,0,normal
2026-01-04 02:42:00,P-101,64.10033686514497,2.1717273619762776,4.792768978128519,96.67746219885528,11.61853171660725,0,normal
2026-01-04 02:43:00,P-101,65.23942381702675,2.160105701398321,4.950774021832578,99.17605311652795,12.030282053154204,0,normal
2026-01-04 02:44:00,P-101,65.07655761752606,2.2577997832585095,5.0408653680612066,98.10021343237084,11.644585999542052,0,normal
2026-01-04 02:45:00,P-101,64.59639222832796,2.227591541554023,4.98403023335134,95.2721574273765,12.117206137355224,0,normal
2026-01-04 02:46:00,P-101,64.98021723969245,2.2204540172278624,4.947177891936477,98.88153136682617,11.93403352059742,0,normal
2026-01-04 02:47:00,P-101,66.04548815276785,2.222102422858661,4.973512717429196,97.065684215353,12.151006008762872,0,normal
2026-01-04 02:48:00,P-101,64.32982070496017,2.2530159231260165,4.921488651583052,99.67379212821798,11.89417087702006,0,normal
2026-01-04 02:49:00,P-101,63.72994305496924,2.1736400431802005,4.980556148234739,98.0720186455206,11.995930716645816,0,normal
2026-01-04 02:50:00,P-101,65.2974693873331,2.37026836596722,5.192756556271555,98.76341362870792,12.004772180328176,0,normal
2026-01-04 02:51:00,P-101,64.8863429965697,2.0717323823759455,5.092307846108408,96.31017536823724,11.880296437444931,0,normal
2026-01-04 02:52:00,P-101,64.47622782470076,2.020293198740814,4.973236212975807,96.9552663874598,11.822126088944476,0,normal
2026-01-04 02:53:00,P-101,65.42163954819382,2.0188790738720725,4.982939113087119,97.17290215430424,11.993678268323231,0,normal
2026-01-04 02:54:00,P-101,65.47565669829191,1.98405951427158,4.926660697214655,99.5230269239073,11.800458155020578,0,normal
2026-01-04 02:55:00,P-101,63.49027901752604,2.2588209506760943,4.953703527657937,100.98287652145105,11.78759922985172,0,normal
2026-01-04 02:56:00,P-101,64.62602826152272,2.260875844509771,4.990323397838096,96.49704952907676,12.143476864537668,0,normal
2026-01-04 02:57:00,P-101,66.55589682536704,2.326436080616314,4.961933249802252,99.86757293968051,12.141460785968835,0,normal
2026-01-04 02:58:00,P-101,65.3208974515833,2.087671522108246,5.003358894222778,94.0068422583168,11.833383589469952,0,normal
2026-01-04 02:59:00,P-101,65.51135891207879,2.282762322295766,5.067336645675656,95.74586480072132,12.205404420530396,0,normal
2026-01-04 03:00:00,P-101,65.70324291837042,2.198923736187498,4.984812239287714,96.15287843530416,11.831033249314157,0,normal
2026-01-04 03:01:00,P-101,65.05567343420248,2.221753358238175,4.961397292431106,95.4275688022311,12.127367708064728,0,normal
2026-01-04 03:02:00,P-101,65.47758409105784,2.2579610766204787,4.832297046307183,94.9951620050928,11.884969677137947,0,normal
2026-01-04 03:03:00,P-101,65.3800210073838,2.114461045338284,5.03805960421187,98.5726887042827,11.752230511113202,0,normal
2026-01-04 03:04:00,P-101,65.45273139506241,2.4704225617888063,4.894220731510521,97.4277722618256,12.292441206208938,0,normal
2026-01-04 03:05:00,P-101,64.84408158132989,2.339289671825387,4.9555389828694825,98.47996218738214,12.15254103494628,0,normal
2026-01-04 03:06:00,P-101,65.09311838164327,2.1446899854124872,5.057409887967789,99.0239575500829,11.946514520300571,0,normal
2026-01-04 03:07:00,P-101,64.6500229697563,2.09463567840546,5.054517355680989,98.2434284179357,12.09273710444486,0,normal
2026-01-04 03:08:00,P-101,64.96887328292425,2.186700324957363,4.956680878167284,98.9336405081793,11.887268528445798,0,normal
2026-01-04 03:09:00,P-101,64.2734158152927,2.221989832376171,4.947465877034684,97.60899644790835,12.094099700449158,0,normal
2026-01-04 03:10:00,P-101,64.27233194314732,2.282131530253659,4.906869618914529,95.58219400424956,11.389250107070694,0,normal
2026-01-04 03:11:00,P-101,64.74099104618266,2.0744986372356085,4.912226396677168,99.60761588499815,11.784268209811026,0,normal
2026-01-04 03:12:00,P-101,64.41973426521353,2.232336442393412,4.921844900579369,96.6280584326666,12.09469370183739,0,normal
2026-01-04 03:13:00,P-101,64.61215200038377,2.040288580572023,4.846975293003082,95.98943943271097,11.829752075337543,0,normal
2026-01-04 03:14:00,P-101,64.88002987006726,2.2421022456220663,5.02119894672095,97.33845660153708,11.96166215702386,0,normal
2026-01-04 03:15:00,P-101,65.12520591798632,2.1736764801204203,4.987626547887571,96.00098955262403,11.610672554155634,0,normal
2026-01-04 03:16:00,P-101,65.7135886187941,2.404704704524544,5.008018652693855,96.87816027529196,12.27591820739918,0,normal
2026-01-04 03:17:00,P-101,64.76333910565032,2.052805339526156,4.915536356446258,98.2344639986517,12.185139848703086,0,normal
2026-01-04 03:18:00,P-101,65.83516362806775,2.3333289097882264,4.898624672105764,98.22796115518176,11.906701790980383,0,normal
2026-01-04 03:19:00,P-101,65.53946167035969,2.02154423439802,4.963453788948185,95.97077897462364,11.798184197866044,0,normal
2026-01-04 03:20:00,P-101,65.36503162919139,2.0715499026653883,4.97143797300219,96.69507934556742,12.10677325265096,0,normal
2026-01-04 03:21:00,P-101,65.23332109318551,2.0475418766262363,4.984620852674935,99.49297406008408,12.381283311836308,0,normal
2026-01-04 03:22:00,P-101,65.25780201124762,2.2307922281631716,4.964126881753311,98.43907105964604,12.143924182951652,0,normal
2026-01-04 03:23:00,P-101,65.93691498757694,2.1015251748839177,5.132426259606255,101.2671955167648,12.472376398982265,0,normal
2026-01-04 03:24:00,P-101,65.72701357020327,2.057359625627344,5.026251640724619,99.64298898991106,11.804819403884949,0,normal
2026-01-04 03:25:00,P-101,65.80579414152271,2.213200047942148,5.133600674267657,99.56531868650023,11.82308219449525,0,normal
2026-01-04 03:26:00,P-101,64.8910779149696,2.229659307073132,5.038771697030962,94.99441452507476,11.612044212141573,0,normal
2026-01-04 03:27:00,P-101,65.37962591642261,2.2061446171777206,5.107775644533648,98.85466797124332,12.053992169067197,0,normal
2026-01-04 03:28:00,P-101,65.85799742958525,2.1820286222728074,4.898501846159475,97.3714239804395,11.956263429374058,0,normal
2026-01-04 03:29:00,P-101,64.54680637080251,2.377430596786366,5.006148990456729,96.46270210868664,11.863490838566202,0,normal
2026-01-04 03:30:00,P-101,64.82599447381064,2.2183511041930593,4.947221486969426,97.74450711989628,12.094186939221547,0,normal
2026-01-04 03:31:00,P-101,65.08756472948369,2.2893852500807887,4.874875212261888,99.13122820570553,12.220402567214098,0,normal
2026-01-04 03:32:00,P-101,65.46029515425589,2.200070038234056,5.087912929696845,98.31927078279575,11.644445641626504,0,normal
2026-01-04 03:33:00,P-101,65.50923222779228,2.0804261231545516,4.937687591560844,95.82460683602382,11.75534379950049,0,normal
2026-01-04 03:34:00,P-101,64.89401896007206,2.260026554744569,4.913448200892854,98.73053150115214,12.125944663859176,0,normal
2026-01-04 03:35:00,P-101,63.94712811801506,2.1261601846658063,4.93332907360304,96.23485440304488,11.79349789531963,0,normal
2026-01-04 03:36:00,P-101,65.08063678897435,2.1818290690740163,4.9218754071458735,97.76110957400412,11.773192071948491,0,normal
2026-01-04 03:37:00,P-101,64.44093682050058,2.234865103590947,4.91957894210351,96.81377998366776,12.108120885040114,0,normal
2026-01-04 03:38:00,P-101,63.909301272597574,1.991887885381476,4.954035201253312,96.9547438566098,11.650742301753498,0,normal
2026-01-04 03:39:00,P-101,64.14390136762361,2.0350975455651725,5.108327033652082,98.71699701389508,11.901193948858632,0,normal
2026-01-04 03:40:00,P-101,65.1874263700895,2.2881206275343144,4.907904112159539,95.45463173176628,11.929367757113951,0,normal
2026-01-04 03:41:00,P-101,65.85309292138155,2.130016056685846,5.124326118637187,100.8177172141844,11.909767533643508,0,normal
2026-01-04 03:42:00,P-101,65.01739593612835,2.137466601154806,4.999698199198447,94.02796234798804,11.977470001642278,0,normal
2026-01-04 03:43:00,P-101,65.0578842818535,2.207556623318069,4.989937337639072,96.21983281880452,11.772819589524662,0,normal
2026-01-04 03:44:00,P-101,65.84598002737908,2.170243976528777,5.031887404702601,97.95190024449708,12.220280906024096,0,normal
2026-01-04 03:45:00,P-101,63.96973909604113,2.238745670958043,4.984229256249705,98.32733597810832,11.924670819844094,0,normal
2026-01-04 03:46:00,P-101,65.35449538927672,2.196759902868016,5.060872846001085,97.0849338730646,12.046802043533008,0,normal
2026-01-04 03:47:00,P-101,65.01479350708117,2.2224119369481494,5.01121737098071,97.15287525520138,12.063791048252606,0,normal
2026-01-04 03:48:00,P-101,65.30285967395241,2.122376712485668,4.863330643813591,97.98572627653778,11.81406378774732,0,normal
2026-01-04 03:49:00,P-101,64.50861755538322,2.1991174361390295,4.988953020233828,96.8215385001531,11.493948845273415,0,normal
2026-01-04 03:50:00,P-101,64.49082258455013,2.313078259920954,5.052238996676972,99.73608766674896,12.064233780935236,0,normal
2026-01-04 03:51:00,P-101,65.08305868758069,2.1422797955080153,4.96707250088488,98.73025861869652,11.97636542798587,0,normal
2026-01-04 03:52:00,P-101,66.0980906030262,2.294516543496791,4.99665545483143,98.7817543741454,12.074617836739389,0,normal
2026-01-04 03:53:00,P-101,65.49609615358445,2.1875873493828775,4.911729948657832,95.46300082850398,11.818584530378551,0,normal
2026-01-04 03:54:00,P-101,64.60890283227448,2.2664656664996845,4.874073891511352,97.05076874358014,11.82543752254726,0,normal
2026-01-04 03:55:00,P-101,64.2337294538685,2.2249184206646073,4.857919491880166,96.64458728453528,12.3010322207324,0,normal
2026-01-04 03:56:00,P-101,63.7549478710681,2.179320805758397,4.846077993074142,95.36727521689627,11.566547444204732,0,normal
2026-01-04 03:57:00,P-101,65.883927647098,2.238225882881372,5.025010722363115,97.8177590390178,12.081322866843385,0,normal
2026-01-04 03:58:00,P-101,64.29901118901377,2.3121957192361746,4.787620096008794,96.19398155951367,11.770899075148732,0,normal
2026-01-04 03:59:00,P-101,64.74741800456493,2.218924212051409,4.936685668211096,98.33392630985392,11.882862065747531,0,normal
2026-01-04 04:00:00,P-101,65.78640513286825,2.2395808431957342,4.898609126411872,95.22048563790474,11.79319400262235,0,normal
2026-01-04 04:01:00,P-101,63.89717971590132,2.15700472715235,4.98258793834246,100.23391058615827,11.846330462750498,0,normal
2026-01-04 04:02:00,P-101,65.96290945866178,2.356281507685559,4.825242013205858,95.5192221701393,11.979821507151426,0,normal
2026-01-04 04:03:00,P-101,64.9064442745264,2.2721834904708555,5.003477421717582,97.52052550857384,12.203744484447206,0,normal
2026-01-04 04:04:00,P-101,64.2710386912496,2.2097843141344753,4.896323359425484,98.5444657016677,12.050336703299363,0,normal
2026-01-04 04:05:00,P-101,64.80535619300899,2.183864266563764,5.040123203012437,96.08548151627885,11.903240844730783,0,normal
2026-01-04 04:06:00,P-101,64.44698935583155,2.288268228497884,4.942884114896842,98.64077130280592,11.761935039264328,0,normal
2026-01-04 04:07:00,P-101,65.26903116468448,2.13737939748356,4.94218378054025,94.88766921790852,11.949995129702144,0,normal
2026-01-04 04:08:00,P-101,64.726593047133,2.0386129702768727,4.997344793710291,99.70806237514272,12.42251179760014,0,normal
2026-01-04 04:09:00,P-101,63.70048040643056,2.2007311420599245,4.988236366265567,97.11394925653272,11.837279552936964,0,normal
2026-01-04 04:10:00,P-101,64.7884136739764,2.311203808321975,4.96268450346936,96.00934970446298,11.805083775263515,0,normal
2026-01-04 04:11:00,P-101,64.04262847965664,2.350488911249085,4.935491788075926,96.53895264872106,11.783950753265431,0,normal
2026-01-04 04:12:00,P-101,65.08309612436825,2.1835892570595656,5.00929644113949,98.52830439909064,11.857966285073836,0,normal
2026-01-04 04:13:00,P-101,63.99435371220321,2.177614586758449,4.992782105748395,96.01518066137484,11.33139550910677,0,normal
2026-01-04 04:14:00,P-101,64.66613577608337,2.2500495116110497,4.903575450574063,95.71348772717371,11.952411708986354,0,normal
2026-01-04 04:15:00,P-101,65.02441164236745,2.1627912946425543,4.9964345301595445,96.6588782831396,11.730655913223265,0,normal
2026-01-04 04:16:00,P-101,64.69599677808299,2.2326800176225743,5.032766485616398,94.934606444828,11.52598556958648,0,normal
2026-01-04 04:17:00,P-101,65.21892380848014,2.1978762962679697,5.052670525201786,100.32579314744666,12.16041178436991,0,normal
2026-01-04 04:18:00,P-101,65.32470961121578,2.2877108775475015,5.025517884488795,96.02516175734915,11.664351295712088,0,normal
2026-01-04 04:19:00,P-101,64.20828129706054,2.2678338458110265,4.997410683859473,98.53762244359524,11.888394862531106,0,normal
2026-01-04 04:20:00,P-101,65.03363936782934,2.289651099714289,4.9086092800625645,97.41398112878058,12.215707912101134,0,normal
2026-01-04 04:21:00,P-101,62.68741980749345,2.1625079241910736,4.895936679949734,95.26117921289894,11.575992216782064,0,normal
2026-01-04 04:22:00,P-101,65.0221864804496,2.376754998833765,4.992584263252483,97.01921055026742,11.60405666958847,0,normal
2026-01-04 04:23:00,P-101,64.80692025901266,2.2486711306672396,5.050372518367276,98.43790576066142,12.00699841073231,0,normal
2026-01-04 04:24:00,P-101,64.4064120168955,2.229947046852248,5.161861688908596,96.6847854929012,12.13044103758911,0,normal
2026-01-04 04:25:00,P-101,65.08628188253401,2.110313045719448,5.060411515427373,99.16839793166707,11.66018359440362,0,normal
2026-01-04 04:26:00,P-101,65.77878857757564,2.1921825496886123,4.906637945381593,98.8568448406418,12.047243292586687,0,normal
2026-01-04 04:27:00,P-101,64.71728997014554,2.214489576765678,4.9329876230658,98.6696703130998,12.076290017385334,0,normal
2026-01-04 04:28:00,P-101,64.20168163260347,2.1001821047873506,5.1213555312779135,96.18593191609936,11.473745860744517,0,normal
2026-01-04 04:29:00,P-101,65.11136997511608,2.1712372630837664,4.935667499406771,95.06747246451452,12.01172444151688,0,normal
2026-01-04 04:30:00,P-101,64.15021837651487,2.1855185935994137,4.962373927524767,95.9047903091476,12.052464885242864,0,normal
2026-01-04 04:31:00,P-101,64.52121473471546,2.1999306518710156,4.906378068610867,97.36072530395128,11.858464644467334,0,normal
2026-01-04 04:32:00,P-101,65.86110317737396,2.031334074973112,5.089440597380931,97.98833589907342,12.190119349431804,0,normal
2026-01-04 04:33:00,P-101,65.04747328346106,2.1872794355390677,4.965980366303239,93.09570417907958,12.020162240237356,0,normal
2026-01-04 04:34:00,P-101,63.75394635766344,2.1594767970324003,4.915665171770158,96.98872661221294,11.93028538350983,0,normal
2026-01-04 04:35:00,P-101,63.77186642366267,2.1910442701111426,4.903300964748587,97.28687349685956,11.8283171268408,0,normal
2026-01-04 04:36:00,P-101,65.0005277046437,2.2915473142664036,4.986523282788199,96.50190065753482,11.700491441209453,0,normal
2026-01-04 04:37:00,P-101,65.55083824769639,2.4041291918806804,4.996345688437377,99.32512561957458,11.972241066713998,0,normal
2026-01-04 04:38:00,P-101,63.96490470575246,2.269707280405544,5.035843457567545,97.7595742362066,12.046739011027034,0,normal
2026-01-04 04:39:00,P-101,65.2628844131968,2.073194493458975,5.031872172735016,99.35843796161124,11.91591776664021,0,normal
2026-01-04 04:40:00,P-101,65.67531655566535,2.1438128220506942,4.947599086219892,96.6112710633696,11.458837930848684,0,normal
2026-01-04 04:41:00,P-101,66.30213761093604,2.268171104456016,4.948809408453485,98.6875520135781,12.214369339322657,0,normal
2026-01-04 04:42:00,P-101,65.22801706037147,2.249783022952907,4.988238945746127,99.94348961270455,12.036349332750117,0,normal
2026-01-04 04:43:00,P-101,65.29614772133112,2.2949298346735367,4.955071149914394,99.3618809180368,11.904931528205736,0,normal
2026-01-04 04:44:00,P-101,63.621305276464014,2.191164918219204,4.941242567210978,95.03562545073108,12.02250044120659,0,normal
2026-01-04 04:45:00,P-101,66.43529366544405,2.1717019194773535,4.966607824520373,96.54569595170152,12.201298597847597,0,normal
2026-01-04 04:46:00,P-101,64.39180890762906,2.348485548522066,4.900965176516441,96.38203390530444,11.331078703261555,0,normal
2026-01-04 04:47:00,P-101,64.40143670666151,2.2068033985812834,5.02299949905471,97.88519087078578,12.023408456107989,0,normal
2026-01-04 04:48:00,P-101,64.7157848081018,2.0848089961678955,4.956483622124536,98.24135621374134,11.66191084425017,0,normal
2026-01-04 04:49:00,P-101,65.97024904507026,2.3461032315146895,4.8960429434550745,95.49748479750488,11.964746645284931,0,normal
2026-01-04 04:50:00,P-101,66.41406408696996,2.0479714972681737,4.9467010532587805,97.1313573238511,11.93952616019045,0,normal
2026-01-04 04:51:00,P-101,65.05645735507285,1.847631673569832,4.9507112676898215,93.37531967264012,11.928404895467311,0,normal
2026-01-04 04:52:00,P-101,65.6096999379024,2.2724752730277613,5.001900825153273,99.60881511663416,11.888414930600094,0,normal
2026-01-04 04:53:00,P-101,64.85593599820395,2.2713961961377063,4.99048176745828,96.09334994149675,11.508152475881072,0,normal
2026-01-04 04:54:00,P-101,64.26365322751644,2.2343407553348413,5.034070951008832,97.11867222535456,11.823486528509305,0,normal
2026-01-04 04:55:00,P-101,65.95122868448372,2.0687652828546614,5.05598006572013,96.46342514395673,11.975272281346657,0,normal
2026-01-04 04:56:00,P-101,64.65710290885195,2.2011399597424663,5.010849086698971,99.08650553108072,12.175673631667468,0,normal
2026-01-04 04:57:00,P-101,65.83121829787422,2.153111519236897,4.844333724527383,91.9191891633868,11.523209414807098,0,normal
2026-01-04 04:58:00,P-101,65.88444641354299,2.150887618818542,4.951162547929515,97.00003041066368,12.115412997694516,0,normal
2026-01-04 04:59:00,P-101,65.32062261206977,2.3322354048520806,4.898126380495896,96.84286674027062,11.775711544278812,0,normal
2026-01-04 05:00:00,P-101,66.17451917282271,2.093697460566247,5.080983679965355,96.22038948054956,11.959101660735392,0,normal
2026-01-04 05:01:00,P-101,66.4168855049816,2.2277087977004526,5.140597261883048,100.14792001061464,11.902458809745314,0,normal
2026-01-04 05:02:00,P-101,64.8510422874668,2.315399038182669,4.999996573780696,95.44747899559528,11.89985849541028,0,normal
2026-01-04 05:03:00,P-101,64.52031475338708,2.243404830287077,5.044472591306488,98.43804723217558,12.131516943879324,0,normal
2026-01-04 05:04:00,P-101,63.67812474968168,2.311528996552211,4.994509956201415,97.69439326748488,11.68542898256684,0,normal
2026-01-04 05:05:00,P-101,66.40439803079761,2.2501262796449435,5.018907702215798,99.32837881335423,11.84387018505126,0,normal
2026-01-04 05:06:00,P-101,64.68369868308008,2.2394483372065817,4.846792116872313,95.8613912155352,11.912834253934474,0,normal
2026-01-04 05:07:00,P-101,65.86123730315522,2.250793583573397,4.952303296114844,95.74785616828288,12.352752417254557,0,normal
2026-01-04 05:08:00,P-101,64.44773507451741,2.253293019624852,4.928771041112193,99.04517554764308,11.798717323995929,0,normal
2026-01-04 05:09:00,P-101,66.1200341496505,2.1751788311796507,4.998125539568532,97.84305819408463,12.343318523021924,0,normal
2026-01-04 05:10:00,P-101,64.62540422823253,2.0790104048598694,4.938847340970691,94.3020030147888,12.229944751178698,0,normal
2026-01-04 05:11:00,P-101,64.177806963912,2.289967129804991,5.097454852899833,96.11773155356047,11.864069716466496,0,normal
2026-01-04 05:12:00,P-101,64.82039240562825,2.3111366969932265,5.042061331146005,97.78973929354062,11.87406167356624,0,normal
2026-01-04 05:13:00,P-101,64.5912870710421,2.2179911698525667,5.005997591703847,98.60817529273314,11.819832219049056,0,normal
2026-01-04 05:14:00,P-101,65.33959966539973,2.1396772728765567,4.940151347589019,95.88371256887928,11.862870870999846,0,normal
2026-01-04 05:15:00,P-101,64.78272615888986,2.0232149010973224,5.0359912372028806,91.86697350896856,11.474665318757143,0,normal
2026-01-04 05:16:00,P-101,65.3823094923579,2.2056439026665293,4.9785123815441015,98.06092067729584,11.926579816854757,0,normal
2026-01-04 05:17:00,P-101,64.86237430429111,2.0709950525906664,4.972509217911608,94.92920405971388,12.147252176561588,0,normal
2026-01-04 05:18:00,P-101,64.45666907121374,2.0384142625791757,4.937971583499725,93.50141111898466,11.682825321074196,0,normal
2026-01-04 05:19:00,P-101,64.52027017617806,2.1864507937482043,4.892123734781203,92.04145081807154,11.713098663744336,0,normal
2026-01-04 05:20:00,P-101,66.19555634351589,2.108348321286425,4.988675395561691,98.61199599947048,11.618131785130664,0,normal
2026-01-04 05:21:00,P-101,65.14509541579864,2.2343863053137487,4.836519428721043,97.38571082685242,11.996383742431782,0,normal
2026-01-04 05:22:00,P-101,63.69500168740359,2.182292968149306,4.85921617629547,96.75556243823532,11.955563210137331,0,normal
2026-01-04 05:23:00,P-101,64.66285523373156,2.1394498110893636,5.021171211529358,99.6697073612484,12.002831692790608,0,normal
2026-01-04 05:24:00,P-101,65.03019271988084,2.025763326072421,5.093019399562713,98.32454212257883,11.906370853632938,0,normal
2026-01-04 05:25:00,P-101,66.18001178222457,2.112482843349743,5.025323137981412,100.094766069132,11.944291398319468,0,normal
2026-01-04 05:26:00,P-101,65.64799799429238,2.1160256457336284,4.896441620733333,94.6867440576098,11.940982368468427,0,normal
2026-01-04 05:27:00,P-101,64.36883510815382,2.0738065700047392,4.870399155289823,97.13989180745358,11.908433433905882,0,normal
2026-01-04 05:28:00,P-101,66.53413542873896,2.1627760492091186,4.997922772907582,94.30058646742884,11.892011968333932,0,normal
2026-01-04 05:29:00,P-101,64.96126325126612,2.083162513841059,4.928361759586341,96.8065420157398,11.947192823963103,0,normal
2026-01-04 05:30:00,P-101,65.85495324238512,2.188750167006468,5.01283500795554,96.78085286568611,12.128111043389737,0,normal
2026-01-04 05:31:00,P-101,64.27947042862615,2.2274955158738465,5.010944242131105,98.36536810665044,12.086359862674524,0,normal
2026-01-04 05:32:00,P-101,63.426646203751964,2.115720400637088,5.006768538547862,97.32875110900346,11.958434901900144,0,normal
2026-01-04 05:33:00,P-101,64.17378134278606,2.2527422128304857,4.986135233209829,98.378311369508,12.255033747215675,0,normal
2026-01-04 05:34:00,P-101,62.901287852809055,2.065464739999375,5.012174931045312,98.53198240974368,12.040013178103624,0,normal
2026-01-04 05:35:00,P-101,66.47632709295677,2.1006072921880716,5.003182612890201,101.1544420978144,12.295625800692514,0,normal
2026-01-04 05:36:00,P-101,65.14747122092565,2.189595392940321,4.922708391225095,96.71798486308693,12.022928067569934,0,normal
2026-01-04 05:37:00,P-101,64.22386588725193,2.2486909091023684,4.888573003638514,95.60179378746378,11.499669997837604,0,normal
2026-01-04 05:38:00,P-101,65.36190716461245,2.294477273591826,4.810538061944909,97.74886778028768,12.193432986072496,0,normal
2026-01-04 05:39:00,P-101,65.08918821174325,2.357367186584459,4.946044950948032,95.87226203163476,11.903203109217577,0,normal
2026-01-04 05:40:00,P-101,65.39991222619756,2.1619188861237877,5.1063015709128425,99.99450981062066,11.989444340138464,0,normal
2026-01-04 05:41:00,P-101,65.7725834505444,2.1856942155385513,5.0193852783648385,96.82796718872072,11.961108685159536,0,normal
2026-01-04 05:42:00,P-101,64.74887441849613,2.0895693805796176,4.979246294768925,96.33066564756074,11.820923337035408,0,normal
2026-01-04 05:43:00,P-101,64.40736661023566,2.072253327852475,4.913734068470306,96.51144180705458,11.940749026289426,0,normal
2026-01-04 05:44:00,P-101,65.48259699357996,2.216519277688549,5.056456059024309,98.66423132211736,11.841551726394902,0,normal
2026-01-04 05:45:00,P-101,65.58025032153044,2.129125309016009,4.962634022263438,97.09856740896494,12.167811474015824,0,normal
2026-01-04 05:46:00,P-101,65.01803771172014,2.3178161413093017,5.072636453769742,96.23910518045074,11.864455532689313,0,normal
2026-01-04 05:47:00,P-101,66.39286603151864,2.0511849478276756,4.935358822870991,100.40349313016188,11.935588025360367,0,normal
2026-01-04 05:48:00,P-101,64.60737582920044,2.236287915903672,4.906268815099884,95.87666820579702,11.691314883030056,0,normal
2026-01-04 05:49:00,P-101,64.40759222063245,2.0985689220834836,4.915629767671269,97.49386637666424,11.978571149129657,0,normal
2026-01-04 05:50:00,P-101,65.27032734597633,2.1177914868195957,4.88241401986798,98.61623057983611,11.9959083374201,0,normal
2026-01-04 05:51:00,P-101,64.53091981060486,2.250440282822189,4.879587533599624,94.51806615630476,11.913226907424646,0,normal
2026-01-04 05:52:00,P-101,65.23265870239207,2.122191723440398,4.99053998944386,98.33148512602462,11.744494176279714,0,normal
2026-01-04 05:53:00,P-101,64.30005746777316,2.1303087742844435,4.90595118348484,95.58052552243836,11.547179525910837,0,normal
2026-01-04 05:54:00,P-101,64.7728565699444,2.1225571983705716,4.7197895961671215,98.9735869213964,12.094325868143205,0,normal
2026-01-04 05:55:00,P-101,66.28858580644402,2.3853074972663224,5.03292732423579,95.7728193416382,12.170112952624448,0,normal
2026-01-04 05:56:00,P-101,64.65156376115901,2.1285594309542852,4.869770864290724,98.76574253450428,11.75770155155715,0,normal
2026-01-04 05:57:00,P-101,64.58699445487339,2.2172978455700916,5.036471759594743,99.5225779652679,12.303565595670378,0,normal
2026-01-04 05:58:00,P-101,65.77132442100634,2.1809952923544205,4.99314638721551,99.09613659386396,12.029666309563195,0,normal
2026-01-04 05:59:00,P-101,64.29544954748752,2.2196990564780115,5.128331543332687,98.0115446183262,11.93893375763962,0,normal
2026-01-04 06:00:00,P-101,64.49190286850202,2.1319338445145624,5.041353096902601,97.1566073196017,11.835188480278894,0,normal
2026-01-04 06:01:00,P-101,65.24161630446736,2.16470131381858,4.930170856883922,96.54931785678704,11.619575931818613,0,normal
2026-01-04 06:02:00,P-101,65.68172091054646,2.247595599188402,4.953343635315224,100.24880846800951,12.205009957225206,0,normal
2026-01-04 06:03:00,P-101,65.70075600210919,2.1031217259604427,5.068751693091307,96.35607554353572,11.73556099401855,0,normal
2026-01-04 06:04:00,P-101,64.41522891007475,2.2976090614934512,4.85431718350737,95.76281603044691,11.716923145765888,0,normal
2026-01-04 06:05:00,P-101,65.44467846868244,2.325093518331759,5.001778728418478,98.84171329041686,12.163636660689896,0,normal
2026-01-04 06:06:00,P-101,64.52559028561788,2.2410561900811996,4.953078192895016,96.22566253224932,11.510173186633134,0,normal
2026-01-04 06:07:00,P-101,64.45728767545928,2.1899549340443563,4.935608159941116,95.96339847504429,11.574182392117695,0,normal
2026-01-04 06:08:00,P-101,65.72926362374197,1.8949027483512024,4.97564570490906,95.08997259976704,11.849072329291396,0,normal
2026-01-04 06:09:00,P-101,64.63007983553078,2.2409765638756753,4.981612316720525,96.8343126484918,11.963686265255726,0,normal
2026-01-04 06:10:00,P-101,65.18924831090342,2.1618287107330887,5.007717002597285,97.5698950601862,12.02404378139937,0,normal
2026-01-04 06:11:00,P-101,65.06080381702799,2.1707642345185967,4.991445492394767,98.17171967293372,11.88479189150876,0,normal
2026-01-04 06:12:00,P-101,64.47548672150879,2.029859645933869,5.023857878659684,99.46201803084767,12.489934474653769,0,normal
2026-01-04 06:13:00,P-101,65.59850208484265,2.245992189028681,4.993672904433447,98.71373409282356,11.91583351103154,0,normal
2026-01-04 06:14:00,P-101,65.32112168580275,2.050220650164325,4.928215485093542,97.43753671986843,11.87696887117551,0,normal
2026-01-04 06:15:00,P-101,63.62624497813645,2.20239489755368,4.974682890758657,97.44028025420944,11.763811073863508,0,normal
2026-01-04 06:16:00,P-101,65.17567666385948,2.2899346557972926,4.937306716438549,98.73137756178308,11.986722690157707,0,normal
2026-01-04 06:17:00,P-101,64.54187368206988,2.158130772071466,4.946572807225901,100.11991695570607,12.126589755080538,0,normal
2026-01-04 06:18:00,P-101,65.77711577297625,2.3289213809580485,4.957199366467559,98.0729866657802,12.1829052108801,0,normal
2026-01-04 06:19:00,P-101,63.92492552109098,2.1098078667505353,4.961816867804947,97.01764890564564,11.612672614281324,0,normal
2026-01-04 06:20:00,P-101,64.710031265678,2.2533851699916383,4.963380979989211,96.09152085448636,11.833546557963452,0,normal
2026-01-04 06:21:00,P-101,65.21717259148997,2.067447897236715,5.017086880382887,95.29403624674542,11.948161809564192,0,normal
2026-01-04 06:22:00,P-101,65.0670864623228,2.3067433601686904,4.956222984421155,99.1115470199014,12.09075791751595,0,normal
2026-01-04 06:23:00,P-101,65.48556215293979,2.2864149566665826,5.003475711071716,98.9696076218479,11.970397960216344,0,normal
2026-01-04 06:24:00,P-101,64.04034432374898,2.2499579196855173,4.998118070250127,98.98561302740592,12.0780531847286,0,normal
2026-01-04 06:25:00,P-101,65.99330295943864,2.1514782881071737,4.93471612747705,97.73201075996748,11.770167544213862,0,normal
2026-01-04 06:26:00,P-101,65.45578858099645,2.072879315118227,5.010296305055217,100.51344500207584,12.326984436525947,0,normal
2026-01-04 06:27:00,P-101,65.923134708954,2.1654294393927302,5.041460883152747,97.12703840903352,12.112336772866891,0,normal
2026-01-04 06:28:00,P-101,65.47133442973258,2.2999539541154936,5.010410925491858,99.735549031002,11.723080913517029,0,normal
2026-01-04 06:29:00,P-101,64.89581886613703,2.2019522375035177,4.995501497794746,97.96406227628344,11.723901258665151,0,normal
2026-01-04 06:30:00,P-101,64.06003119742542,2.0326688824222043,4.92019326161988,96.95662447858663,11.69931438433622,0,normal
2026-01-04 06:31:00,P-101,64.6720782932203,2.091914420175943,5.129181989174048,99.13618695897064,12.109679602948423,0,normal
2026-01-04 06:32:00,P-101,65.93094848967749,2.3136274056071504,4.942865784521276,98.8250730443851,11.70780663804806,0,normal
2026-01-04 06:33:00,P-101,65.86422202677556,2.244641271635523,4.870740083565,98.74849258033233,11.896249910568352,0,normal
2026-01-04 06:34:00,P-101,64.61093033918407,2.0781623109261744,5.042918620322206,98.27057319069404,12.039058075004176,0,normal
2026-01-04 06:35:00,P-101,63.143252959902625,2.0205769356321457,4.972707913274412,98.0745106049802,11.929002131240118,0,normal
2026-01-04 06:36:00,P-101,64.90570745727675,2.1425193047771445,5.003390556795783,102.46034842620784,12.125587955928776,0,normal
2026-01-04 06:37:00,P-101,64.74165888945932,2.0067116454002347,4.964927384454664,100.31161490834712,11.796187904980664,0,normal
2026-01-04 06:38:00,P-101,64.87403579952901,2.1885751792684736,5.1260183010520715,99.49982773499627,12.10396570672934,0,normal
2026-01-04 06:39:00,P-101,65.28402383932571,2.4383594923990946,5.009010072462928,98.41887529605998,11.8299238803866,0,normal
2026-01-04 06:40:00,P-101,65.54733483499528,2.037766867679935,5.038977857557121,100.0495272041966,11.936561881246307,0,normal
2026-01-04 06:41:00,P-101,65.65181151253583,2.182325068756081,5.00326460409621,99.18815104454512,12.023190876917552,0,normal
2026-01-04 06:42:00,P-101,65.27930902098322,2.330003866664008,5.002125000929798,98.3221527988634,11.970280228272072,0,normal
2026-01-04 06:43:00,P-101,63.80753058103572,2.272398104376917,5.075382709362344,97.74789866231856,11.937232963672676,0,normal
2026-01-04 06:44:00,P-101,64.70644133212681,2.1769226323346533,4.964121160300569,98.16809865865076,11.794917595364172,0,normal
2026-01-04 06:45:00,P-101,66.39926839177481,2.17412056526522,4.824279601577156,92.62652297636068,11.718885807050984,0,normal
2026-01-04 06:46:00,P-101,65.230079866076,2.0829049061523284,5.0480839563633575,98.73201305674137,11.962397109869649,0,normal
2026-01-04 06:47:00,P-101,65.11650764684784,2.1592258432690823,5.009703297315087,97.49341844581198,11.649785506740942,0,normal
2026-01-04 06:48:00,P-101,65.21451147213678,2.222154998427873,5.020151843021675,101.2593256119722,11.945273175096489,0,normal
2026-01-04 06:49:00,P-101,65.28083081056884,2.3117495321491184,5.017425550153731,98.44728232453858,12.030954445542726,0,normal
2026-01-04 06:50:00,P-101,63.32262640660722,2.1233137889985887,4.9369716060863,96.29237015068922,11.633283783751608,0,normal
2026-01-04 06:51:00,P-101,64.9080799189104,2.188304570039665,4.98507706107694,98.36285802771424,12.182202071150275,0,normal
2026-01-04 06:52:00,P-101,65.02843609461162,2.1111433873846943,4.95667956022617,96.58985779963638,12.15161838650906,0,normal
2026-01-04 06:53:00,P-101,65.73893750506046,2.2117857174449926,4.952049189493558,99.3453367488523,11.731329987273552,0,normal
2026-01-04 06:54:00,P-101,65.1159127129484,2.288083697195914,5.073615387322488,99.03732925051386,12.242643804125445,0,normal
2026-01-04 06:55:00,P-101,63.92242848741968,2.262126045767097,4.903724372195794,100.258247611504,11.979031110602692,0,normal
2026-01-04 06:56:00,P-101,65.27873106405539,2.0828867910321947,5.136573269553354,97.13115175264464,11.99763746441075,0,normal
2026-01-04 06:57:00,P-101,64.42843318173104,2.2090770870129344,5.047781808680442,98.63664540359888,11.859769151682318,0,normal
2026-01-04 06:58:00,P-101,64.23316377012017,2.135020111383336,4.836933425825339,96.13917132545032,12.068784105208865,0,normal
2026-01-04 06:59:00,P-101,64.48496075953415,2.3042094746967026,4.983106031774216,99.8797674838581,12.077611828285477,0,normal
2026-01-04 07:00:00,P-101,65.29114298588863,2.176841897620554,4.983921752142487,99.57199662557356,11.824329247447686,0,normal
2026-01-04 07:01:00,P-101,65.73192155419275,2.038188865987173,5.022947195784311,99.55151317583626,11.75350499528203,0,normal
2026-01-04 07:02:00,P-101,65.19785580974298,2.1647570260538025,4.9175744885169665,98.68309674687474,11.668432415364398,0,normal
2026-01-04 07:03:00,P-101,65.41817474101937,2.246688359281981,4.996721508624361,99.44797345885856,12.021027559052309,0,normal
2026-01-04 07:04:00,P-101,65.36446238763202,2.23091294463283,5.007626367334017,101.61047252026026,12.162808457963754,0,normal
2026-01-04 07:05:00,P-101,65.09285419928334,2.1519051454146925,4.93067522586698,98.2308511247121,12.077118669497253,0,normal
2026-01-04 07:06:00,P-101,65.43440392777933,2.139346834161862,4.928777526345642,99.01501825486282,11.94685432872441,0,normal
2026-01-04 07:07:00,P-101,63.31354158419469,2.0881919187829183,5.032635744018037,96.83194187488724,11.673558965113743,0,normal
2026-01-04 07:08:00,P-101,64.99554190175726,2.1517632634989416,4.853696088169205,97.24568659721866,11.780955638311804,0,normal
2026-01-04 07:09:00,P-101,64.39102908129702,2.1224584294961595,5.023514334168757,99.00628086420338,12.200658153718487,0,normal
2026-01-04 07:10:00,P-101,65.73077248854486,2.2941384062052927,5.06421602235115,100.83903008696817,11.928245189689028,0,normal
2026-01-04 07:11:00,P-101,64.8977189876848,2.109128539335496,4.968825394343024,98.41244780267132,11.981056960216431,0,normal
2026-01-04 07:12:00,P-101,64.92876597771027,2.2017884142746422,4.988375864672591,98.47097658918416,11.738999200960547,0,normal
2026-01-04 07:13:00,P-101,64.02620842276167,2.2059452635928207,5.063296390783108,98.1851740804292,12.012871831504684,0,normal
2026-01-04 07:14:00,P-101,65.60766079988282,2.28847768444843,4.93043052886074,97.97701346114243,11.847773491498458,0,normal
2026-01-04 07:15:00,P-101,65.47570544135723,2.3167016475448956,4.952810304468196,99.4925974490434,12.194120466226456,0,normal
2026-01-04 07:16:00,P-101,65.3771967489742,2.271331922951319,4.928203367102474,96.28872247794254,12.04337321557964,0,normal
2026-01-04 07:17:00,P-101,64.45060834434244,2.232901199843549,5.094689567671754,101.3116775726124,11.940209137863391,0,normal
2026-01-04 07:18:00,P-101,64.46548773876799,2.0915186583023404,5.068765438369655,97.83048760877254,11.909581822793642,0,normal
2026-01-04 07:19:00,P-101,65.11043645999555,2.089124055752542,4.905787637309986,100.3499953722439,11.90027661315919,0,normal
2026-01-04 07:20:00,P-101,64.41547870076705,2.100219794301025,5.038306367727476,96.78695154156615,11.619721906937984,0,normal
2026-01-04 07:21:00,P-101,65.22580208840104,2.268691718552594,5.060316564995807,100.2992983551497,11.837490464745049,0,normal
2026-01-04 07:22:00,P-101,63.61271950398496,2.209311586628873,5.112025429915179,100.32737931836915,12.04946484509524,0,normal
2026-01-04 07:23:00,P-101,64.70410009896177,2.2892661881451057,5.025277462963119,99.8319900714272,12.060011601788732,0,normal
2026-01-04 07:24:00,P-101,66.15070518687645,2.298316323071921,4.970632345006927,97.37305534264269,11.950901240997808,0,normal
2026-01-04 07:25:00,P-101,65.2607105610328,2.124552784008424,5.076513821976829,99.6348653916813,11.928699350958713,0,normal
2026-01-04 07:26:00,P-101,65.14305878138023,2.207166621262585,5.019712062580944,97.07887971758198,12.098979712671657,0,normal
2026-01-04 07:27:00,P-101,66.28199484073063,2.197740356993842,5.144904469204689,98.77615802142786,11.975993121555025,0,normal
2026-01-04 07:28:00,P-101,63.54248009190814,2.174175510366616,5.078178288349578,101.10687392022504,12.17385698322594,0,normal
2026-01-04 07:29:00,P-101,64.35334731813894,2.133178519433383,5.017856741211956,100.7108382862282,11.666570122146345,0,normal
2026-01-04 07:30:00,P-101,64.45760284940347,2.286288740174165,4.9110826254237185,99.32699320500504,11.195329745826482,0,normal
2026-01-04 07:31:00,P-101,65.55225687921084,2.204549010129533,4.935015241223727,97.56794436273157,11.983795936449564,0,normal
2026-01-04 07:32:00,P-101,65.47477313599394,2.1905255074154737,4.904559433115278,100.50762815772391,11.73027571398742,0,normal
2026-01-04 07:33:00,P-101,64.41596046492951,2.1173067840295072,4.978980366959664,99.40347094839252,11.939613787909163,0,normal
2026-01-04 07:34:00,P-101,65.57728175191065,2.2593625507576927,5.016975431897456,95.21507003711572,11.796032692908549,0,normal
2026-01-04 07:35:00,P-101,64.85760980198386,2.1131766100011085,5.007977651019577,100.82346272132136,12.342184002122748,0,normal
2026-01-04 07:36:00,P-101,65.80920500340842,2.24796360965435,5.0654631383659785,99.39423695527736,12.061826419247042,0,normal
2026-01-04 07:37:00,P-101,64.35745939310277,2.2515003242206135,5.03988446134663,101.62543000058994,12.081934705377432,0,normal
2026-01-04 07:38:00,P-101,64.95232046196642,2.1624596952230064,4.946910797369667,97.51272576524472,12.092780003884076,0,normal
2026-01-04 07:39:00,P-101,64.64197448834764,2.2272604359288795,4.944027486827303,93.78937259654062,11.887380695264026,0,normal
2026-01-04 07:40:00,P-101,65.65472935128247,2.2149451970204224,5.033377243872863,100.03304754990064,11.909456027899331,0,normal
2026-01-04 07:41:00,P-101,64.73602289617135,2.204730301740626,5.010533611055821,100.0787973163368,12.216659105541016,0,normal
2026-01-04 07:42:00,P-101,64.85833386462238,2.188257301840812,4.975888769764591,96.53408737449564,11.674072595657211,0,normal
2026-01-04 07:43:00,P-101,65.32936774802786,2.2061713639818534,4.924559860487535,97.83933680186044,11.999829541562526,0,normal
2026-01-04 07:44:00,P-101,65.29421374687647,2.206110679599718,5.015525583813075,104.58339223800292,11.827987808312823,0,normal
2026-01-04 07:45:00,P-101,65.58131679625626,2.2065725004370784,5.149065142752321,99.09728870214964,12.013707432567688,0,normal
2026-01-04 07:46:00,P-101,65.16109887372728,2.092341325982014,5.095857886571689,100.98652322420403,12.068193625080706,0,normal
2026-01-04 07:47:00,P-101,64.82998196130733,2.196418191326779,4.8820615266568375,98.52303894335176,12.290982160683484,0,normal
2026-01-04 07:48:00,P-101,64.62067650631803,2.2091212247826837,4.793863471395642,95.95512984210876,11.565659116574906,0,normal
2026-01-04 07:49:00,P-101,64.9686890011881,2.204243386717147,4.999680230085146,99.43467605837358,11.862862846580445,0,normal
2026-01-04 07:50:00,P-101,65.2123314916037,2.3011003267572687,5.055408447652834,99.28653450430149,12.143132520443872,0,normal
2026-01-04 07:51:00,P-101,64.91802818807867,2.263573202856248,4.95428745350648,99.06833821260342,12.039113597657565,0,normal
2026-01-04 07:52:00,P-101,65.02095896406499,2.1139278168303877,5.067568860348861,99.60527493750055,12.024219258392518,0,normal
2026-01-04 07:53:00,P-101,63.95011923108789,2.176061202389962,5.007284143042744,100.3108323492248,11.818097829885035,0,normal
2026-01-04 07:54:00,P-101,65.38810258695308,2.1636459520332867,4.984470411775254,99.5884701356142,11.86949043445014,0,normal
2026-01-04 07:55:00,P-101,65.17974945758314,2.206653890743569,5.028998156836438,97.60700945041756,12.177218485157178,0,normal
2026-01-04 07:56:00,P-101,65.6558095788885,2.2002268668831912,4.970577697972612,100.78090034757707,12.013125171676526,0,normal
2026-01-04 07:57:00,P-101,64.98879424977686,2.2598595863482434,4.944135072932932,96.4204515459188,11.96768548560646,0,normal
2026-01-04 07:58:00,P-101,63.8227318545085,2.2123260112338463,5.009534054598663,96.26223462495297,11.864829372993292,0,normal
2026-01-04 07:59:00,P-101,64.69791710435504,2.3151581722242134,5.010871916283345,101.30696318779668,11.802591792583948,0,normal
2026-01-04 08:00:00,P-101,64.94499496294164,2.2326659609626485,5.142740704034877,100.91263648984363,12.214141179910309,0,normal
2026-01-04 08:01:00,P-101,65.51727604092721,2.120871107097172,5.04777027935525,99.92025004553284,12.098253978272483,0,normal
2026-01-04 08:02:00,P-101,63.78983757843745,2.1687594102541676,5.019370114417057,97.53531464337634,12.387186806774729,0,normal
2026-01-04 08:03:00,P-101,64.9430386052548,2.2508099835575166,4.98449907078832,98.7964396012875,11.760776912108517,0,normal
2026-01-04 08:04:00,P-101,65.38749252012937,2.044709302676714,5.05744570868366,99.62128813139869,12.153153228182058,0,normal
2026-01-04 08:05:00,P-101,64.44929908513478,2.0516138111603124,4.949869158942322,97.2451703038438,11.655046315907912,0,normal
2026-01-04 08:06:00,P-101,65.04703867767877,2.2009017745751325,5.0078771202608365,98.8110677676871,11.995801346565228,0,normal
2026-01-04 08:07:00,P-101,64.6748417043458,2.3045111187427683,4.949249938194235,101.33904514845536,12.235472672266294,0,normal
2026-01-04 08:08:00,P-101,64.40968210803022,2.3174354877238863,5.100336109599226,102.75752121430854,11.66829861320996,0,normal
2026-01-04 08:09:00,P-101,64.71447925744931,2.1759982435875,5.014911312838407,99.45689840300813,11.942720457241922,0,normal
2026-01-04 08:10:00,P-101,64.51539461492546,2.3034936584161905,5.154746477708376,101.5970563249525,11.93526974294005,0,normal
2026-01-04 08:11:00,P-101,65.36175717706648,2.1977873937549326,5.1355963965602465,96.81355097033632,11.764015069451064,0,normal
2026-01-04 08:12:00,P-101,64.56467420604173,2.051703407602504,5.068125733339921,101.46933717396004,12.121122645670672,0,normal
2026-01-04 08:13:00,P-101,64.47957249018764,2.206788231468595,4.99337643399331,98.85866622087568,12.18989712791079,0,normal
2026-01-04 08:14:00,P-101,66.1490895863348,2.138101867868029,4.942599734584685,100.88242504334748,11.999817008254594,0,normal
2026-01-04 08:15:00,P-101,65.63788496493001,2.293354968875705,5.062399064623538,99.90665783954202,12.038297020698264,0,normal
2026-01-04 08:16:00,P-101,63.82692174992786,2.2016502378909903,5.042247368655705,102.7527449183038,12.105444098160962,0,normal
2026-01-04 08:17:00,P-101,64.49069334545077,2.070813573213486,5.0259162372264905,98.8253798485678,11.965122096728315,0,normal
2026-01-04 08:18:00,P-101,65.09764709480987,2.0431766518451564,5.1366090674361775,101.55239503142404,11.8287033234003,0,normal
2026-01-04 08:19:00,P-101,65.28743240643252,2.2067010457136464,4.941719408471135,99.942903867757,12.219976036377288,0,normal
2026-01-04 08:20:00,P-101,64.05377902515653,1.960561040040944,4.937142243553339,100.18435353470328,12.064569679672866,0,normal
2026-01-04 08:21:00,P-101,65.7824063217209,2.1515364711756546,4.9850664196342525,100.16162353202,12.083825003961117,0,normal
2026-01-04 08:22:00,P-101,65.46937274342014,2.215443246397378,5.047419837610115,98.99357571274882,11.808505345577348,0,normal
2026-01-04 08:23:00,P-101,65.28648347609202,2.0912409113391273,5.043976747886489,100.51360410714756,11.923564043616578,0,normal
2026-01-04 08:24:00,P-101,65.87426258513447,2.2985288946815725,4.941795575620675,100.4493771439379,11.97825447477598,0,normal
2026-01-04 08:25:00,P-101,65.19730455246807,2.308051061523295,5.063153737180979,101.0195034131805,11.723760163705643,0,normal
2026-01-04 08:26:00,P-101,65.1814001158072,2.085738195501204,4.923519814160638,100.76047114831668,11.685207269409965,0,normal
2026-01-04 08:27:00,P-101,65.9921511289618,2.1678709656977624,4.962036137483239,102.06780546876594,11.941884577935266,0,normal
2026-01-04 08:28:00,P-101,65.77669500607126,2.306429575543376,5.015085440127505,102.31674523307488,12.174006510280725,0,normal
2026-01-04 08:29:00,P-101,64.39455649353624,2.1931876856406323,4.949122630994907,98.78628182131726,11.83296097665353,0,normal
2026-01-04 08:30:00,P-101,65.36403383152802,2.05511865252053,5.084931430131877,102.26412659263111,11.86416275826079,0,normal
2026-01-04 08:31:00,P-101,64.49636999799415,2.177455791454105,5.00592468994709,98.58781961370136,11.794697457763506,0,normal
2026-01-04 08:32:00,P-101,65.314770696229,2.113229480697425,5.141631385035333,101.80421026014248,11.963057823175212,0,normal
2026-01-04 08:33:00,P-101,65.30481483045006,2.3102501954582646,5.001541003743832,101.88439793186416,11.985760145391904,0,normal
2026-01-04 08:34:00,P-101,64.22452086037956,2.274738879543996,4.964958336876184,97.3512487449036,12.35364175278842,0,normal
2026-01-04 08:35:00,P-101,65.0049314785721,2.178239291293354,5.094543622567805,100.98168399334816,12.240374645497909,0,normal
2026-01-04 08:36:00,P-101,65.24408489648471,2.222405410528141,4.993572346922026,99.99368031406912,12.20476523187842,0,normal
2026-01-04 08:37:00,P-101,64.79289686138888,2.077929040649618,5.099518329278525,99.4937961938997,12.218529958671668,0,normal
2026-01-04 08:38:00,P-101,65.16943738099565,2.120608073394713,5.070994526436465,103.31365517095512,11.899645481261842,0,normal
2026-01-04 08:39:00,P-101,65.4354119419818,2.345222591561375,4.832584861374886,99.72799142668612,11.747366819803135,0,normal
2026-01-04 08:40:00,P-101,64.89712709920511,2.1958671899385496,5.077185654097586,99.47557251071235,11.76289311701456,0,normal
2026-01-04 08:41:00,P-101,65.25080474802633,2.304987447698104,5.074747694853926,101.08568179355392,12.299471680474184,0,normal
2026-01-04 08:42:00,P-101,65.8840832707179,2.221470751087261,5.088651420407054,102.20581379793158,11.956736056161448,0,normal
2026-01-04 08:43:00,P-101,65.22774283155061,2.322304190297722,4.873621975607527,100.73904621056948,11.771900149869229,0,normal
2026-01-04 08:44:00,P-101,65.1330807020739,2.0004070940298484,4.984747510140432,103.11568074294053,12.007271182244253,0,normal
2026-01-04 08:45:00,P-101,64.38148414332215,2.181662326179704,4.978731735278704,101.99410736276783,12.01210211454011,0,normal
2026-01-04 08:46:00,P-101,65.42492210019749,2.363193043798181,4.912517945828984,97.1396441558212,11.967871979413548,0,normal
2026-01-04 08:47:00,P-101,65.23352265397868,2.297780222055941,5.123228496684079,100.1293919451503,12.054071962496918,0,normal
2026-01-04 08:48:00,P-101,65.7774351001666,2.3260234508230964,5.0001068301445555,100.09305787922098,11.837155623601928,0,normal
2026-01-04 08:49:00,P-101,65.09935251313652,2.2071957074902797,5.017331698314447,101.9890964298488,12.196804171398208,0,normal
2026-01-04 08:50:00,P-101,63.73712871330442,2.136883865703407,5.002874377678323,96.42337959562188,11.764862681118624,0,normal
2026-01-04 08:51:00,P-101,63.944441097352374,2.1029429439844347,5.0974311221428215,105.75800053905648,12.141484748830688,0,normal
2026-01-04 08:52:00,P-101,65.54881323312756,2.098378132169133,4.7880304166833305,102.14729064271393,12.201773533382088,0,normal
2026-01-04 08:53:00,P-101,64.5999972580733,2.277348695829663,4.969565062735925,101.48100903363806,11.916065990220272,0,normal
2026-01-04 08:54:00,P-101,65.27933877070753,2.25079993161188,4.934718449208308,103.3613649653698,11.986970664244868,0,normal
2026-01-04 08:55:00,P-101,65.17315082573565,2.204645467273719,5.0827669915975875,105.474556507675,12.282570305168877,0,normal
2026-01-04 08:56:00,P-101,64.86138205290362,2.2473708182742733,5.00822434934616,102.84468183495434,11.913793819727626,0,normal
2026-01-04 08:57:00,P-101,64.94199777655658,2.214774617298226,5.03114194269719,103.00648131821016,12.01323603482549,0,normal
2026-01-04 08:58:00,P-101,64.49272689949645,2.302533779028616,4.8700542131137,101.55505955360364,12.157800222216688,0,normal
2026-01-04 08:59:00,P-101,65.14493596292824,2.3130048424294483,4.989172239331193,101.08618950595285,12.44340417346578,0,normal
2026-01-04 09:00:00,P-101,64.66776575086713,2.0988624736296297,5.083114514628395,100.5055397000098,12.136247091952844,0,normal
2026-01-04 09:01:00,P-101,64.79002522148205,2.231020822697124,5.097620679202354,99.8959215385202,12.091405598753608,0,normal
2026-01-04 09:02:00,P-101,64.82853945446102,2.0375603345259607,5.051992080001075,100.16716406332264,12.111175238634225,0,normal
2026-01-04 09:03:00,P-101,64.76695852393598,2.203508833737077,4.896453113796576,98.99356843379442,11.755168998200425,0,normal
2026-01-04 09:04:00,P-101,65.62124578875347,2.2629256327728844,5.10124505032017,101.30869241107207,12.062380120068145,0,normal
2026-01-04 09:05:00,P-101,64.89710365873097,2.0665100881165728,5.035014778704835,98.43346208548336,11.94705056489722,0,normal
2026-01-04 09:06:00,P-101,65.7071327069716,2.1631224336754062,5.0100970251030414,101.8300257487559,12.119217680537227,0,normal
2026-01-04 09:07:00,P-101,66.02289599783755,2.203614383947732,4.872661473033856,101.4414015049539,12.066543655643793,0,normal
2026-01-04 09:08:00,P-101,65.60110488234135,2.228579018397893,5.084667724389848,101.79160778434716,12.129688169013836,0,normal
2026-01-04 09:09:00,P-101,65.33198081327419,2.1703769171609064,4.9646235655893545,100.60752086881917,11.955932187084736,0,normal
2026-01-04 09:10:00,P-101,65.29115492616528,2.091767069331075,5.095290051078561,107.10584436047274,12.224897114288542,0,normal
2026-01-04 09:11:00,P-101,65.51891049030266,2.1896195460275147,5.045145026477038,104.03574562324712,11.875506655486015,0,normal
2026-01-04 09:12:00,P-101,65.0290476614176,2.0314571497436207,5.1013606877585245,99.36730388478448,11.917037660942952,0,normal
2026-01-04 09:13:00,P-101,65.7588168635018,2.190318309318028,5.011689182653752,102.04648716735775,12.339561324656062,0,normal
2026-01-04 09:14:00,P-101,65.4272882598777,2.159076294223382,5.004468622661055,100.5526573967072,12.080341389826868,0,normal
2026-01-04 09:15:00,P-101,64.76296602338128,2.186214840986176,5.108909549243359,99.84064719098546,11.991035208252947,0,normal
2026-01-04 09:16:00,P-101,65.70740996566272,2.1583657329491066,4.94666564699282,99.27412040553332,12.357448267416869,0,normal
2026-01-04 09:17:00,P-101,64.99028214915782,2.041325647072655,5.081839355554239,102.48367559556944,11.802343272206867,0,normal
2026-01-04 09:18:00,P-101,64.85858688516731,2.1550882610970845,4.9910822127285535,100.4985313330046,11.793064828900894,0,normal
2026-01-04 09:19:00,P-101,64.84696677169015,2.310967295469388,4.964685326621703,103.48632639620486,12.4471320741414,0,normal
2026-01-04 09:20:00,P-101,65.14842723594374,2.330776364378911,5.035602906500783,103.55216374303222,12.115757099500753,0,normal
2026-01-04 09:21:00,P-101,65.67540168284006,2.447099254480112,5.090973448773426,104.25540908208671,12.079145665204644,0,normal
2026-01-04 09:22:00,P-101,65.49666982809774,2.359891763635454,5.097429333768798,100.26696449704426,11.768168069892198,0,normal
2026-01-04 09:23:00,P-101,65.28913961109463,2.087098623647052,5.129985630496714,102.6757051522516,12.16981040784655,0,normal
2026-01-04 09:24:00,P-101,65.45914051422281,2.167084485330052,5.009137902313363,102.97713875091507,12.198206136432946,0,normal
2026-01-04 09:25:00,P-101,65.76052780112502,2.190169994988834,4.9409301650851685,101.00376113274235,11.811213961815293,0,normal
2026-01-04 09:26:00,P-101,64.89781127343026,2.1909056580270665,4.982553661486576,100.48653844569994,11.986541036260911,0,normal
2026-01-04 09:27:00,P-101,64.30179844310287,2.2100186410350524,4.965204803114338,104.79119558474488,12.076632701135734,0,normal
2026-01-04 09:28:00,P-101,65.8880313318938,2.4455930767807827,5.008000611496483,102.32176454556377,12.120848365650668,0,normal
2026-01-04 09:29:00,P-101,64.60958526945215,2.086530974937574,5.006834525601442,103.07510954548248,11.868403237920344,0,normal
2026-01-04 09:30:00,P-101,64.64383691854124,2.139224794803116,5.0556103875279765,100.46860732370028,12.26444771061364,0,normal
2026-01-04 09:31:00,P-101,63.89417975271082,2.3714349694292847,4.8432994221359476,99.77148847299544,12.176309410509385,0,normal
2026-01-04 09:32:00,P-101,65.3559804184653,2.1366471724239147,4.958236703792787,100.95892600188516,11.95613266830999,0,normal
2026-01-04 09:33:00,P-101,63.9495787371622,2.239760687104559,4.966996816723184,101.7783098034118,12.01006555177468,0,normal
2026-01-04 09:34:00,P-101,64.50386836052765,2.3024984896185097,5.084133322951144,100.1034415282581,11.97581881579222,0,normal
2026-01-04 09:35:00,P-101,65.34906847432514,2.2448458511463847,4.94221770939221,102.01868158102812,11.904898736829542,0,normal
2026-01-04 09:36:00,P-101,65.42785924057124,2.2144463263394845,5.0060093349680574,99.01433197926278,11.881744075730875,0,normal
2026-01-04 09:37:00,P-101,64.55804739570364,2.2917645160603106,4.9915776945931905,100.05466836025754,11.947585977272803,0,normal
2026-01-04 09:38:00,P-101,65.06030259908952,2.1275505456791706,5.105966763245299,103.29537863667532,12.421435033241686,0,normal
2026-01-04 09:39:00,P-101,64.53258672016416,2.161766334173619,5.073622402653866,103.19141721381278,12.28506617808047,0,normal
2026-01-04 09:40:00,P-101,64.72383531017785,2.2627401271042453,5.022646482886059,101.41594216586329,12.229409206443222,0,normal
2026-01-04 09:41:00,P-101,65.2021470799143,1.9963826067431345,4.964232716783206,100.30593980043707,12.083163316613993,0,normal
2026-01-04 09:42:00,P-101,64.59891981941281,2.3330858292636707,4.873386549787736,100.30505250054276,11.785686173230037,0,normal
2026-01-04 09:43:00,P-101,64.85409352476154,2.231805900477005,5.032284260846828,101.49882649487098,12.036666573930653,0,normal
2026-01-04 09:44:00,P-101,64.1510187603774,2.227083529955693,5.0706046775693485,103.34703916722574,12.294508866939449,0,normal
2026-01-04 09:45:00,P-101,65.68901798568191,2.0315311669282283,4.928497364854043,103.87380977272684,11.864561367308347,0,normal
2026-01-04 09:46:00,P-101,65.39001593973354,2.0780216765082944,4.926892770107685,101.32513616106829,12.167064726206702,0,normal
2026-01-04 09:47:00,P-101,65.6796342933941,2.1789125823356192,5.01924705616604,100.15839580300226,12.469273719142622,0,normal
2026-01-04 09:48:00,P-101,65.94179436966928,2.292516460305939,5.051064435605058,102.73245175705078,12.294336881909471,0,normal
2026-01-04 09:49:00,P-101,64.57082023652679,2.0045908108523123,4.938489513190846,100.783482489729,12.306310301804269,0,normal
2026-01-04 09:50:00,P-101,64.79648511160467,2.282201225857493,4.973299101518737,101.34836314684992,12.084118644493929,0,normal
2026-01-04 09:51:00,P-101,63.88527333681941,2.1773586591032026,4.918265247332729,104.68194660326591,12.334044787850974,0,normal
2026-01-04 09:52:00,P-101,67.03092881530901,2.176475244010698,5.1344119482643835,103.80034749974575,11.970439782121565,0,normal
2026-01-04 09:53:00,P-101,64.98589384231907,2.234859213857694,4.935117201399901,102.61084099156932,12.237497992215324,0,normal
2026-01-04 09:54:00,P-101,65.72152459303908,2.232229033281142,5.03847652758752,100.05183702001209,12.132432737412516,0,normal
2026-01-04 09:55:00,P-101,64.24422191681252,2.1343601879355494,5.0249173974101575,102.7364646140894,12.140076173230216,0,normal
2026-01-04 09:56:00,P-101,65.78474710173397,2.278158965997286,5.133104034979179,104.28324816054462,12.391698928760038,0,normal
2026-01-04 09:57:00,P-101,66.1876604020217,1.9658003382617188,4.961629138123612,101.70869246178457,11.94350380628406,0,normal
2026-01-04 09:58:00,P-101,64.99844961002175,2.1592589224163703,5.052598283098201,104.83105933743737,12.107520276828389,0,normal
2026-01-04 09:59:00,P-101,64.39938008859474,2.221819954760889,4.928510800622815,104.74006842694304,12.16129446107995,0,normal
2026-01-04 10:00:00,P-101,64.89463815725946,2.163774304807017,4.918520822224048,105.4217700809831,11.956730908211613,0,normal
2026-01-04 10:01:00,P-101,63.59988800609453,2.0227127407253143,5.071645980633171,102.9902629762588,12.135094278047813,0,normal
2026-01-04 10:02:00,P-101,64.89192193465425,2.266265399626728,4.910165733384379,103.51175421192588,11.761566543767008,0,normal
2026-01-04 10:03:00,P-101,65.65955677403053,2.089553005470391,5.034159359320169,105.01345867305857,12.3597946670774,0,normal
2026-01-04 10:04:00,P-101,65.0145309303171,2.197565559151156,5.1036561894535835,103.28655080954783,12.10792399759963,0,normal
2026-01-04 10:05:00,P-101,64.7955647543292,2.2130469414069944,5.06818981435548,101.59218744288523,11.943587042505804,0,normal
2026-01-04 10:06:00,P-101,65.3023635948849,2.1973477804522012,4.970479465627145,101.70004497835464,11.884126626891616,0,normal
2026-01-04 10:07:00,P-101,65.407167254018,2.3185640758436157,4.918301576236324,102.94967957848957,12.041574581430847,0,normal
2026-01-04 10:08:00,P-101,63.97144428290424,2.2004317895472143,5.037764372485916,100.20997321700284,12.143951138664567,0,normal
2026-01-04 10:09:00,P-101,65.12009713226438,2.2498726498163415,5.116834620773102,102.28766459728897,12.17817773366618,0,normal
2026-01-04 10:10:00,P-101,66.58158558015123,2.1942033394737006,4.998960387552174,104.53170530587674,11.99484356972061,0,normal
2026-01-04 10:11:00,P-101,64.05858856730208,2.252878365785004,4.9300270561564785,98.62589562449764,11.789568934209402,0,normal
2026-01-04 10:12:00,P-101,65.04657575367543,2.3510178719924,5.0166998012415895,105.34429386424196,12.291708557191187,0,normal
2026-01-04 10:13:00,P-101,66.26002200712043,2.2135127004085704,5.086156748908759,104.61441391522617,11.993962936533778,0,normal
2026-01-04 10:14:00,P-101,65.74057987740456,2.2807982958327195,5.103779414797241,101.77831823481972,12.065331501860491,0,normal
2026-01-04 10:15:00,P-101,64.71270869334184,2.350837640442079,4.94918343831724,103.59559151138764,12.132618673846483,0,normal
2026-01-04 10:16:00,P-101,65.18349549843548,2.341376424889517,4.9214661328329035,102.63458594856296,12.141450004802238,0,normal
2026-01-04 10:17:00,P-101,65.10967514998227,2.17416223015001,5.212341468115902,104.85417255806304,12.317279262778266,0,normal
2026-01-04 10:18:00,P-101,64.47175725035635,2.2988436839362807,5.031788670320217,104.42012654725198,11.880011209044094,0,normal
2026-01-04 10:19:00,P-101,64.81944716427546,2.209758377049974,5.019123626092806,100.14211303944845,11.622031526131355,0,normal
2026-01-04 10:20:00,P-101,64.81746666911619,2.3116595318237256,4.988865760324771,103.73009191680062,11.99841330125835,0,normal
2026-01-04 10:21:00,P-101,65.22368558801918,2.2740518901585003,5.057432399491253,102.31350378295625,12.429710795055124,0,normal
2026-01-04 10:22:00,P-101,64.6849565237762,2.2471560180293753,5.09563607477125,102.84318135421442,12.48973026064391,0,normal
2026-01-04 10:23:00,P-101,64.31301395659129,2.259719012234672,5.034922291306016,101.39365592959106,12.40804510500091,0,normal
2026-01-04 10:24:00,P-101,65.02120064431077,2.2310132981199864,5.180471344209166,105.86112788181556,12.13723756290233,0,normal
2026-01-04 10:25:00,P-101,66.03834246444892,2.2206922328145327,5.023093286677123,104.59654079729988,11.781473207522032,0,normal
2026-01-04 10:26:00,P-101,64.9041466931701,2.1670555972103007,4.995624444235074,101.402621734755,11.573470831712282,0,normal
2026-01-04 10:27:00,P-101,64.74506735744909,2.170325087511202,5.019613668458993,100.34152238695742,11.88743803929884,0,normal
2026-01-04 10:28:00,P-101,65.49791067714813,2.3772037676656224,5.053137846598346,102.05905314129184,12.022156868208882,0,normal
2026-01-04 10:29:00,P-101,65.0253547625225,2.262411363763631,5.051402720378257,103.54464120338744,12.366464316312811,0,normal
2026-01-04 10:30:00,P-101,66.30860987911609,2.1534567623931644,4.942131039279515,103.20400911663708,12.2696813654076,0,normal
2026-01-04 10:31:00,P-101,65.06625541763839,2.1801209481347725,5.0722381503487215,105.0362088715032,12.19656728194342,0,normal
2026-01-04 10:32:00,P-101,65.43725139914162,2.3035605091263744,5.015919698639663,104.21118495759028,11.94836659453948,0,normal
2026-01-04 10:33:00,P-101,64.48995556618296,2.1241468621041206,5.004763022172621,104.54314131578452,11.944138327824556,0,normal
2026-01-04 10:34:00,P-101,65.3804410068065,2.057903859491777,5.03622046196861,103.3946718135884,12.15266569182194,0,normal
2026-01-04 10:35:00,P-101,65.23089960961279,2.065108097322579,4.935831774820832,100.31383629338768,12.148825284569575,0,normal
2026-01-04 10:36:00,P-101,65.01664174931209,2.033201952018444,4.945226456836856,102.47038495079823,12.152487800973065,0,normal
2026-01-04 10:37:00,P-101,64.65119192731838,2.0675281681254054,4.864304153038932,104.73869802392018,11.935241348796277,0,normal
2026-01-04 10:38:00,P-101,64.65965503179535,2.090413364816422,5.149761761047075,102.74551480513828,12.212498969912565,0,normal
2026-01-04 10:39:00,P-101,65.25273231338157,2.3464326615945046,5.076414824811203,103.75136324739924,12.19772309084226,0,normal
2026-01-04 10:40:00,P-101,65.35779770997453,2.189552054582283,5.014620737322983,102.27942258144242,11.854249396205237,0,normal
2026-01-04 10:41:00,P-101,64.8730120769784,2.1586071197514247,4.9633613853137515,101.00670118958168,11.8733368416274,0,normal
2026-01-04 10:42:00,P-101,65.2626951493035,2.0643410931695696,4.82513133754787,102.645359729112,12.217059986785673,0,normal
2026-01-04 10:43:00,P-101,64.99496022475986,2.187927904886714,4.983308019622954,103.43050409584572,12.056013615846194,0,normal
2026-01-04 10:44:00,P-101,65.19313898050406,2.041021143951073,5.067117075221487,101.70064316200023,12.368848755187296,0,normal
2026-01-04 10:45:00,P-101,64.93065220800483,2.170023019642223,5.090583055937761,102.46308546861891,12.174118419271483,0,normal
2026-01-04 10:46:00,P-101,64.99024569682403,2.403999555582612,5.056986823750217,101.20263841979862,11.938752914956105,0,normal
2026-01-04 10:47:00,P-101,66.80461353705947,2.2721960424567085,5.060231848479334,104.91444115766608,12.145392114651797,0,normal
2026-01-04 10:48:00,P-101,65.2319442874666,2.1823781260493216,5.1150284814124705,102.37572911972742,12.083948552119368,0,normal
2026-01-04 10:49:00,P-101,65.4264837347704,2.2706170133166617,5.032267188470129,105.52647940163276,12.02011631940064,0,normal
2026-01-04 10:50:00,P-101,65.28035715645858,2.147347603672422,5.132651783051072,105.66885589216666,11.987548037129477,0,normal
2026-01-04 10:51:00,P-101,64.90742105037988,2.12887530977185,5.000845603183689,102.7766374244104,12.223577101494213,0,normal
2026-01-04 10:52:00,P-101,65.91194381638846,2.3785102004102985,4.949445534050867,101.11254256723102,12.20243093642535,0,normal
2026-01-04 10:53:00,P-101,64.84437918024202,2.0896166067244457,4.921381927704167,99.17818363337436,12.096101802911823,0,normal
2026-01-04 10:54:00,P-101,65.7948817412697,2.177056023227356,4.928365267522064,100.28800170041708,12.311703669877271,0,normal
2026-01-04 10:55:00,P-101,64.74977058287811,2.226832486135929,5.050829293580095,100.4694531563921,11.905728947489443,0,normal
2026-01-04 10:56:00,P-101,64.55021194053832,2.1262844740507645,5.002288880839372,105.42810708161676,12.497697365662727,0,normal
2026-01-04 10:57:00,P-101,65.20761959356524,2.2616447305873364,4.959284682286125,103.15967014385711,11.914605880604883,0,normal
2026-01-04 10:58:00,P-101,64.24947204837706,2.165627002375023,5.086527626594594,103.6566161218299,11.907161370981198,0,normal
2026-01-04 10:59:00,P-101,65.21407558904254,2.2510663976460275,5.012583226887519,98.96252995544626,11.616884122233538,0,normal
2026-01-04 11:00:00,P-101,64.20106181878931,2.2560001260034706,5.07544869329115,100.80672544919436,11.935042700710468,0,normal
2026-01-04 11:01:00,P-101,64.80529994909988,2.177145091955386,5.081515996727464,104.56340309383684,12.036157625449215,0,normal
2026-01-04 11:02:00,P-101,64.14279708281884,2.379456882751662,4.9821448331405715,103.48626437543832,12.20977538731408,0,normal
2026-01-04 11:03:00,P-101,66.88121838430007,2.138667542878176,5.03241046655744,102.70832974046384,12.130028080538006,0,normal
2026-01-04 11:04:00,P-101,63.883345283947,2.330134932506029,5.048689912848114,103.99306034942366,11.881197136278882,0,normal
2026-01-04 11:05:00,P-101,65.0410863294979,2.321459884061689,4.994895308125912,105.92364142190924,12.099163994972114,0,normal
2026-01-04 11:06:00,P-101,65.74427750437435,2.3772173323157415,4.948516316133409,102.58400643199884,12.003227788742429,0,normal
2026-01-04 11:07:00,P-101,65.58197912502997,2.206928836442691,4.983441908062457,103.1092420700697,11.738080812709711,0,normal
2026-01-04 11:08:00,P-101,65.51970639217062,2.117293887408125,5.175894368442302,103.33336034752558,11.903811465023091,0,normal
2026-01-04 11:09:00,P-101,64.81643798247927,2.4102666796556083,5.044053998134212,107.294608472972,12.064675528066342,0,normal
2026-01-04 11:10:00,P-101,65.97028662912159,2.1770531462312253,5.078419782649521,99.21191072524512,12.263082325721545,0,normal
2026-01-04 11:11:00,P-101,65.65144001220506,2.125244120236148,5.009416862495101,104.22230981586868,12.16495943766753,0,normal
2026-01-04 11:12:00,P-101,65.21361464369959,2.189663598806121,5.090093078742984,102.7874361375185,12.216056834915056,0,normal
2026-01-04 11:13:00,P-101,65.0936373999164,2.0946606320864785,5.103330979883881,104.01565639948316,11.820742592554652,0,normal
2026-01-04 11:14:00,P-101,64.90508598265178,2.264344677209681,5.084815325833597,101.8133990276954,12.293244867433662,0,normal
2026-01-04 11:15:00,P-101,64.53035360317857,2.153333438392154,5.056243414472397,102.90955005317696,12.347506914200128,0,normal
2026-01-04 11:16:00,P-101,65.70919410296446,2.160399693741318,5.139206247756031,104.27905872413508,11.728702768295127,0,normal
2026-01-04 11:17:00,P-101,65.89388828451848,2.301458239158209,5.11250883438002,108.60240565253292,12.117008824792816,0,normal
2026-01-04 11:18:00,P-101,64.5068006463445,2.2716803596477857,5.164488031437506,104.4540950383687,12.232775965754165,0,normal
2026-01-04 11:19:00,P-101,64.96061742306568,2.208481632161047,4.9013395077416035,101.47338939647943,12.17307937260202,0,normal
